event_type,query,zone,source,latency,retry_count,query_id,timestamp
retry,q1_count,Z2,,0.0,1,b29f8302-6987-43d9-85a0-d65f2c776a03,2026-06-03 05:43:58.491790
retry,q4_compare,Z4,,0.0,1,71a85012-7cc2-44e4-91b6-ce7ce07264e5,2026-06-03 05:43:58.999799
processed,q5_confidence_dist,Z2,generator,1195.4948902130127,0,f37f018e-d38d-49a6-b12c-1c070e41d658,2026-06-03 05:43:59.011306
processed,q2_area,Z1,generator,1153.8009643554688,0,4e09ecb6-a523-46d2-8e2b-371937e91964,2026-06-03 05:43:59.019684
retry,q5_confidence_dist,Z5,,0.0,1,eeacb380-322d-421c-8a75-f6e9643fafc8,2026-06-03 05:43:59.526564
processed,q4_compare,Z4,generator,1576.936960220337,1,71a85012-7cc2-44e4-91b6-ce7ce07264e5,2026-06-03 05:43:59.543826
recovered,q4_compare,Z4,generator,1576.936960220337,1,71a85012-7cc2-44e4-91b6-ce7ce07264e5,2026-06-03 05:43:59.546023
retry,q5_confidence_dist,Z5,,0.0,2,eeacb380-322d-421c-8a75-f6e9643fafc8,2026-06-03 05:44:00.551856
retry,q1_count,Z2,,0.0,2,b29f8302-6987-43d9-85a0-d65f2c776a03,2026-06-03 05:44:01.557995
retry,q1_count,Z5,,0.0,1,d7500ec4-89fa-492e-a58f-f1a6826af95c,2026-06-03 05:44:02.063941
processed,q1_count,Z1,generator,3451.000452041626,0,0e0f184b-8c43-4f47-94d2-ec0f4595de37,2026-06-03 05:44:02.069629
processed,q4_compare,Z5,generator,2705.2037715911865,0,4b97ecc7-6ec2-4ef9-81f0-adf4793c313c,2026-06-03 05:44:02.078120
retry,q4_compare,Z2,,0.0,1,e60acb73-221b-4d1d-9207-730e0ee31daf,2026-06-03 05:44:02.584606
retry,q3_density,Z4,,0.0,1,be53d42d-7423-46ce-a8ad-ff452e5787d1,2026-06-03 05:44:03.090461
retry,q2_area,Z4,,0.0,1,89b04bb7-f895-4e6d-8521-f2e84f9b9704,2026-06-03 05:44:03.596372
processed,q4_compare,Z1,generator,5388.181924819946,0,50c41fc3-c952-4cbd-8f71-0112cea6d91b,2026-06-03 05:44:03.605216
retry,q5_confidence_dist,Z3,,0.0,1,d09e04e2-70ea-4b45-9e7d-180bee86b626,2026-06-03 05:44:04.110835
processed,q2_area,Z5,generator,5097.2912311553955,0,8d33dfaf-ddbc-4b2a-8121-a808a188a3ed,2026-06-03 05:44:04.118434
retry,q5_confidence_dist,Z5,,0.0,1,1bf937dc-5595-4606-9cd5-e366f169336f,2026-06-03 05:44:04.624608
processed,q4_compare,Z4,generator,5662.357330322266,0,9d33483d-d674-4bfd-8d8b-bd0eacb94979,2026-06-03 05:44:04.633530
retry,q1_count,Z1,,0.0,1,67065381-1043-43d0-bf8b-62408f8f04d5,2026-06-03 05:44:05.139032
retry,q5_confidence_dist,Z3,,0.0,1,81bd37bf-122e-4480-9e6b-61ecfec892cd,2026-06-03 05:44:05.644278
retry,q3_density,Z2,,0.0,1,0c7f99ab-f157-4818-b69e-4422be7e6e9f,2026-06-03 05:44:06.149864
retry,q3_density,Z4,,0.0,1,d27a1a53-5c4b-409d-9b02-3bdedbb94d93,2026-06-03 05:44:06.655732
retry,q1_count,Z1,,0.0,1,aa06e731-9ea1-4f53-b1ba-1e69e5812d09,2026-06-03 05:44:07.161361
processed,q5_confidence_dist,Z1,generator,8900.164127349854,0,a710e3f3-6f40-41b4-9eb1-251fa0edac5a,2026-06-03 05:44:07.167154
retry,q2_area,Z4,,0.0,1,1de69fc2-3fcf-4162-90f7-54a1b8357a63,2026-06-03 05:44:07.671966
retry,q1_count,Z5,,0.0,1,18077750-bdf5-473b-a701-b66f6dca6575,2026-06-03 05:44:08.177242
processed,q1_count,Z3,generator,9012.032747268677,0,db909677-9347-4112-9dad-8132fb78f366,2026-06-03 05:44:08.183703
processed,q3_density,Z3,generator,8716.420888900757,0,6d284059-cdfd-4544-8888-33458c28557c,2026-06-03 05:44:08.189447
retry,q1_count,Z4,,0.0,1,f8b2e345-dbd7-4bc2-9749-fd702055a3bc,2026-06-03 05:44:08.694378
retry,q4_compare,Z1,,0.0,1,ee0e77fd-cc2d-4f26-9cc5-4dfcbbb9a959,2026-06-03 05:44:09.199919
retry,q5_confidence_dist,Z3,,0.0,1,d4fce45f-0bc3-4d15-9e65-656feef271aa,2026-06-03 05:44:09.705694
retry,q2_area,Z4,,0.0,1,17884223-58a6-4b0e-92cf-1fd0bbdcbd0e,2026-06-03 05:44:10.211879
retry,q2_area,Z1,,0.0,1,25320aee-73b4-426a-a340-0d23b6034b10,2026-06-03 05:44:10.717965
retry,q1_count,Z1,,0.0,1,e8317035-dd48-4a0d-ba7a-b12599456828,2026-06-03 05:44:11.223529
retry,q2_area,Z4,,0.0,1,a2fd24c1-da18-464a-ba49-0ed2c3fcf8a1,2026-06-03 05:44:11.729041
retry,q3_density,Z1,,0.0,1,0cb033f1-59df-4dee-b485-b76428d9b9fc,2026-06-03 05:44:12.233551
processed,q3_density,Z5,generator,13368.730545043945,0,39a69dfb-3338-466e-8714-ac302cb15c8d,2026-06-03 05:44:12.238757
retry,q3_density,Z4,,0.0,1,2cc2bdfa-fa7e-437f-b37d-0f239d7e4290,2026-06-03 05:44:12.742961
processed,q3_density,Z4,generator,14054.235935211182,1,be53d42d-7423-46ce-a8ad-ff452e5787d1,2026-06-03 05:44:12.773873
recovered,q3_density,Z4,generator,14054.235935211182,1,be53d42d-7423-46ce-a8ad-ff452e5787d1,2026-06-03 05:44:12.775298
retry,q2_area,Z4,,0.0,2,1de69fc2-3fcf-4162-90f7-54a1b8357a63,2026-06-03 05:44:13.769127
retry,q2_area,Z4,,0.0,2,89b04bb7-f895-4e6d-8521-f2e84f9b9704,2026-06-03 05:44:13.775923
retry,q1_count,Z1,,0.0,2,67065381-1043-43d0-bf8b-62408f8f04d5,2026-06-03 05:44:13.780985
processed,q1_count,Z1,generator,14966.35389328003,1,e8317035-dd48-4a0d-ba7a-b12599456828,2026-06-03 05:44:13.786050
recovered,q1_count,Z1,generator,14966.35389328003,1,e8317035-dd48-4a0d-ba7a-b12599456828,2026-06-03 05:44:13.787374
retry,q3_density,Z4,,0.0,2,2cc2bdfa-fa7e-437f-b37d-0f239d7e4290,2026-06-03 05:44:14.774509
dlq,q1_count,Z2,,0.0,3,b29f8302-6987-43d9-85a0-d65f2c776a03,2026-06-03 05:44:14.781418
retry,q3_density,Z2,,0.0,2,0c7f99ab-f157-4818-b69e-4422be7e6e9f,2026-06-03 05:44:14.781498
processed,q2_area,Z4,generator,16370.543956756592,1,17884223-58a6-4b0e-92cf-1fd0bbdcbd0e,2026-06-03 05:44:14.788580
recovered,q2_area,Z4,generator,16370.543956756592,1,17884223-58a6-4b0e-92cf-1fd0bbdcbd0e,2026-06-03 05:44:14.790244
retry,q3_density,Z4,,0.0,2,d27a1a53-5c4b-409d-9b02-3bdedbb94d93,2026-06-03 05:44:14.792835
processed,q3_density,Z1,generator,16328.24993133545,1,0cb033f1-59df-4dee-b485-b76428d9b9fc,2026-06-03 05:44:14.796271
recovered,q3_density,Z1,generator,16328.24993133545,1,0cb033f1-59df-4dee-b485-b76428d9b9fc,2026-06-03 05:44:14.797637
processed,q1_count,Z4,generator,16783.09464454651,1,f8b2e345-dbd7-4bc2-9749-fd702055a3bc,2026-06-03 05:44:14.798907
recovered,q1_count,Z4,generator,16783.09464454651,1,f8b2e345-dbd7-4bc2-9749-fd702055a3bc,2026-06-03 05:44:14.800709
processed,q5_confidence_dist,Z3,generator,15531.56852722168,1,81bd37bf-122e-4480-9e6b-61ecfec892cd,2026-06-03 05:44:14.803757
recovered,q5_confidence_dist,Z3,generator,15531.56852722168,1,81bd37bf-122e-4480-9e6b-61ecfec892cd,2026-06-03 05:44:14.805625
processed,q2_area,Z1,generator,16138.11993598938,1,25320aee-73b4-426a-a340-0d23b6034b10,2026-06-03 05:44:14.807090
processed,q5_confidence_dist,Z3,cache,16239.295244216919,1,d09e04e2-70ea-4b45-9e7d-180bee86b626,2026-06-03 05:44:14.808345
recovered,q2_area,Z1,generator,16138.11993598938,1,25320aee-73b4-426a-a340-0d23b6034b10,2026-06-03 05:44:14.808779
processed,q5_confidence_dist,Z5,generator,15594.213247299194,1,1bf937dc-5595-4606-9cd5-e366f169336f,2026-06-03 05:44:14.816819
recovered,q5_confidence_dist,Z5,generator,15594.213247299194,1,1bf937dc-5595-4606-9cd5-e366f169336f,2026-06-03 05:44:14.818134
processed,q5_confidence_dist,Z3,cache,16301.410675048828,1,d4fce45f-0bc3-4d15-9e65-656feef271aa,2026-06-03 05:44:14.820197
retry,q2_area,Z5,,0.0,1,17587f39-f1af-4b5b-9ce3-9c1e8f00b612,2026-06-03 05:44:15.324771
processed,q5_confidence_dist,Z5,cache,14697.935342788696,0,fab62924-5ed4-4379-8487-6320132499db,2026-06-03 05:44:15.327143
retry,q1_count,Z1,,0.0,2,aa06e731-9ea1-4f53-b1ba-1e69e5812d09,2026-06-03 05:44:15.787874
processed,q5_confidence_dist,Z5,cache,18128.133058547974,2,eeacb380-322d-421c-8a75-f6e9643fafc8,2026-06-03 05:44:15.789448
processed,q1_count,Z5,generator,17025.620698928833,1,18077750-bdf5-473b-a701-b66f6dca6575,2026-06-03 05:44:15.795485
recovered,q1_count,Z5,generator,17025.620698928833,1,18077750-bdf5-473b-a701-b66f6dca6575,2026-06-03 05:44:15.796988
retry,q4_compare,Z1,,0.0,2,ee0e77fd-cc2d-4f26-9cc5-4dfcbbb9a959,2026-06-03 05:44:15.814938
retry,q5_confidence_dist,Z4,,0.0,1,765c2d03-e5c3-4dc9-a998-693ea3bdc2c6,2026-06-03 05:44:15.832511
retry,q4_compare,Z4,,0.0,1,0c5c3b57-cdf1-4cc6-b2c4-c3be2b53719e,2026-06-03 05:44:16.319172
retry,q3_density,Z5,,0.0,1,1671114e-ecef-46af-a560-abf79d705b92,2026-06-03 05:44:16.337238
retry,q4_compare,Z2,,0.0,2,e60acb73-221b-4d1d-9207-730e0ee31daf,2026-06-03 05:44:16.801346
processed,q2_area,Z4,cache,17380.061149597168,1,a2fd24c1-da18-464a-ba49-0ed2c3fcf8a1,2026-06-03 05:44:16.802958
processed,q1_count,Z5,generator,18741.657733917236,1,d7500ec4-89fa-492e-a58f-f1a6826af95c,2026-06-03 05:44:16.807581
recovered,q1_count,Z5,generator,18741.657733917236,1,d7500ec4-89fa-492e-a58f-f1a6826af95c,2026-06-03 05:44:16.809086
processed,q5_confidence_dist,Z1,cache,15327.87537574768,0,3e3c6c06-ac44-4c5d-a28e-dce96f8f3770,2026-06-03 05:44:16.810552
processed,q5_confidence_dist,Z3,cache,14575.882196426392,0,667d8f6f-963b-47fe-b589-a50883a9142a,2026-06-03 05:44:16.811956
retry,q4_compare,Z1,,0.0,1,63463feb-e492-4d03-8ed2-756f28624079,2026-06-03 05:44:16.823429
processed,q1_count,Z2,generator,15848.193883895874,0,a193e9ff-e046-4de3-9a3b-06cd8fa67266,2026-06-03 05:44:16.828258
processed,q1_count,Z4,generator,14295.06516456604,0,5e09ebbb-5045-4bf3-b22a-1fba38da7e12,2026-06-03 05:44:16.832962
retry,q3_density,Z2,,0.0,1,5c91a7d9-2269-4bca-aa61-bb688f00a56b,2026-06-03 05:44:16.841662
retry,q2_area,Z4,,0.0,1,0a7f4edd-8c2c-4491-9dd1-6a7426f406f9,2026-06-03 05:44:17.316104
processed,q1_count,Z3,generator,10414.690494537354,0,7f882537-f22d-42c0-8501-9c87fc1abd0b,2026-06-03 05:44:17.321837
processed,q1_count,Z4,cache,10315.50908088684,0,b75d4177-6816-409d-93d4-68585df3b4ca,2026-06-03 05:44:17.323124
processed,q4_compare,Z1,generator,8613.991737365723,0,7e10634e-2deb-4a89-bd4d-a21211af5df4,2026-06-03 05:44:17.329411
processed,q4_compare,Z2,generator,6209.420204162598,0,5eb575ae-8f5f-4b9f-9887-ebd61c694bc0,2026-06-03 05:44:17.336371
retry,q4_compare,Z4,,0.0,1,cf095ca7-b6ea-4027-970c-9d804c8d3a2b,2026-06-03 05:44:17.337337
processed,q1_count,Z5,generator,5864.37201499939,0,11defc59-ee67-4629-b1fb-54b1ab5035ce,2026-06-03 05:44:17.342615
retry,q5_confidence_dist,Z4,,0.0,1,e2a52ad4-83ef-48dc-a1d7-61a1969868db,2026-06-03 05:44:17.346360
processed,q2_area,Z4,generator,5722.580194473267,0,557cc35b-ef4d-46da-b468-beb0dc07e9bc,2026-06-03 05:44:17.351202
retry,q3_density,Z2,,0.0,1,85e68a99-3410-45e4-ad24-3278d91f098d,2026-06-03 05:44:17.843290
processed,q5_confidence_dist,Z1,cache,9882.860660552979,0,d8e14831-07bb-476d-8757-d534d6197c45,2026-06-03 05:44:17.845053
retry,q3_density,Z2,,0.0,1,73a9b955-171d-4dc3-b2b4-5b0e6fb54f9b,2026-06-03 05:44:17.846878
retry,q2_area,Z2,,0.0,1,973ac130-8303-45af-a67f-f0fed269b505,2026-06-03 05:44:17.854835
processed,q4_compare,Z2,generator,18287.66179084778,0,5aa76af8-fdb1-405b-9757-da5a172e2266,2026-06-03 05:44:17.861305
processed,q5_confidence_dist,Z1,cache,17686.47861480713,0,0b0d7e8a-04da-4a89-a028-5a247e705cd7,2026-06-03 05:44:17.862678
retry,q2_area,Z2,,0.0,1,570e24d3-2fbf-4298-9970-99b60308b5e8,2026-06-03 05:44:18.350177
retry,q4_compare,Z5,,0.0,1,b41eb195-1fd0-442e-94ee-1e37061f37a5,2026-06-03 05:44:18.350974
processed,q5_confidence_dist,Z5,cache,9184.1402053833,0,e80c9c3a-db9a-42e9-a5fc-e59580d88e6b,2026-06-03 05:44:18.351781
processed,q5_confidence_dist,Z2,cache,7477.862596511841,0,c57d45df-b132-41e9-bbfa-df253d2ed188,2026-06-03 05:44:18.352947
processed,q4_compare,Z3,generator,18585.57653427124,0,88115c77-192f-4691-bee1-1b201d2ccf26,2026-06-03 05:44:18.360155
retry,q2_area,Z4,,0.0,1,a3be7ab8-7a13-43aa-a8ec-0fa1444e21fa,2026-06-03 05:44:18.366488
processed,q4_compare,Z5,generator,18241.341829299927,0,5ba469be-8568-48af-9e52-696ad1dcf896,2026-06-03 05:44:18.367415
processed,q5_confidence_dist,Z2,cache,18142.27533340454,0,3b024515-c129-46bd-9147-5dc6b60c43b5,2026-06-03 05:44:18.368704
processed,q1_count,Z3,generator,17644.52576637268,0,f0de3aa1-23ac-4243-8b91-746684b1972b,2026-06-03 05:44:18.373254
processed,q5_confidence_dist,Z3,cache,17042.743682861328,0,73f0b43f-df07-4a43-a450-53b3bb0f70af,2026-06-03 05:44:18.374449
processed,q1_count,Z5,cache,16491.328716278076,0,7d118bc4-fe86-48d0-9b7c-1b0faed3ffeb,2026-06-03 05:44:18.375519
retry,q3_density,Z5,,0.0,1,30f1807d-4283-44dd-a803-422a86e10b6f,2026-06-03 05:44:18.855148
processed,q5_confidence_dist,Z2,cache,11246.365547180176,0,f95cebd0-1f21-4bc0-89fe-0816d9f8d6ea,2026-06-03 05:44:18.856703
retry,q1_count,Z5,,0.0,1,2d4af5f2-3713-45e9-9fa5-303415652321,2026-06-03 05:44:18.870477
retry,q3_density,Z4,,0.0,1,7f1c50ea-45cc-4a95-a55a-c6e0bb1db8c5,2026-06-03 05:44:18.879382
processed,q2_area,Z5,cache,15539.657354354858,0,c08400ee-8a38-436e-b153-6ec84dbeae2b,2026-06-03 05:44:18.880910
processed,q3_density,Z1,generator,14940.812349319458,0,0db8e415-da1a-420c-b67c-574263d817bd,2026-06-03 05:44:18.884836
retry,q1_count,Z2,,0.0,1,1a246a99-8224-4aff-bee3-53e16b32fada,2026-06-03 05:44:19.360999
processed,q3_density,Z4,cache,15568.991422653198,0,b812cc8e-fd6e-4388-82d4-d4885918cbbf,2026-06-03 05:44:19.362712
processed,q1_count,Z5,cache,10799.387454986572,0,5e3c933f-4980-4ed7-91f5-1d1f9d1e3963,2026-06-03 05:44:19.363891
processed,q4_compare,Z3,generator,9600.438356399536,0,2f0e7d9a-1b5b-49df-97fc-0bf27b4d7934,2026-06-03 05:44:19.370693
processed,q5_confidence_dist,Z4,generator,7445.0883865356445,0,0656fad6-24a9-41bd-a9cc-cf59df36ef28,2026-06-03 05:44:19.375863
retry,q2_area,Z5,,0.0,1,06d2a151-9a20-4be7-b294-cafe2b43dfe3,2026-06-03 05:44:19.375953
processed,q5_confidence_dist,Z2,cache,6944.963216781616,0,e071ef75-0307-4e05-a117-fa46f77c2400,2026-06-03 05:44:19.377568
processed,q5_confidence_dist,Z4,cache,15935.88662147522,0,034b992e-d31a-4202-933b-38bcaa58fda7,2026-06-03 05:44:19.377607
processed,q2_area,Z2,generator,18857.05280303955,0,b41e350b-7c0f-40cc-95f3-1f75f735c46e,2026-06-03 05:44:19.385563
processed,q4_compare,Z1,generator,13635.651588439941,0,9cc7cfd3-899b-403e-a94e-0ca6a183bbf1,2026-06-03 05:44:19.388299
retry,q4_compare,Z3,,0.0,1,8d7602b2-32fd-4c27-ba87-71fc641825ab,2026-06-03 05:44:19.389153
processed,q5_confidence_dist,Z1,cache,12533.122301101685,0,9b835ec6-0c2b-4b14-adfa-35a35ebcc68e,2026-06-03 05:44:19.390621
processed,q1_count,Z3,cache,13337.0840549469,0,9fd1da41-3428-4285-a759-8fbedc309679,2026-06-03 05:44:19.391207
processed,q2_area,Z4,cache,9823.182106018066,0,9831747b-8391-4d45-8592-f97a7ae65b3d,2026-06-03 05:44:19.392673
processed,q5_confidence_dist,Z4,cache,8016.410827636719,0,98afdc85-cd4d-4965-a799-330a2e127af4,2026-06-03 05:44:19.393931
retry,q3_density,Z4,,0.0,1,3d78d9ef-9c59-4216-b8d3-aa989dc96add,2026-06-03 05:44:19.890683
retry,q3_density,Z4,,0.0,1,96f5487b-7739-4644-8530-068a4c2cd45c,2026-06-03 05:44:19.895782
processed,q1_count,Z4,generator,18716.03298187256,0,31618607-9a56-4802-b586-529f7a632b4b,2026-06-03 05:44:19.897768
retry,q1_count,Z3,,0.0,1,5080a16e-dd4d-4047-9c39-27cea2889f1a,2026-06-03 05:44:19.898706
processed,q5_confidence_dist,Z1,cache,11433.176040649414,0,b3e20520-5e6a-4277-983e-0858c9667b46,2026-06-03 05:44:19.898873
retry,q4_compare,Z2,,0.0,1,3f2391dd-f3fd-40c3-b92b-4617084f2315,2026-06-03 05:44:20.404467
retry,q3_density,Z5,,0.0,1,df81ed24-9587-41c0-9e3c-ecba3b3b4bd4,2026-06-03 05:44:20.404517
retry,q2_area,Z4,,0.0,1,2c7b3142-cc88-4cb0-857e-42ff21733276,2026-06-03 05:44:20.404878
processed,q5_confidence_dist,Z5,cache,18220.604419708252,0,4d85bffa-d379-4a62-b2e2-baf1c8a9682d,2026-06-03 05:44:20.406313
retry,q3_density,Z1,,0.0,1,cce2b383-a49f-4cac-9ee0-eb8bf49f20f7,2026-06-03 05:44:20.910140
retry,q3_density,Z4,,0.0,1,3a46bd80-9e57-411f-9c51-4e5cfc58ea63,2026-06-03 05:44:20.910424
retry,q2_area,Z2,,0.0,1,99c4219c-fda6-47c1-8d94-0b4bc37819f8,2026-06-03 05:44:20.911161
processed,q5_confidence_dist,Z4,cache,19378.934383392334,0,f77546e1-1265-4095-a3c4-c9b636ffac62,2026-06-03 05:44:20.912524
processed,q5_confidence_dist,Z1,cache,15913.86866569519,0,3b2707ac-2916-4d75-9aca-f68636329e5e,2026-06-03 05:44:20.913545
processed,q5_confidence_dist,Z2,cache,19180.514574050903,0,21ff0689-f449-4fc2-8979-400d74e60282,2026-06-03 05:44:20.914884
processed,q5_confidence_dist,Z2,cache,15413.96975517273,0,eeea661b-0a35-4fa5-8c34-eed327381d3b,2026-06-03 05:44:20.915890
processed,q2_area,Z5,generator,18032.697677612305,0,ee683247-0fed-461d-b095-f7558fc55d2d,2026-06-03 05:44:20.922528
processed,q4_compare,Z3,generator,20947.52264022827,0,b3e5edc9-95ca-4cb1-a8ed-ea2558648913,2026-06-03 05:44:20.923597
processed,q1_count,Z1,generator,16834.052085876465,0,20d9f98e-5e46-468b-9094-bfd0a9ce5e06,2026-06-03 05:44:20.929460
processed,q1_count,Z3,generator,19799.522638320923,0,f72b4bd4-0674-483d-aea8-8efc3898c38f,2026-06-03 05:44:20.930367
processed,q2_area,Z1,cache,17691.351175308228,0,b2671133-2f51-442e-8c6f-32c0b37b27e4,2026-06-03 05:44:20.932126
processed,q3_density,Z4,generator,17193.862438201904,0,6bc052a3-c96f-4360-a073-29c5de208618,2026-06-03 05:44:20.937308
processed,q5_confidence_dist,Z2,cache,13630.057573318481,0,b9c8193b-9c07-4fc7-8c19-aaec66407c82,2026-06-03 05:44:20.939600
processed,q3_density,Z2,generator,13284.752130508423,0,3c9f60d2-0c7b-454f-b4c0-549cf22959ba,2026-06-03 05:44:20.945856
retry,q3_density,Z2,,0.0,1,258c6ecb-0445-4a33-bf40-9b66da2e2b4b,2026-06-03 05:44:21.422401
processed,q2_area,Z3,generator,15074.798822402954,0,984c0c50-d28e-4fc1-b5e8-1e18ada3d4bc,2026-06-03 05:44:21.430067
retry,q4_compare,Z3,,0.0,1,bbc13fa7-4992-4ce9-94d7-3134fdc65f6b,2026-06-03 05:44:21.433595
processed,q2_area,Z3,generator,14326.634883880615,0,34503c38-266f-412f-982c-50826518a48a,2026-06-03 05:44:21.434964
processed,q1_count,Z2,generator,12624.242067337036,0,39291b21-7de6-4508-a540-211874d0413b,2026-06-03 05:44:21.440076
processed,q4_compare,Z2,generator,12179.278135299683,0,f6d01228-074f-4395-908f-67144c09ed82,2026-06-03 05:44:21.447436
retry,q3_density,Z1,,0.0,1,bf46c62b-819d-4eab-ad7e-266b69a56695,2026-06-03 05:44:21.451248
processed,q2_area,Z1,cache,12486.13452911377,0,8463d31e-a146-4a69-a95b-627e06c15637,2026-06-03 05:44:21.453198
retry,q2_area,Z3,,0.0,1,7b715ed4-2ce4-4ee2-8486-efc82eb258f4,2026-06-03 05:44:21.938758
retry,q4_compare,Z5,,0.0,1,df785228-3992-41b3-93d5-175823ed0b36,2026-06-03 05:44:21.951533
retry,q1_count,Z2,,0.0,1,814331f4-9ef8-4cbb-94fb-cf5df0653481,2026-06-03 05:44:21.958242
retry,q4_compare,Z5,,0.0,1,5b7bdb63-77ca-4be8-a623-6aeacbbb3ee9,2026-06-03 05:44:22.443401
retry,q3_density,Z5,,0.0,1,287af52d-453a-44cc-b87a-63d031927acb,2026-06-03 05:44:22.455383
retry,q3_density,Z3,,0.0,1,e97a114f-d87f-4e5b-b91f-4f141f6df32b,2026-06-03 05:44:22.463994
processed,q4_compare,Z2,generator,10642.357110977173,0,491e9a21-dd1a-4ea4-9dbb-a81a087bb5d5,2026-06-03 05:44:22.472126
processed,q2_area,Z5,generator,10346.606492996216,0,2ed316c4-7444-4bdb-bc68-295b9bfac808,2026-06-03 05:44:22.477684
processed,q3_density,Z3,generator,9950.123071670532,0,56d1ff48-59ee-4e16-8498-fdc8d6b4ca83,2026-06-03 05:44:22.482994
processed,q2_area,Z1,generator,22462.249279022217,0,095750f8-ebea-4ef4-a2b8-95f7050d2479,2026-06-03 05:44:22.487718
processed,q4_compare,Z5,cache,21106.939792633057,0,ae7eec03-becf-4ba0-b50c-6b0e41c3114b,2026-06-03 05:44:22.488939
processed,q2_area,Z4,cache,20455.123901367188,0,524b17ab-d023-47ae-98f5-b69db1f2edbc,2026-06-03 05:44:22.490283
processed,q2_area,Z3,generator,17898.160696029663,0,7f21257d-5c99-40d5-bded-1fb5545000be,2026-06-03 05:44:22.495328
retry,q1_count,Z1,,0.0,1,b85155c4-2ee9-45cb-b91b-4cddac75a9c6,2026-06-03 05:44:22.947853
retry,q4_compare,Z4,,0.0,1,e623ff1e-52d4-4cd5-8523-42484450a8f1,2026-06-03 05:44:22.960748
processed,q2_area,Z3,generator,20981.690168380737,0,b808be08-a602-404a-bc3b-34c1b87a1430,2026-06-03 05:44:22.966611
processed,q5_confidence_dist,Z4,cache,20832.536697387695,0,2aa2f3bf-31b1-4df8-af4f-86e3937a6c2c,2026-06-03 05:44:22.968253
processed,q1_count,Z3,generator,19782.53984451294,0,637bc14a-a92f-4a9c-a9e1-f2c32f29a335,2026-06-03 05:44:22.972900
retry,q3_density,Z1,,0.0,1,29de24d5-b2bd-4de8-93e8-21689ce05e72,2026-06-03 05:44:22.999491
processed,q4_compare,Z2,generator,17154.595851898193,0,11a17da9-85b2-4ee5-967c-bf0eecdd777e,2026-06-03 05:44:23.007331
processed,q1_count,Z5,generator,17059.252738952637,0,666239f1-3507-47f1-8701-9592707d735f,2026-06-03 05:44:23.012595
processed,q1_count,Z5,cache,16508.72850418091,0,023efdf2-4457-4e55-8a9d-5d9260105218,2026-06-03 05:44:23.014033
processed,q1_count,Z1,generator,16465.798377990723,0,5d581c1a-55f8-441f-b542-9c55c13aca78,2026-06-03 05:44:23.021440
retry,q2_area,Z3,,0.0,1,28f1f763-b3f0-4407-ab0d-8c5123037caa,2026-06-03 05:44:23.452534
processed,q3_density,Z5,generator,14089.933633804321,0,42c8612b-6f57-4f87-bbc8-511f158e0888,2026-06-03 05:44:23.458393
retry,q4_compare,Z5,,0.0,1,130d9350-90b7-471a-8139-6e8cd9f42c85,2026-06-03 05:44:23.476593
processed,q1_count,Z2,generator,19236.135959625244,0,05ab851b-de26-41ff-8cd3-a1333e3435fe,2026-06-03 05:44:23.481589
processed,q3_density,Z3,generator,18336.67755126953,0,a61aafc5-7d72-47ed-86f9-d86c1336491b,2026-06-03 05:44:23.486453
processed,q5_confidence_dist,Z5,cache,18087.00919151306,0,9adc2117-8c8b-44bd-a659-ba2e812b75a0,2026-06-03 05:44:23.488078
retry,q4_compare,Z2,,0.0,1,d55aaf3d-aa15-4796-b008-2b5defca6aee,2026-06-03 05:44:23.525535
retry,q3_density,Z4,,0.0,1,aaf53292-965a-4c41-910d-bdb29ddfec99,2026-06-03 05:44:23.963325
processed,q1_count,Z1,cache,12537.06955909729,0,ea6b9840-9676-47b0-b3e2-385375f87f0a,2026-06-03 05:44:23.965152
retry,q2_area,Z1,,0.0,1,cf886cfb-6151-477e-bee9-095171caf882,2026-06-03 05:44:23.991594
retry,q3_density,Z1,,0.0,1,3631adbc-409f-46bb-828c-4d57db3c61e3,2026-06-03 05:44:24.029668
retry,q3_density,Z2,,0.0,1,712317d9-862d-4e17-979d-f23b5e6f20c2,2026-06-03 05:44:24.469343
processed,q1_count,Z2,cache,22787.391901016235,0,cd821573-8fd7-4e46-96b4-314e764bdb06,2026-06-03 05:44:24.470856
processed,q1_count,Z2,generator,20933.536767959595,0,b14fa78e-f01f-4771-b2ef-2085a4e77a40,2026-06-03 05:44:24.475675
processed,q2_area,Z5,cache,19578.49144935608,0,6edbedae-1d8c-44b6-8f1d-02ca25b886a6,2026-06-03 05:44:24.476987
retry,q1_count,Z5,,0.0,1,6bb55bac-6372-448f-8a86-8f59b02f68ea,2026-06-03 05:44:24.497594
processed,q5_confidence_dist,Z2,cache,17089.66088294983,0,256aedce-1fc7-4449-9467-d9126f825690,2026-06-03 05:44:24.499138
retry,q4_compare,Z3,,0.0,1,f83980aa-8323-4e3e-9b75-2877c8f937b9,2026-06-03 05:44:24.534129
processed,q1_count,Z5,generator,24664.67595100403,0,785357c1-33ad-44fe-8b2f-ec46d0f7c30e,2026-06-03 05:44:24.539869
processed,q2_area,Z1,generator,24620.984077453613,0,0b9444eb-936a-4222-80b2-093ea0586646,2026-06-03 05:44:24.546424
retry,q3_density,Z4,,0.0,1,370aab99-2607-4320-a4c9-17c99302c2f7,2026-06-03 05:44:24.981104
processed,q4_compare,Z3,generator,15873.855352401733,0,d8847ecb-49a3-490c-9514-cd071a79a29b,2026-06-03 05:44:24.991544
processed,q1_count,Z1,cache,14620.008945465088,0,4f3a6c81-77e9-42d1-bfd0-18689634318b,2026-06-03 05:44:24.993519
processed,q5_confidence_dist,Z1,cache,12813.86685371399,0,0685d334-b84f-4ec5-ba0f-6f42502979c5,2026-06-03 05:44:24.995482
processed,q3_density,Z4,cache,25172.343015670776,0,36cd0795-d1fd-4f45-a191-2a3d77648088,2026-06-03 05:44:24.997235
retry,q3_density,Z3,,0.0,1,c3e251f0-cc14-4f46-9fba-7fff392b0e9b,2026-06-03 05:44:25.003593
processed,q4_compare,Z5,generator,17250.725746154785,0,5f2a4a2a-4056-4c38-bfdd-16d3531fb33f,2026-06-03 05:44:25.011944
retry,q3_density,Z4,,0.0,1,770d5523-2b1d-4031-9655-250042617cf8,2026-06-03 05:44:25.051007
processed,q4_compare,Z4,generator,24579.691886901855,0,c9163ca4-382f-400b-a687-43f36959fc79,2026-06-03 05:44:25.057388
processed,q1_count,Z4,generator,23127.429485321045,0,6f337e66-eefc-4537-9616-edf06cd26d85,2026-06-03 05:44:25.062151
retry,q3_density,Z4,,0.0,1,19830a67-1ac4-495f-ae07-306cb4fae8f8,2026-06-03 05:44:25.501775
processed,q1_count,Z4,cache,16185.298919677734,0,e0109558-29a3-4ce6-ac3a-735d2a2a93ed,2026-06-03 05:44:25.504085
processed,q2_area,Z2,cache,15634.785890579224,0,f952ebeb-c710-4500-b862-288059430d40,2026-06-03 05:44:25.505528
processed,q3_density,Z5,cache,15033.413171768188,0,38e27bd7-b750-4099-9d10-da2714fd3c74,2026-06-03 05:44:25.506749
processed,q4_compare,Z4,cache,14180.640697479248,0,3a0f62f6-62db-4207-96c9-f3bfdec3d7e0,2026-06-03 05:44:25.507884
processed,q2_area,Z2,generator,12930.792570114136,0,757add20-1300-4d3b-8340-65c17b27709e,2026-06-03 05:44:25.514150
retry,q4_compare,Z4,,0.0,1,855b6bd5-c1d3-4e04-9f7a-ced8b965d18d,2026-06-03 05:44:25.516967
processed,q1_count,Z1,cache,25242.074728012085,0,9692c93e-ec84-4693-bdcd-89ec1ee15f70,2026-06-03 05:44:25.519232
processed,q4_compare,Z2,generator,23040.71307182312,0,566a7bff-6e43-4620-b5a2-f9df7cfbc2d5,2026-06-03 05:44:25.528634
processed,q5_confidence_dist,Z3,cache,22138.991832733154,0,0c1da345-c806-4a89-b425-dc70a506e27b,2026-06-03 05:44:25.531214
retry,q3_density,Z2,,0.0,1,2c2e5042-80e8-4a9b-9ebf-5dedf2ee8cd5,2026-06-03 05:44:25.567541
processed,q3_density,Z3,generator,21277.9757976532,0,153bc76b-09a5-4385-a0d3-a7352e54dedf,2026-06-03 05:44:25.574579
retry,q3_density,Z1,,0.0,1,bc459e1e-35bb-4b9b-b022-ca7d2a7e7689,2026-06-03 05:44:26.019158
retry,q1_count,Z2,,0.0,1,38e72a83-7766-4f9d-9d5b-1e52bee0a88f,2026-06-03 05:44:26.036064
processed,q3_density,Z2,generator,20842.25821495056,0,2c7e51b0-2d5e-46fc-9553-9569e9168ee1,2026-06-03 05:44:26.042680
retry,q4_compare,Z1,,0.0,1,a9137a63-cd42-4d7b-b367-7ba60a4a3a2a,2026-06-03 05:44:26.080727
processed,q3_density,Z1,generator,19481.150150299072,0,ea509560-7f20-4679-af65-c9321a267fc0,2026-06-03 05:44:26.086994
retry,q1_count,Z2,,0.0,1,3a4df362-0c21-4cf9-a047-f3db673ac418,2026-06-03 05:44:26.524749
processed,q5_confidence_dist,Z2,cache,22934.08250808716,0,61b19ec0-ee2c-4b1e-aeda-08f1132f6217,2026-06-03 05:44:26.526670
processed,q2_area,Z3,generator,21232.11359977722,0,fbff8fab-437d-443e-8508-6f07ed6c6e52,2026-06-03 05:44:26.532461
processed,q5_confidence_dist,Z3,cache,21183.4876537323,0,1cb6fbcf-6b09-4d76-8255-fed2aa8a86ec,2026-06-03 05:44:26.534625
processed,q2_area,Z4,cache,20231.608867645264,0,d8d82c94-3fa7-4ab9-8191-3b870081431d,2026-06-03 05:44:26.536305
retry,q1_count,Z3,,0.0,1,8662c72a-144d-4700-a73e-958b816fa169,2026-06-03 05:44:26.548184
processed,q5_confidence_dist,Z1,cache,19291.08953475952,0,bb316184-74fc-40ba-a5c3-900b841729f6,2026-06-03 05:44:26.550342
processed,q1_count,Z2,generator,15630.536556243896,0,9d961bc2-ee79-47c4-bc7d-25ae31356682,2026-06-03 05:44:26.556195
retry,q4_compare,Z4,,0.0,1,204762d6-551f-41bb-9fa2-1cff370b1fd0,2026-06-03 05:44:26.591091
processed,q2_area,Z5,generator,18435.410976409912,0,3d82a8b3-f457-4a2f-864a-30a39d251461,2026-06-03 05:44:26.599012
retry,q4_compare,Z4,,0.0,1,44cb0ac2-e20e-4043-97f8-9c9c3723a138,2026-06-03 05:44:27.041081
retry,q4_compare,Z3,,0.0,1,a983d932-933a-4a5e-9787-094347ee9b4e,2026-06-03 05:44:27.061651
processed,q5_confidence_dist,Z5,cache,22114.63952064514,0,c878e87b-6b84-4478-87ff-63fba863c511,2026-06-03 05:44:27.064177
processed,q5_confidence_dist,Z2,cache,20309.314727783203,0,19ff9252-394d-486c-bb65-655fd7016821,2026-06-03 05:44:27.066187
processed,q1_count,Z2,cache,20260.987043380737,0,706cfbe7-b1ac-49ea-a24b-1de14493bcea,2026-06-03 05:44:27.068073
retry,q4_compare,Z5,,0.0,1,1d59b887-d3be-433c-9588-e1c5e947b39a,2026-06-03 05:44:27.103568
retry,q3_density,Z5,,0.0,1,aa2b4d5c-8372-4285-a4b5-dff63c1381c5,2026-06-03 05:44:27.545991
retry,q3_density,Z5,,0.0,1,3b856ce8-f83a-4041-a6e5-cc68caecf86a,2026-06-03 05:44:27.573588
processed,q1_count,Z5,cache,15896.346807479858,0,b7a7ee28-3744-4696-acc8-8e5481baaeb8,2026-06-03 05:44:27.575533
retry,q3_density,Z1,,0.0,1,6402657f-422d-40a9-b0b5-f18d7b07f6a7,2026-06-03 05:44:27.609770
processed,q1_count,Z2,cache,18393.683195114136,0,30cd57ad-c989-4a34-bc40-0fa8132d5e48,2026-06-03 05:44:27.611746
retry,q4_compare,Z1,,0.0,1,3e550ffe-bd8c-45b9-87eb-3e038e05a878,2026-06-03 05:44:28.051462
processed,q2_area,Z1,cache,16173.266887664795,0,61b5649e-c699-4bd9-ab57-15977e6e414a,2026-06-03 05:44:28.053229
processed,q2_area,Z3,cache,15973.821878433228,0,103aa3e1-90f8-4e1e-8dea-41682b20933b,2026-06-03 05:44:28.054533
retry,q1_count,Z5,,0.0,1,86e0b3c7-4345-45db-bfef-0905dae617e1,2026-06-03 05:44:28.081088
processed,q2_area,Z3,cache,15600.101470947266,0,aeb0a9a6-3c13-4acc-af3e-4f207059b461,2026-06-03 05:44:28.082800
processed,q1_count,Z5,cache,28460.40105819702,0,cdf5994b-4f9b-4016-868e-f274a0588c44,2026-06-03 05:44:28.084166
processed,q5_confidence_dist,Z3,cache,25497.84755706787,0,afb147d7-1c1e-4385-be9e-01ab7663dcb4,2026-06-03 05:44:28.085463
retry,q3_density,Z1,,0.0,1,5a703d97-674e-48e7-94d2-333c3e9545f5,2026-06-03 05:44:28.117499
processed,q5_confidence_dist,Z4,cache,16841.851711273193,0,431692bd-fe1a-4c2c-bf8c-305cc5a26998,2026-06-03 05:44:28.119023
retry,q2_area,Z4,,0.0,1,86bd6fca-bab0-4d0c-a53e-aae393d39833,2026-06-03 05:44:28.557787
processed,q5_confidence_dist,Z2,cache,27679.699897766113,0,293f95c4-0dc4-438f-a479-04f9958e4d9c,2026-06-03 05:44:28.559650
retry,q1_count,Z4,,0.0,1,19fb9da1-610f-4d9e-bb40-b94be4ff4f11,2026-06-03 05:44:28.588880
retry,q4_compare,Z1,,0.0,1,23fd627a-fb09-4ce1-ac77-73b095740fec,2026-06-03 05:44:28.622344
processed,q5_confidence_dist,Z5,cache,24729.931592941284,0,7e0d8876-99cc-43b6-b589-8ad37099b4e9,2026-06-03 05:44:28.623943
retry,q4_compare,Z5,,0.0,1,49a0ffdc-3c82-4854-8b8f-9e2df3de3b70,2026-06-03 05:44:29.063943
processed,q2_area,Z1,cache,26980.226278305054,0,f2968c3c-5444-4e58-9895-725ae6ce081e,2026-06-03 05:44:29.065779
retry,q4_compare,Z4,,0.0,1,e82978a6-85c7-47ba-b404-066a37ca279d,2026-06-03 05:44:29.093656
processed,q3_density,Z3,cache,24698.922634124756,0,79d7692d-54d1-40ac-bedf-65836f0951d0,2026-06-03 05:44:29.095194
retry,q4_compare,Z5,,0.0,1,901821b3-b8d7-4ae4-b3ac-26ca5c1cd428,2026-06-03 05:44:29.128091
processed,q2_area,Z3,cache,24783.559799194336,0,83e46db2-1d6d-4985-b9b1-b0f7702ca9a8,2026-06-03 05:44:29.129896
processed,q1_count,Z4,cache,24433.592557907104,0,a516540a-cb04-4cb2-a0fd-39688fad22b3,2026-06-03 05:44:29.131083
retry,q3_density,Z1,,0.0,1,c896d0ca-d5da-4fd6-b83a-115b24f9a5ce,2026-06-03 05:44:29.570945
retry,q3_density,Z5,,0.0,1,2379632d-dbcd-40ee-af43-fae8bedde681,2026-06-03 05:44:29.599752
retry,q4_compare,Z2,,0.0,1,5536f364-00f1-4d01-b855-15c6fa970a42,2026-06-03 05:44:29.634957
processed,q5_confidence_dist,Z2,cache,23482.566833496094,0,842f4978-0e3e-41c6-a386-2faad94b606c,2026-06-03 05:44:29.636517
retry,q2_area,Z4,,0.0,1,20665376-adc1-4fd2-bcc7-30989940c6f7,2026-06-03 05:44:30.075712
retry,q3_density,Z1,,0.0,1,3ece90ce-687c-41af-b817-b11d50f417db,2026-06-03 05:44:30.104554
processed,q5_confidence_dist,Z5,cache,19984.123468399048,0,02af0625-fe13-45c9-a4f9-1367fd492fcb,2026-06-03 05:44:30.106125
processed,q1_count,Z1,cache,19483.392477035522,0,f42520cb-a450-41cb-a8e9-f58202c12aec,2026-06-03 05:44:30.107320
processed,q5_confidence_dist,Z4,cache,19032.39893913269,0,3cfbbb36-ca7c-48f8-ad64-830a1d02b98d,2026-06-03 05:44:30.109002
processed,q3_density,Z4,cache,18330.95645904541,0,f954d0b4-b68e-4f22-84a9-44918bc40ada,2026-06-03 05:44:30.110141
dlq,q3_density,Z4,,0.0,3,2cc2bdfa-fa7e-437f-b37d-0f239d7e4290,2026-06-03 05:44:30.119267
retry,q3_density,Z1,,0.0,1,0fe47452-d929-4063-90c3-db57d46e7ce3,2026-06-03 05:44:30.140560
processed,q5_confidence_dist,Z4,cache,21728.041410446167,0,964db670-de21-456b-ab0f-b7e1585bcf3a,2026-06-03 05:44:30.142050
retry,q4_compare,Z5,,0.0,1,4668aa8b-04be-4d8b-aef4-1622c0978528,2026-06-03 05:44:30.580557
processed,q5_confidence_dist,Z5,cache,25331.889152526855,0,63a36152-4194-40f5-bf3d-c2a7ef8bb5d2,2026-06-03 05:44:30.582184
retry,q3_density,Z5,,0.0,1,c1cf757f-7740-4d4a-8d5f-5571cc4f0654,2026-06-03 05:44:30.646232
processed,q5_confidence_dist,Z5,cache,20827.260971069336,0,e4a3b7bc-1803-4f2d-b6b9-ac7775589ba2,2026-06-03 05:44:30.647889
processed,q1_count,Z2,cache,20426.863431930542,0,50ae6c98-d2bd-4249-899a-44d5c0b184a1,2026-06-03 05:44:30.649220
processed,q5_confidence_dist,Z3,cache,19976.24969482422,0,8444b257-a09a-4ab6-aa4e-a6135ae7122c,2026-06-03 05:44:30.650436
processed,q3_density,Z1,cache,19625.71096420288,0,bf43c3cc-e645-4f86-94b4-efc79fe7d77b,2026-06-03 05:44:30.651579
processed,q1_count,Z3,cache,30928.72428894043,0,c690f688-f16e-431a-939f-bfcc53be34f9,2026-06-03 05:44:30.652736
retry,q4_compare,Z4,,0.0,1,baa3cfbf-5b28-4fbf-a409-f6fae0b860d6,2026-06-03 05:44:31.086490
retry,q4_compare,Z4,,0.0,2,e623ff1e-52d4-4cd5-8523-42484450a8f1,2026-06-03 05:44:31.123715
retry,q1_count,Z2,,0.0,1,4f72cfbb-92a7-4d71-b495-766334945491,2026-06-03 05:44:31.156765
processed,q1_count,Z4,cache,29926.844120025635,0,1a28cb12-8ce1-4dca-89d5-dd0c5304322c,2026-06-03 05:44:31.158270
processed,q1_count,Z5,cache,28521.733283996582,0,d41128cc-1fee-48f9-a70f-7c6d81dc651d,2026-06-03 05:44:31.159684
retry,q3_density,Z3,,0.0,1,8fc0f19a-8a89-49a8-bb0c-ce38572b9b1b,2026-06-03 05:44:31.591175
retry,q3_density,Z3,,0.0,1,434f0235-49ab-4b96-9975-4666ae8328ac,2026-06-03 05:44:31.664248
retry,q4_compare,Z1,,0.0,1,bc07a144-a26e-44f4-9456-12c494c46476,2026-06-03 05:44:32.096791
retry,q3_density,Z1,,0.0,2,bf46c62b-819d-4eab-ad7e-266b69a56695,2026-06-03 05:44:32.128915
retry,q3_density,Z5,,0.0,1,7ca11ede-dc7e-42d9-bd4a-f0588ed2ba7b,2026-06-03 05:44:32.168874
retry,q2_area,Z1,,0.0,1,38b0dffe-8374-4626-a244-609b6fdb61a9,2026-06-03 05:44:32.601593
processed,q3_density,Z3,cache,23083.904266357422,0,b15cbfc9-8a17-44d1-8726-785175e7c45b,2026-06-03 05:44:32.603141
retry,q4_compare,Z1,,0.0,1,d5e3a929-9b68-4d9c-ba15-be77d37bc8ee,2026-06-03 05:44:32.673530
processed,q5_confidence_dist,Z4,cache,24562.357664108276,0,efa26231-1d1f-4620-b526-3769c9045427,2026-06-03 05:44:32.675267
processed,q5_confidence_dist,Z2,cache,22605.035066604614,0,15980676-104b-4c7c-9228-101045621b7b,2026-06-03 05:44:32.676687
processed,q2_area,Z3,cache,22154.502630233765,0,eed55f51-6fa5-401b-9392-17348cf3af8e,2026-06-03 05:44:32.678235
processed,q2_area,Z5,cache,20397.888898849487,0,6b6376a3-6048-4135-8b64-674ba5e8e3c7,2026-06-03 05:44:32.679568
retry,q1_count,Z1,,0.0,1,200aa0e7-4a52-4c23-9878-f2a83c0adbd7,2026-06-03 05:44:33.107451
retry,q4_compare,Z5,,0.0,2,130d9350-90b7-471a-8139-6e8cd9f42c85,2026-06-03 05:44:33.134586
processed,q1_count,Z2,cache,32206.52675628662,1,1a246a99-8224-4aff-bee3-53e16b32fada,2026-06-03 05:44:33.136840
retry,q2_area,Z1,,0.0,1,d3f7586c-917a-4fb6-9a3c-fb1136e16676,2026-06-03 05:44:33.183830
retry,q4_compare,Z5,,0.0,1,b7453dc9-b747-4a4e-9640-5e6963bdc786,2026-06-03 05:44:33.612759
processed,q3_density,Z1,cache,23191.473245620728,0,6e5518db-79cd-4063-8544-b780083826f2,2026-06-03 05:44:33.615343
retry,q3_density,Z5,,0.0,1,1a27dda1-630c-4100-b58c-cb2b31ad1dbc,2026-06-03 05:44:33.689096
retry,q3_density,Z4,,0.0,1,527dc62f-bb62-44fd-be16-5a53c8b89591,2026-06-03 05:44:34.121092
retry,q3_density,Z4,,0.0,2,3d78d9ef-9c59-4216-b8d3-aa989dc96add,2026-06-03 05:44:34.141827
retry,q2_area,Z5,,0.0,1,128e8dbf-262a-4739-9467-37b2ce6f51c1,2026-06-03 05:44:34.195677
processed,q1_count,Z1,cache,31107.510328292847,0,763ee3cb-c8f8-472e-945e-8d0a2c61c942,2026-06-03 05:44:34.198421
processed,q2_area,Z5,cache,30557.522535324097,0,6af59dc6-c270-4eba-9c9c-2f53cbb76891,2026-06-03 05:44:34.200435
processed,q5_confidence_dist,Z3,cache,30211.371660232544,0,80922373-32eb-421f-8040-9598e7394ce0,2026-06-03 05:44:34.206260
retry,q4_compare,Z1,,0.0,1,9047ab60-ba83-4392-94ed-15075dba15e5,2026-06-03 05:44:34.627287
processed,q5_confidence_dist,Z2,cache,32292.56319999695,0,a40f8a99-3531-4a6b-8a87-dc5501f85bea,2026-06-03 05:44:34.629427
retry,q4_compare,Z5,,0.0,1,40223c03-e99f-4cc3-858f-dddfb895a90a,2026-06-03 05:44:34.710778
processed,q5_confidence_dist,Z2,cache,27252.90036201477,0,e8bd2c8d-3fa5-4d50-8162-b599ebb2b956,2026-06-03 05:44:34.713292
retry,q4_compare,Z5,,0.0,1,b8e64226-1614-4316-bb1b-4f60dbda770f,2026-06-03 05:44:35.134870
retry,q3_density,Z3,,0.0,2,e97a114f-d87f-4e5b-b91f-4f141f6df32b,2026-06-03 05:44:35.148173
dlq,q2_area,Z4,,0.0,3,1de69fc2-3fcf-4162-90f7-54a1b8357a63,2026-06-03 05:44:35.153172
retry,q2_area,Z2,,0.0,1,9e351961-d90e-4186-9f5c-873e46f80df9,2026-06-03 05:44:35.218756
retry,q2_area,Z2,,0.0,1,ea13ac8c-3893-4618-9153-051135179743,2026-06-03 05:44:35.640187
processed,q2_area,Z1,cache,26775.895833969116,0,7eb51d57-3191-483f-845e-3f34293970ed,2026-06-03 05:44:35.643048
retry,q3_density,Z5,,0.0,1,8a200cf7-9f02-4007-99b3-d9db745822eb,2026-06-03 05:44:35.725352
dlq,q3_density,Z4,,0.0,3,d27a1a53-5c4b-409d-9b02-3bdedbb94d93,2026-06-03 05:44:35.731472
processed,q5_confidence_dist,Z4,cache,25460.37721633911,1,e2a52ad4-83ef-48dc-a1d7-61a1969868db,2026-06-03 05:44:35.733196
retry,q1_count,Z1,,0.0,1,16e9997a-3ce4-4599-9140-df8f94fe4bed,2026-06-03 05:44:36.148852
processed,q5_confidence_dist,Z3,cache,26681.47873878479,0,e45501ee-6ffe-466d-bfe2-8a3d56a4b810,2026-06-03 05:44:36.151236
retry,q1_count,Z5,,0.0,2,2d4af5f2-3713-45e9-9fa5-303415652321,2026-06-03 05:44:36.158882
retry,q3_density,Z1,,0.0,1,e86a5b6a-da27-4e47-b3f1-108cd0ce31ac,2026-06-03 05:44:36.656702
retry,q2_area,Z4,,0.0,2,2c7b3142-cc88-4cb0-857e-42ff21733276,2026-06-03 05:44:36.738845
retry,q4_compare,Z3,,0.0,1,d72256a5-4da8-4bd5-abc8-004034c09408,2026-06-03 05:44:37.162134
retry,q2_area,Z5,,0.0,2,06d2a151-9a20-4be7-b294-cafe2b43dfe3,2026-06-03 05:44:37.163362
retry,q3_density,Z1,,0.0,1,19e2b323-4717-44c7-a07a-920a852f695c,2026-06-03 05:44:37.666704
processed,q1_count,Z3,cache,26843.189239501953,0,62ae0b84-6801-48ec-853d-dbaabcc02e79,2026-06-03 05:44:37.668195
retry,q2_area,Z4,,0.0,2,a3be7ab8-7a13-43aa-a8ec-0fa1444e21fa,2026-06-03 05:44:37.745065
retry,q3_density,Z2,,0.0,2,258c6ecb-0445-4a33-bf40-9b66da2e2b4b,2026-06-03 05:44:38.167613
retry,q3_density,Z3,,0.0,1,e4f59ce0-4fa4-459d-8f90-04c21fbb1fbf,2026-06-03 05:44:38.172101
retry,q1_count,Z1,,0.0,2,b85155c4-2ee9-45cb-b91b-4cddac75a9c6,2026-06-03 05:44:38.751109
retry,q3_density,Z4,,0.0,2,aaf53292-965a-4c41-910d-bdb29ddfec99,2026-06-03 05:44:39.173279
retry,q2_area,Z5,,0.0,2,17587f39-f1af-4b5b-9ce3-9c1e8f00b612,2026-06-03 05:44:39.178286
dlq,q1_count,Z1,,0.0,3,67065381-1043-43d0-bf8b-62408f8f04d5,2026-06-03 05:44:39.184594
processed,q5_confidence_dist,Z4,cache,32982.08451271057,1,765c2d03-e5c3-4dc9-a998-693ea3bdc2c6,2026-06-03 05:44:39.186652
retry,q3_density,Z5,,0.0,2,1671114e-ecef-46af-a560-abf79d705b92,2026-06-03 05:44:39.756885
retry,q4_compare,Z4,,0.0,2,cf095ca7-b6ea-4027-970c-9d804c8d3a2b,2026-06-03 05:44:40.178891
retry,q4_compare,Z3,,0.0,2,bbc13fa7-4992-4ce9-94d7-3134fdc65f6b,2026-06-03 05:44:40.191964
retry,q4_compare,Z1,,0.0,2,63463feb-e492-4d03-8ed2-756f28624079,2026-06-03 05:44:40.762172
retry,q4_compare,Z5,,0.0,2,b41eb195-1fd0-442e-94ee-1e37061f37a5,2026-06-03 05:44:41.183823
retry,q3_density,Z2,,0.0,2,712317d9-862d-4e17-979d-f23b5e6f20c2,2026-06-03 05:44:41.197730
retry,q3_density,Z5,,0.0,2,30f1807d-4283-44dd-a803-422a86e10b6f,2026-06-03 05:44:41.768093
processed,q1_count,Z3,cache,30040.581941604614,1,5080a16e-dd4d-4047-9c39-27cea2889f1a,2026-06-03 05:44:41.770334
retry,q3_density,Z5,,0.0,2,df81ed24-9587-41c0-9e3c-ecba3b3b4bd4,2026-06-03 05:44:42.188493
retry,q3_density,Z4,,0.0,2,370aab99-2607-4320-a4c9-17c99302c2f7,2026-06-03 05:44:42.203173
processed,q4_compare,Z1,cache,43083.393812179565,2,ee0e77fd-cc2d-4f26-9cc5-4dfcbbb9a959,2026-06-03 05:44:42.204695
retry,q4_compare,Z4,,0.0,1,4118adab-c471-417a-a613-e6f72ab94d9d,2026-06-03 05:44:42.693955
retry,q4_compare,Z5,,0.0,2,5b7bdb63-77ca-4be8-a623-6aeacbbb3ee9,2026-06-03 05:44:42.775392
processed,q3_density,Z5,cache,41495.40114402771,1,287af52d-453a-44cc-b87a-63d031927acb,2026-06-03 05:44:42.777168
retry,q4_compare,Z2,,0.0,1,b0770c91-184b-42dd-8c2c-e9512f391646,2026-06-03 05:44:43.199626
processed,q2_area,Z4,cache,28056.50806427002,0,af46dd75-8d57-4ef7-b43f-94f4770c8c09,2026-06-03 05:44:43.201428
processed,q5_confidence_dist,Z5,cache,27154.011011123657,0,d47b1cd0-ec37-4489-8e19-d99a5077a20a,2026-06-03 05:44:43.202756
processed,q1_count,Z5,cache,24794.28505897522,0,27bf8fb5-d215-49ac-b2bf-7ad920e9d5d4,2026-06-03 05:44:43.204071
retry,q2_area,Z2,,0.0,2,973ac130-8303-45af-a67f-f0fed269b505,2026-06-03 05:44:43.209477
processed,q4_compare,Z3,cache,38663.93494606018,1,8d7602b2-32fd-4c27-ba87-71fc641825ab,2026-06-03 05:44:43.211048
processed,q3_density,Z2,cache,42182.11579322815,1,73a9b955-171d-4dc3-b2b4-5b0e6fb54f9b,2026-06-03 05:44:43.212491
processed,q2_area,Z3,cache,36055.46236038208,1,7b715ed4-2ce4-4ee2-8486-efc82eb258f4,2026-06-03 05:44:43.213733
retry,q3_density,Z5,,0.0,1,d126deac-c6f3-42ae-b811-586f1a361a65,2026-06-03 05:44:43.708596
retry,q2_area,Z2,,0.0,2,99c4219c-fda6-47c1-8d94-0b4bc37819f8,2026-06-03 05:44:43.782455
retry,q1_count,Z3,,0.0,1,a1447856-198a-4bab-9853-374a27a0d685,2026-06-03 05:44:44.213445
retry,q4_compare,Z2,,0.0,2,d55aaf3d-aa15-4796-b008-2b5defca6aee,2026-06-03 05:44:44.219000
retry,q3_density,Z2,,0.0,1,6155619d-ed83-4a8c-9eb0-8cba5888dce6,2026-06-03 05:44:44.725628
retry,q3_density,Z2,,0.0,2,85e68a99-3410-45e4-ad24-3278d91f098d,2026-06-03 05:44:44.787689
dlq,q3_density,Z2,,0.0,3,0c7f99ab-f157-4818-b69e-4422be7e6e9f,2026-06-03 05:44:44.791951
retry,q3_density,Z4,,0.0,2,96f5487b-7739-4644-8530-068a4c2cd45c,2026-06-03 05:44:45.226468
retry,q4_compare,Z4,,0.0,1,0dcf499d-7957-4570-9fa3-5ae2f46e8947,2026-06-03 05:44:45.230273
retry,q4_compare,Z2,,0.0,1,225d5d4e-6538-4e4e-9182-a06494a8763b,2026-06-03 05:44:45.734480
processed,q2_area,Z3,cache,22652.751922607422,0,633e9960-5ea4-439c-8307-719e880a798b,2026-06-03 05:44:45.736253
retry,q2_area,Z4,,0.0,2,0a7f4edd-8c2c-4491-9dd1-6a7426f406f9,2026-06-03 05:44:45.796305
retry,q3_density,Z1,,0.0,2,29de24d5-b2bd-4de8-93e8-21689ce05e72,2026-06-03 05:44:46.231974
retry,q2_area,Z4,,0.0,1,5e12f3db-1bc8-4f5f-ba17-01efb4878c4a,2026-06-03 05:44:46.240322
retry,q3_density,Z4,,0.0,1,2bfca06d-d630-4dc2-bf93-17d94c0d5d05,2026-06-03 05:44:46.745457
retry,q3_density,Z4,,0.0,2,7f1c50ea-45cc-4a95-a55a-c6e0bb1db8c5,2026-06-03 05:44:46.800740
retry,q4_compare,Z2,,0.0,2,3f2391dd-f3fd-40c3-b92b-4617084f2315,2026-06-03 05:44:47.237125
retry,q1_count,Z2,,0.0,1,aa99f5fc-a1bb-49db-8098-041a506bd727,2026-06-03 05:44:47.250642
retry,q3_density,Z5,,0.0,1,fa2ba12c-9abe-4199-9110-2ac95e013c6f,2026-06-03 05:44:47.756047
retry,q1_count,Z2,,0.0,2,814331f4-9ef8-4cbb-94fb-cf5df0653481,2026-06-03 05:44:47.804993
processed,q2_area,Z4,cache,49639.972448349,2,89b04bb7-f895-4e6d-8521-f2e84f9b9704,2026-06-03 05:44:47.806575
retry,q3_density,Z4,,0.0,2,3a46bd80-9e57-411f-9c51-4e5cfc58ea63,2026-06-03 05:44:48.241521
dlq,q1_count,Z1,,0.0,3,aa06e731-9ea1-4f53-b1ba-1e69e5812d09,2026-06-03 05:44:48.245561
retry,q4_compare,Z5,,0.0,1,0f63ea42-af3e-44b8-88b6-3aab54a18f0d,2026-06-03 05:44:48.261614
processed,q3_density,Z3,cache,27542.79589653015,0,107a44ce-a620-42aa-ba08-bc46295391e0,2026-06-03 05:44:48.264060
retry,q1_count,Z1,,0.0,1,34e9b2bb-9e23-48f5-987f-a71b2197b119,2026-06-03 05:44:48.777814
processed,q1_count,Z2,cache,34840.72780609131,0,1c79c3ce-5182-46eb-97ec-3f7e19f34c9e,2026-06-03 05:44:48.780183
processed,q2_area,Z5,cache,34390.82717895508,0,bdf02ee5-2cc8-468c-8203-f410b049f701,2026-06-03 05:44:48.782247
processed,q5_confidence_dist,Z1,cache,33689.16869163513,0,d8cb98c5-f8dc-4773-9c94-de27f4e44fb3,2026-06-03 05:44:48.783838
processed,q2_area,Z1,cache,32686.443567276,0,3c61e046-04f1-4a23-9dee-27572013602e,2026-06-03 05:44:48.785971
processed,q1_count,Z2,cache,31985.269784927368,0,cdb654c5-7fa5-47e8-ae7d-0540b55678e9,2026-06-03 05:44:48.787830
retry,q4_compare,Z4,,0.0,2,0c5c3b57-cdf1-4cc6-b2c4-c3be2b53719e,2026-06-03 05:44:48.810824
retry,q3_density,Z1,,0.0,2,3631adbc-409f-46bb-828c-4d57db3c61e3,2026-06-03 05:44:49.249936
dlq,q4_compare,Z2,,0.0,3,e60acb73-221b-4d1d-9207-730e0ee31daf,2026-06-03 05:44:49.253874
retry,q2_area,Z4,,0.0,1,c962f5a2-b5ca-4e32-8003-444e4db295f1,2026-06-03 05:44:49.294065
retry,q3_density,Z1,,0.0,1,76d18dcf-b8d6-4288-af77-bf1a936c8f94,2026-06-03 05:44:49.800311
retry,q3_density,Z1,,0.0,2,cce2b383-a49f-4cac-9ee0-eb8bf49f20f7,2026-06-03 05:44:49.816215
retry,q3_density,Z2,,0.0,2,5c91a7d9-2269-4bca-aa61-bb688f00a56b,2026-06-03 05:44:50.259249
processed,q2_area,Z2,cache,42248.62217903137,1,570e24d3-2fbf-4298-9970-99b60308b5e8,2026-06-03 05:44:50.260843
retry,q4_compare,Z5,,0.0,1,65dc4233-c6a3-4dfc-8579-e80ee0299eaa,2026-06-03 05:44:50.306086
retry,q1_count,Z3,,0.0,1,1166145b-e21e-4ff7-8b4d-2192572130f4,2026-06-03 05:44:50.768345
processed,q1_count,Z3,cache,36881.50119781494,0,98701829-331e-4179-b90b-0d7cc01734d0,2026-06-03 05:44:50.770557
processed,q1_count,Z1,cache,36582.19885826111,0,e59862a9-3d4d-45ef-be8e-dc7db0ff3177,2026-06-03 05:44:50.772128
retry,q4_compare,Z2,,0.0,1,8e13170e-162b-44b7-ae70-387d7fb53842,2026-06-03 05:44:50.812224
retry,q4_compare,Z5,,0.0,2,df785228-3992-41b3-93d5-175823ed0b36,2026-06-03 05:44:50.821869
processed,q3_density,Z3,cache,36081.05754852295,0,50591fab-f349-4a36-881e-5b69d0047dd5,2026-06-03 05:44:50.824126
retry,q1_count,Z1,,0.0,1,0ef16c3f-1c1c-4d45-aca5-99d1864d075b,2026-06-03 05:44:51.277503
retry,q2_area,Z2,,0.0,1,68d50088-9c6e-4985-a2a8-cc9896895bb6,2026-06-03 05:44:51.317532
processed,q5_confidence_dist,Z2,cache,30498.140573501587,0,76eece47-2e36-472f-98aa-d0b29c4c69f4,2026-06-03 05:44:51.319737
retry,q2_area,Z5,,0.0,1,ce169436-0ad7-41d6-b3e4-7726493442b9,2026-06-03 05:44:51.329153
retry,q3_density,Z1,,0.0,1,37060867-c306-450e-9371-1b7952770a9f,2026-06-03 05:44:51.783141
retry,q4_compare,Z4,,0.0,1,ebc9082e-110a-44b0-84ac-dc63235e02b4,2026-06-03 05:44:51.825510
retry,q3_density,Z5,,0.0,1,b6562591-0c58-4faf-902f-abc56875f90c,2026-06-03 05:44:51.834575
retry,q3_density,Z1,,0.0,1,2467a986-950c-4aab-bafe-03f7d0bf34c2,2026-06-03 05:44:52.288727
processed,q3_density,Z3,cache,35990.578174591064,0,81e0204d-485c-4c59-afbc-50c126c87f3f,2026-06-03 05:44:52.291055
processed,q5_confidence_dist,Z4,cache,34586.445331573486,0,731a4e46-1368-4c33-8ab2-20a9c9657076,2026-06-03 05:44:52.292989
processed,q2_area,Z5,cache,34236.45734786987,0,15a4da4e-0d29-46dc-a20f-a6b4efaecf84,2026-06-03 05:44:52.294870
processed,q5_confidence_dist,Z1,cache,34188.058853149414,0,4b0ca150-eb94-4487-921f-7c11a55feb9d,2026-06-03 05:44:52.296721
retry,q3_density,Z4,,0.0,1,1a43ae9d-fcca-450d-9a2c-cde78c6cb00a,2026-06-03 05:44:52.331495
retry,q4_compare,Z4,,0.0,1,1ef39a43-142e-407c-9fa9-d59a03ff288b,2026-06-03 05:44:52.339532
processed,q2_area,Z5,cache,33328.65595817566,0,9ff130c8-cc34-4342-8c65-54f874b460ed,2026-06-03 05:44:52.341851
processed,q2_area,Z5,cache,32928.9870262146,0,675f5def-bee2-432b-9add-20b1e9ffbc36,2026-06-03 05:44:52.344059
processed,q5_confidence_dist,Z5,cache,32127.389669418335,0,f890943d-da0e-4742-92da-83e6349af0a8,2026-06-03 05:44:52.346243
processed,q5_confidence_dist,Z5,cache,39312.8662109375,0,d90c7f81-f7df-4b1c-a288-438c108825a5,2026-06-03 05:44:52.348101
retry,q4_compare,Z1,,0.0,1,1b930923-ca0e-47e9-884e-598fc666f456,2026-06-03 05:44:52.801997
retry,q2_area,Z5,,0.0,1,ef1da7d9-9a70-48d3-848c-a27159440c3e,2026-06-03 05:44:52.837861
retry,q4_compare,Z3,,0.0,1,33e7b1e2-8b30-450c-ad7d-b2041980eabe,2026-06-03 05:44:52.852593
retry,q2_area,Z2,,0.0,1,66f1e415-ec41-48cd-9ce0-6c2092129983,2026-06-03 05:44:53.307827
processed,q4_compare,Z4,cache,29623.63600730896,0,94a8fece-8638-48c0-a3be-ca3902566829,2026-06-03 05:44:53.310432
retry,q4_compare,Z1,,0.0,1,2334b68d-cf03-4a09-8fdd-6902ccf2b6d8,2026-06-03 05:44:53.344143
retry,q2_area,Z4,,0.0,1,20139745-e33c-4316-921d-bfaed098f572,2026-06-03 05:44:53.357442
retry,q4_compare,Z2,,0.0,1,80a64ec1-b688-4728-8905-1ebc80188162,2026-06-03 05:44:53.816279
retry,q3_density,Z2,,0.0,1,1754c15a-4ac8-4f54-a428-708d462ecfd2,2026-06-03 05:44:53.850117
retry,q4_compare,Z2,,0.0,1,160d51e3-dcb0-4487-a60a-8bf13c731c1b,2026-06-03 05:44:53.862827
retry,q2_area,Z5,,0.0,1,594c8223-ee16-440e-b9b2-50b0d51f1399,2026-06-03 05:44:54.322082
processed,q4_compare,Z1,cache,38676.70750617981,0,2803a1f0-2708-427d-808a-803c20310934,2026-06-03 05:44:54.324172
processed,q2_area,Z3,cache,36920.99046707153,0,64a011bd-a779-4408-8639-7f28b43a1f05,2026-06-03 05:44:54.326351
processed,q5_confidence_dist,Z5,cache,35164.58773612976,0,b6aeb22d-505b-48cc-86a1-5293fe0c1b71,2026-06-03 05:44:54.328088
retry,q4_compare,Z2,,0.0,1,8b2b070f-4928-494f-a9b5-9b32bb12c8ba,2026-06-03 05:44:54.367945
retry,q4_compare,Z3,,0.0,1,fa9d421e-41eb-4134-9e44-f2b09ef0eb30,2026-06-03 05:44:54.832912
retry,q1_count,Z5,,0.0,2,6bb55bac-6372-448f-8a86-8f59b02f68ea,2026-06-03 05:44:54.857823
retry,q4_compare,Z3,,0.0,1,64b16d2f-8730-43be-8c77-618ec4192b5d,2026-06-03 05:44:54.872714
retry,q4_compare,Z5,,0.0,1,a9598515-7938-47c0-9c74-4c0fac5eed95,2026-06-03 05:44:55.338630
processed,q5_confidence_dist,Z3,cache,32106.528520584106,0,09594f27-e019-4705-9bf9-04d8d5e2a96e,2026-06-03 05:44:55.341100
retry,q2_area,Z5,,0.0,1,36406fbb-aaa1-4ec5-ba3d-7acb0e891070,2026-06-03 05:44:55.378844
retry,q3_density,Z1,,0.0,1,366116cd-9e7d-4812-a984-d37c81735305,2026-06-03 05:44:55.846700
processed,q3_density,Z1,cache,40502.875328063965,0,7f867f83-d48d-40c0-beaf-9ffffa01b8ee,2026-06-03 05:44:55.849384
retry,q4_compare,Z1,,0.0,2,a9137a63-cd42-4d7b-b367-7ba60a4a3a2a,2026-06-03 05:44:55.863965
retry,q1_count,Z1,,0.0,1,500c5a63-ddb8-47ff-89a0-2d1683e076c0,2026-06-03 05:44:55.884335
retry,q3_density,Z2,,0.0,1,a6548c4b-d54d-4710-badd-53ceb58314b8,2026-06-03 05:44:56.354590
retry,q3_density,Z2,,0.0,1,561c6125-9723-4ebe-8ceb-e91cd4c71019,2026-06-03 05:44:56.391108
processed,q2_area,Z3,cache,39289.0830039978,0,67309901-95c2-4cac-9714-275fc0f2e295,2026-06-03 05:44:56.392706
retry,q4_compare,Z5,,0.0,1,e7d6c81e-8cc9-4ce5-a354-fab077a4a223,2026-06-03 05:44:56.859409
processed,q5_confidence_dist,Z1,cache,37546.89574241638,0,2e8aada1-426f-4c46-b1fe-1aa279cde3ef,2026-06-03 05:44:56.861072
processed,q1_count,Z4,cache,35287.65344619751,0,82a9c54f-0c7e-440f-b8eb-b8ecc8e87f8d,2026-06-03 05:44:56.862462
processed,q1_count,Z4,cache,34584.19919013977,0,24fa9251-c52e-434f-be86-9765e4db850d,2026-06-03 05:44:56.863598
retry,q4_compare,Z5,,0.0,2,1d59b887-d3be-433c-9588-e1c5e947b39a,2026-06-03 05:44:56.869546
retry,q3_density,Z5,,0.0,1,e145699d-8691-4f78-8816-4eb6426f87e5,2026-06-03 05:44:56.896881
retry,q4_compare,Z2,,0.0,1,a12b0002-efd3-4b5a-a82d-898a789e2922,2026-06-03 05:44:57.368010
processed,q2_area,Z2,cache,33232.242822647095,0,69d0dfda-5cfc-4288-a525-9d4237f75fdd,2026-06-03 05:44:57.370339
retry,q4_compare,Z4,,0.0,1,8c12f81e-52ef-44f6-8977-bba24fa87b5d,2026-06-03 05:44:57.401242
processed,q5_confidence_dist,Z3,cache,37134.21845436096,0,f7864f01-1329-4d07-839d-f3dfe3aa097a,2026-06-03 05:44:57.402757
processed,q5_confidence_dist,Z3,cache,34421.26226425171,0,4acda21d-6c45-47b5-b911-210301345d6a,2026-06-03 05:44:57.403952
retry,q4_compare,Z3,,0.0,2,f83980aa-8323-4e3e-9b75-2877c8f937b9,2026-06-03 05:44:57.892154
retry,q2_area,Z2,,0.0,1,e9054132-d7d9-4084-b9f8-60f763f94dd1,2026-06-03 05:44:57.892551
retry,q4_compare,Z1,,0.0,1,aef9f4e0-4719-4cc2-a6ba-6e36b9765ffc,2026-06-03 05:44:57.910312
processed,q2_area,Z1,cache,43420.71032524109,0,e2f12936-f810-4b36-b004-f75af012e17e,2026-06-03 05:44:57.912689
retry,q1_count,Z3,,0.0,1,e06183b2-0553-4100-be82-52ef3317e31b,2026-06-03 05:44:58.418952
retry,q4_compare,Z4,,0.0,2,204762d6-551f-41bb-9fa2-1cff370b1fd0,2026-06-03 05:44:58.907498
retry,q1_count,Z5,,0.0,2,86e0b3c7-4345-45db-bfef-0905dae617e1,2026-06-03 05:44:58.909458
retry,q4_compare,Z2,,0.0,1,05a18ca5-6502-460e-9a06-41aacf601d20,2026-06-03 05:44:58.932875
retry,q3_density,Z3,,0.0,1,6d132271-e5d0-4c37-a29f-05093c81d72b,2026-06-03 05:44:59.437154
retry,q3_density,Z1,,0.0,2,0fe47452-d929-4063-90c3-db57d46e7ce3,2026-06-03 05:44:59.912797
retry,q4_compare,Z2,,0.0,2,5536f364-00f1-4d01-b855-15c6fa970a42,2026-06-03 05:44:59.914126
retry,q4_compare,Z5,,0.0,1,97863cb5-aa22-4df6-bfd0-1db59c829705,2026-06-03 05:44:59.946319
processed,q3_density,Z2,generator,41393.542528152466,0,90f3675d-5908-481a-88c6-9d489bd1f234,2026-06-03 05:44:59.954638
processed,q4_compare,Z3,generator,40046.255588531494,0,c940dd5b-17ba-40b1-b6bb-bfb70e205772,2026-06-03 05:44:59.963186
processed,q1_count,Z2,cache,39847.004413604736,0,f0d533d8-6f05-4be6-a3ed-d7483192c33a,2026-06-03 05:44:59.965486
retry,q4_compare,Z3,,0.0,1,c7f638e8-6c89-40f6-a0c1-9b0a332f9c8e,2026-06-03 05:45:00.420208
retry,q4_compare,Z2,,0.0,1,eac3ee05-af96-4e70-a693-cd4d0eecf0b8,2026-06-03 05:45:00.470429
processed,q2_area,Z1,cache,38243.05033683777,0,3b1e17df-43f3-44d1-b01c-7b8455107eb0,2026-06-03 05:45:00.472495
processed,q1_count,Z4,cache,36687.62445449829,0,6fc51576-7774-4017-920d-7a3ebb9a0124,2026-06-03 05:45:00.474544
processed,q5_confidence_dist,Z3,cache,36589.17689323425,0,20bb5965-d8a0-464a-b3ec-dd9c898ed3a0,2026-06-03 05:45:00.476288
processed,q2_area,Z1,generator,36293.628454208374,0,0845d670-52f4-4466-a591-97afbc64aad0,2026-06-03 05:45:00.481660
processed,q5_confidence_dist,Z4,cache,36194.69237327576,0,84751f07-6b43-430e-ab6f-8d9f8c7a0392,2026-06-03 05:45:00.483542
processed,q5_confidence_dist,Z1,cache,32026.37815475464,0,2035a72d-c6f3-4591-bea9-16c2d6e6630e,2026-06-03 05:45:00.485075
processed,q2_area,Z3,cache,30269.80757713318,0,8831ebae-67af-496f-9793-c49cbff1ff91,2026-06-03 05:45:00.486949
retry,q3_density,Z3,,0.0,2,e4f59ce0-4fa4-459d-8f90-04c21fbb1fbf,2026-06-03 05:45:00.919268
retry,q4_compare,Z5,,0.0,1,38706a1f-4162-4385-8e19-4ece86056d6e,2026-06-03 05:45:00.924381
processed,q1_count,Z1,generator,42972.05185890198,0,acf63687-aace-4aab-bd1b-41b89c6c340b,2026-06-03 05:45:00.930017
processed,q5_confidence_dist,Z5,cache,41266.04771614075,0,dbc95509-8ec1-485f-b42a-73bdc8f50be2,2026-06-03 05:45:00.931854
processed,q5_confidence_dist,Z4,cache,40865.85450172424,0,ea6d55c4-69d9-4fc3-a5d7-0972c9f09442,2026-06-03 05:45:00.933754
processed,q1_count,Z3,cache,39963.45400810242,0,51aa37bd-f5c9-4107-9a29-cb2b08fcec71,2026-06-03 05:45:00.935589
processed,q1_count,Z1,generator,38611.05179786682,0,88679614-24b8-4e92-9c78-8ec8a7a5e7df,2026-06-03 05:45:00.940915
retry,q4_compare,Z5,,0.0,1,b1554c60-8578-4506-bf74-22ba30f405f7,2026-06-03 05:45:00.991466
retry,q2_area,Z4,,0.0,1,ffc24dc5-20ba-4436-9dff-93df57cb623d,2026-06-03 05:45:01.445626
processed,q4_compare,Z5,generator,35406.713247299194,0,05217207-756e-4822-9a11-65ee59eaddcb,2026-06-03 05:45:01.455116
processed,q3_density,Z3,generator,34459.79428291321,0,7a08cde6-8b93-41cc-9b34-1d34bc818868,2026-06-03 05:45:01.462024
processed,q3_density,Z4,cache,31749.13239479065,0,255584c6-de8f-4996-8a5f-9a63f5c7906d,2026-06-03 05:45:01.463888
retry,q1_count,Z5,,0.0,1,7afd15b1-4c57-4ff5-b4ce-3e90da8790bb,2026-06-03 05:45:01.496364
processed,q4_compare,Z2,cache,29824.674606323242,0,3755107d-b4d3-4d92-b39f-19b7e9a32e23,2026-06-03 05:45:01.498740
retry,q4_compare,Z2,,0.0,2,b0770c91-184b-42dd-8c2c-e9512f391646,2026-06-03 05:45:01.924620
processed,q3_density,Z2,cache,56224.39742088318,2,85e68a99-3410-45e4-ad24-3278d91f098d,2026-06-03 05:45:01.927021
processed,q2_area,Z4,generator,56380.889654159546,2,0a7f4edd-8c2c-4491-9dd1-6a7426f406f9,2026-06-03 05:45:01.932502
recovered,q2_area,Z4,generator,56380.889654159546,2,0a7f4edd-8c2c-4491-9dd1-6a7426f406f9,2026-06-03 05:45:01.934445
processed,q4_compare,Z4,generator,61564.71514701843,2,0c5c3b57-cdf1-4cc6-b2c4-c3be2b53719e,2026-06-03 05:45:01.942127
recovered,q4_compare,Z4,generator,61564.71514701843,2,0c5c3b57-cdf1-4cc6-b2c4-c3be2b53719e,2026-06-03 05:45:01.944234
processed,q1_count,Z3,generator,56498.401165008545,1,8662c72a-144d-4700-a73e-958b816fa169,2026-06-03 05:45:01.949462
recovered,q1_count,Z3,generator,56498.401165008545,1,8662c72a-144d-4700-a73e-958b816fa169,2026-06-03 05:45:01.951371
retry,q2_area,Z3,,0.0,1,6aca5620-d8d1-4702-af6f-792955a752a0,2026-06-03 05:45:01.967963
processed,q3_density,Z3,cache,48231.457471847534,0,696f5916-4296-4d4d-8abd-8fd86befa38f,2026-06-03 05:45:01.969788
processed,q1_count,Z4,generator,47885.19072532654,0,980e67df-7273-4159-adb2-809cb112aa89,2026-06-03 05:45:01.975167
processed,q2_area,Z5,cache,47033.09106826782,0,2fc64727-8777-43bc-a8d6-95096e41579c,2026-06-03 05:45:01.977151
processed,q1_count,Z1,cache,45779.11400794983,0,46c5ee19-8b29-48ea-a549-f33b4032a1d1,2026-06-03 05:45:01.978877
processed,q1_count,Z2,cache,45379.138469696045,0,3b842607-9432-4472-9d05-5e2c79067b29,2026-06-03 05:45:01.980772
retry,q3_density,Z4,,0.0,1,8ecd4b69-6c3a-4950-8908-8640d99f1dc1,2026-06-03 05:45:02.003816
processed,q2_area,Z4,generator,48422.268867492676,0,d508eb7f-f6ed-4d2f-a9db-a31d83163c5b,2026-06-03 05:45:02.010100
retry,q2_area,Z4,,0.0,1,53f7afa6-23b6-4f1c-bb37-0efffa271788,2026-06-03 05:45:02.485205
processed,q5_confidence_dist,Z2,cache,44981.55069351196,0,eeda775e-080c-4b27-a922-d9b5c8c3ecba,2026-06-03 05:45:02.486781
processed,q3_density,Z4,cache,43977.77509689331,0,c909a9fa-a487-475f-93be-ececa8d1aaee,2026-06-03 05:45:02.487864
processed,q3_density,Z4,generator,43730.852127075195,0,8269cba9-e3ac-4d79-bac4-b4a9a3cc571a,2026-06-03 05:45:02.492130
processed,q4_compare,Z4,generator,41124.57084655762,0,5883c6a1-f2eb-4a73-a314-42af720adcda,2026-06-03 05:45:02.498627
processed,q4_compare,Z3,generator,39573.95553588867,0,0b795dea-94c2-465f-8e9e-5de911123704,2026-06-03 05:45:02.507175
processed,q5_confidence_dist,Z1,cache,36209.93876457214,0,aee8c1eb-a434-4c13-9247-7ece577d1ee4,2026-06-03 05:45:02.508920
retry,q2_area,Z2,,0.0,1,3a984d09-5644-47b6-be7b-71da00cc10de,2026-06-03 05:45:02.513953
retry,q3_density,Z1,,0.0,2,c896d0ca-d5da-4fd6-b83a-115b24f9a5ce,2026-06-03 05:45:02.955846
retry,q1_count,Z5,,0.0,1,89b23eae-f4a3-4065-a2cb-e48740819cec,2026-06-03 05:45:03.012911
processed,q3_density,Z1,cache,35560.60600280762,0,7aaaf407-8c2b-44f7-88b0-f0c59f8719ad,2026-06-03 05:45:03.014530
retry,q1_count,Z3,,0.0,1,91a1ddbf-c90f-4c97-bd8a-edea18e32e17,2026-06-03 05:45:03.018065
processed,q2_area,Z5,generator,46472.57375717163,0,bda6529f-c20b-4b0a-be50-404774b34bf8,2026-06-03 05:45:03.023538
processed,q4_compare,Z4,generator,45976.03225708008,0,484c082d-8d86-4c98-9962-260ec3e21934,2026-06-03 05:45:03.029858
processed,q1_count,Z1,cache,44420.543909072876,0,c4e20d3a-2695-400e-a1dd-7d30556d95a1,2026-06-03 05:45:03.031474
processed,q3_density,Z1,generator,43923.97975921631,0,f0708ba0-d866-4322-8b2f-f5113458df36,2026-06-03 05:45:03.037240
processed,q5_confidence_dist,Z5,cache,43021.4319229126,0,ecc4caf1-eaa3-4ff0-9037-4b057e39c281,2026-06-03 05:45:03.039023
retry,q4_compare,Z3,,0.0,1,a1f3789f-64af-4e4d-a86c-ec236eafa62f,2026-06-03 05:45:03.519286
processed,q1_count,Z1,cache,49883.220911026,0,5f38f204-65b3-4a97-aaa4-a76bd0f77388,2026-06-03 05:45:03.521501
retry,q3_density,Z4,,0.0,1,1f2d6113-01db-4782-9818-60e72cc7f277,2026-06-03 05:45:03.542621
processed,q5_confidence_dist,Z1,cache,42421.59390449524,0,2d16b80a-d68a-4455-9528-32c93150e550,2026-06-03 05:45:03.544149
retry,q1_count,Z2,,0.0,2,4f72cfbb-92a7-4d71-b495-766334945491,2026-06-03 05:45:03.960424
retry,q3_density,Z5,,0.0,1,ec9cd25e-0fd1-4fbe-9cac-dddd3ceb375a,2026-06-03 05:45:04.025896
processed,q2_area,Z1,generator,45671.849966049194,0,c243b06d-4bca-49c0-baec-59c3149e842b,2026-06-03 05:45:04.031351
processed,q1_count,Z3,cache,45221.113204956055,0,437f52b1-12ec-4a4b-90e2-69714df8658a,2026-06-03 05:45:04.032746
processed,q5_confidence_dist,Z2,cache,44670.08638381958,0,6aede6b7-57b0-422a-bea7-85a52f9d0ebf,2026-06-03 05:45:04.034565
retry,q4_compare,Z2,,0.0,1,20cf358e-71bd-4558-b3ea-dcd4d70b5a37,2026-06-03 05:45:04.047908
processed,q1_count,Z1,cache,39660.33577919006,0,ecd1f37e-e0ea-4ba8-894e-03b77f8552f9,2026-06-03 05:45:04.049260
processed,q5_confidence_dist,Z4,cache,39310.04977226257,0,76e50a7d-2ca1-4be9-9c83-466786ad77e1,2026-06-03 05:45:04.050334
retry,q3_density,Z3,,0.0,1,72f30f57-433a-42f5-bb49-81f76709a5a0,2026-06-03 05:45:04.538368
retry,q4_compare,Z2,,0.0,1,56f26316-fec4-461b-95ab-ba31cd347719,2026-06-03 05:45:04.554483
retry,q2_area,Z1,,0.0,2,38b0dffe-8374-4626-a244-609b6fdb61a9,2026-06-03 05:45:04.964787
processed,q1_count,Z1,generator,55299.959897994995,1,200aa0e7-4a52-4c23-9878-f2a83c0adbd7,2026-06-03 05:45:04.969627
recovered,q1_count,Z1,generator,55299.959897994995,1,200aa0e7-4a52-4c23-9878-f2a83c0adbd7,2026-06-03 05:45:04.970738
retry,q3_density,Z3,,0.0,1,92ffe420-3430-4c3a-b2ed-32823a307c8a,2026-06-03 05:45:05.043064
processed,q4_compare,Z3,cache,44122.95126914978,0,629b0346-d1b7-4c0f-9e1e-be42c4b1252d,2026-06-03 05:45:05.044531
processed,q2_area,Z1,cache,43219.33054924011,0,8c9eab90-1eb2-4990-8f34-236971b12173,2026-06-03 05:45:05.045567
processed,q2_area,Z1,cache,42264.833211898804,0,73754451-8cb9-4714-b54d-c227a485c9e5,2026-06-03 05:45:05.046548
processed,q1_count,Z4,cache,42165.38906097412,0,c69b8977-bfb1-4e2b-ad26-c917fd8b893a,2026-06-03 05:45:05.047543
retry,q3_density,Z2,,0.0,1,702b422c-f144-4095-96c6-88dadcf11086,2026-06-03 05:45:05.059247
processed,q5_confidence_dist,Z1,cache,37958.52613449097,0,112f630d-bfa0-48a4-8f59-476505fd9984,2026-06-03 05:45:05.061142
processed,q3_density,Z4,cache,36754.73880767822,0,cb49ec02-bf61-43bf-ac7c-37faa667f19d,2026-06-03 05:45:05.062532
retry,q3_density,Z2,,0.0,1,88713ac0-be3c-4882-a1fc-b2ce856fb462,2026-06-03 05:45:05.551349
processed,q4_compare,Z4,generator,40466.63784980774,0,3dcf3aa8-d775-4b35-a5ec-654e51b426c0,2026-06-03 05:45:05.558912
processed,q2_area,Z2,generator,40220.75319290161,0,96e085bf-a837-457b-b091-356d6276216b,2026-06-03 05:45:05.564427
retry,q4_compare,Z4,,0.0,1,55bf3e56-fe18-429e-9557-0e355f401790,2026-06-03 05:45:05.566974
processed,q5_confidence_dist,Z2,cache,36406.41164779663,0,52f612f1-a535-4e36-8e96-6b52d9a1654c,2026-06-03 05:45:05.568750
processed,q4_compare,Z4,generator,36011.44599914551,0,1fa7372f-9d3e-4643-9ede-ddb2b93d2dc0,2026-06-03 05:45:05.575819
processed,q4_compare,Z1,generator,35969.85101699829,0,2632e4a4-beac-4fd4-bd65-609ddf7f5fc0,2026-06-03 05:45:05.584802
processed,q2_area,Z4,cache,35118.53122711182,0,9368f926-fc46-4016-9064-4de02993607b,2026-06-03 05:45:05.586939
processed,q5_confidence_dist,Z2,cache,34668.60508918762,0,b017ba76-6034-41ca-80d4-92cb7e19e9b5,2026-06-03 05:45:05.588399
processed,q4_compare,Z5,generator,32365.2184009552,0,915b911a-9427-4ebc-bd08-6156be0e4f44,2026-06-03 05:45:05.596592
retry,q3_density,Z4,,0.0,2,1a43ae9d-fcca-450d-9a2c-cde78c6cb00a,2026-06-03 05:45:05.974793
processed,q2_area,Z2,generator,43801.945209503174,1,66f1e415-ec41-48cd-9ce0-6c2092129983,2026-06-03 05:45:05.980938
recovered,q2_area,Z2,generator,43801.945209503174,1,66f1e415-ec41-48cd-9ce0-6c2092129983,2026-06-03 05:45:05.982221
retry,q4_compare,Z4,,0.0,1,cf7c2bd6-2035-4cf7-a2a0-c3c0db72aa04,2026-06-03 05:45:06.069342
processed,q2_area,Z2,cache,39269.909620285034,0,d72daaa1-e886-47b2-b570-26b8d32947a1,2026-06-03 05:45:06.070886
processed,q5_confidence_dist,Z5,cache,38568.13621520996,0,ba9f0e46-6f12-4b9a-9da0-b6216d7f525e,2026-06-03 05:45:06.072072
retry,q3_density,Z3,,0.0,1,96f0731f-a4f7-46bb-aa12-3925d01b97a6,2026-06-03 05:45:06.100943
processed,q5_confidence_dist,Z1,cache,52414.73865509033,0,f2bbeef7-18aa-42a3-93d3-781f607650c2,2026-06-03 05:45:06.102623
retry,q2_area,Z4,,0.0,1,bf757f72-7fc9-4f07-b66f-4c655fcd5a4f,2026-06-03 05:45:06.577329
processed,q5_confidence_dist,Z1,cache,37165.58647155762,0,d0bd404b-7eec-44f0-add0-069ac06e94f7,2026-06-03 05:45:06.578858
processed,q5_confidence_dist,Z1,cache,36564.42379951477,0,a498d5d0-66d1-456e-8201-daada19effaf,2026-06-03 05:45:06.580285
processed,q1_count,Z5,cache,53697.20125198364,0,f0fb7fe2-575c-4e48-b486-824f9432ead2,2026-06-03 05:45:06.581426
processed,q1_count,Z5,cache,52543.46036911011,0,d76eaeec-0c7c-4abb-83c9-13ee103027d3,2026-06-03 05:45:06.582538
processed,q1_count,Z3,cache,50786.05651855469,0,2e25eb2a-b798-434a-b532-81bbaf870fed,2026-06-03 05:45:06.583640
processed,q3_density,Z5,cache,48778.26261520386,0,03ef8853-396d-49aa-bb09-dff00af74c29,2026-06-03 05:45:06.584679
processed,q1_count,Z3,cache,46970.531940460205,0,c0f16f87-12ad-47f5-a627-ec7e2a1dcb19,2026-06-03 05:45:06.585693
processed,q1_count,Z1,cache,45916.54300689697,0,db3af928-a423-424a-bd25-97df451a7449,2026-06-03 05:45:06.586683
processed,q1_count,Z2,cache,45113.70921134949,0,ec78e43e-fdd9-42ae-b197-9a39be1a63d7,2026-06-03 05:45:06.587694
processed,q2_area,Z4,cache,44158.66160392761,0,3472b817-9b9d-40ef-a162-3472f44e0af4,2026-06-03 05:45:06.588696
retry,q1_count,Z2,,0.0,1,1a9a4ef0-c6d9-4eb4-8d7d-9ab0584fb865,2026-06-03 05:45:06.606474
processed,q4_compare,Z3,generator,52272.71556854248,0,75cf1b2f-8638-4606-8b29-d9c384bc4474,2026-06-03 05:45:06.613370
processed,q2_area,Z4,cache,51620.83387374878,0,6c04c106-a9e1-4feb-b4b2-e7e1655fec16,2026-06-03 05:45:06.614707
processed,q5_confidence_dist,Z4,cache,51422.911405563354,0,c9010273-fa5a-4de1-9176-bd3380c5073d,2026-06-03 05:45:06.617996
processed,q2_area,Z3,cache,50118.59345436096,0,c0745555-5747-4a6d-a3db-196edc8cd3af,2026-06-03 05:45:06.619269
processed,q4_compare,Z3,generator,49673.7699508667,0,a383e5d5-cc1f-4c09-91c8-837498acf36e,2026-06-03 05:45:06.626684
processed,q3_density,Z5,generator,48423.33912849426,0,039261df-3435-443a-9105-cdf3451b077c,2026-06-03 05:45:06.632442
processed,q1_count,Z4,cache,45461.10916137695,0,e69b73df-8778-43a9-9e57-96c4894a415e,2026-06-03 05:45:06.634451
processed,q2_area,Z4,cache,41594.045877456665,0,a0e281d0-6db7-479d-a04a-f761153bd56b,2026-06-03 05:45:06.635727
processed,q3_density,Z1,cache,41243.38698387146,0,1a871c80-3435-4cae-8494-ad9ab22fe359,2026-06-03 05:45:06.636893
processed,q4_compare,Z4,cache,40841.84813499451,0,0e513279-2f0b-471e-b101-1a9739f395a4,2026-06-03 05:45:06.637966
processed,q3_density,Z2,cache,40390.79260826111,0,f87b810b-db21-474d-99c9-931fcc1bd105,2026-06-03 05:45:06.639009
processed,q2_area,Z3,generator,38688.16876411438,0,193a7c76-e117-404d-9137-2538f5134c2f,2026-06-03 05:45:06.644534
processed,q2_area,Z1,cache,37433.709144592285,0,9b44144c-9d6a-4865-a201-912b24794152,2026-06-03 05:45:06.646335
processed,q1_count,Z3,cache,36983.312368392944,0,0cc87c39-6e21-4baf-94b7-607c86ea7250,2026-06-03 05:45:06.647868
retry,q3_density,Z3,,0.0,2,c3e251f0-cc14-4f46-9fba-7fff392b0e9b,2026-06-03 05:45:06.986117
retry,q3_density,Z5,,0.0,1,c55d4390-3502-4e9f-bbdf-684bb83e42dd,2026-06-03 05:45:07.092471
processed,q4_compare,Z3,generator,42761.97147369385,0,764b6262-b5db-4513-9cc1-6b7863730771,2026-06-03 05:45:07.100961
processed,q5_confidence_dist,Z5,cache,42663.21277618408,0,34d99380-0d86-46d9-8d8a-a97d473d0777,2026-06-03 05:45:07.102346
processed,q1_count,Z1,cache,42262.733697891235,0,1cad356b-8513-4369-8326-9b4d98dc74d7,2026-06-03 05:45:07.103462
retry,q4_compare,Z1,,0.0,1,e47a539f-23eb-430c-96b6-11c96ef5f55e,2026-06-03 05:45:07.152283
processed,q1_count,Z4,cache,36033.12945365906,0,5e467e87-44a6-4605-9c88-5b8365fbae6b,2026-06-03 05:45:07.154449
processed,q1_count,Z3,cache,35331.50935173035,0,bf71ec8e-631c-40f5-8b69-f6280ed4a13b,2026-06-03 05:45:07.155788
processed,q3_density,Z4,cache,35182.11650848389,0,3c8e763c-8800-4b00-8c86-e447daf9235f,2026-06-03 05:45:07.156933
processed,q5_confidence_dist,Z4,cache,33123.549461364746,0,7d993237-0084-4af1-96ff-76a576745950,2026-06-03 05:45:07.158063
processed,q5_confidence_dist,Z4,cache,52919.214487075806,0,fa27a62d-19a0-41c9-a760-dc7b70d37116,2026-06-03 05:45:07.159422
retry,q4_compare,Z5,,0.0,1,6403ec18-b349-4882-b79e-10b7f872fa1f,2026-06-03 05:45:07.607510
processed,q4_compare,Z3,generator,42372.91407585144,0,72a48875-ade8-49d4-a648-4d319ae66a4d,2026-06-03 05:45:07.615868
processed,q1_count,Z1,cache,44937.57772445679,1,34e9b2bb-9e23-48f5-987f-a71b2197b119,2026-06-03 05:45:07.618948
retry,q3_density,Z5,,0.0,1,b9af0242-5c7b-408a-8318-eba6b25dae55,2026-06-03 05:45:07.663821
retry,q4_compare,Z1,,0.0,2,23fd627a-fb09-4ce1-ac77-73b095740fec,2026-06-03 05:45:07.990988
retry,q2_area,Z1,,0.0,1,c4878117-95bc-4957-909b-233fb657ceeb,2026-06-03 05:45:08.168546
processed,q2_area,Z5,cache,51317.662715911865,0,bd0faede-1b69-47a7-b2b8-c1c3ac236667,2026-06-03 05:45:08.170188
processed,q3_density,Z4,cache,50314.40782546997,0,caf72efd-e37e-4649-8c7b-024201f5d370,2026-06-03 05:45:08.171914
retry,q4_compare,Z2,,0.0,2,8e13170e-162b-44b7-ae70-387d7fb53842,2026-06-03 05:45:08.622682
retry,q3_density,Z1,,0.0,1,580fe8be-9ec8-4391-8009-489f910e894e,2026-06-03 05:45:08.677039
retry,q4_compare,Z4,,0.0,2,e82978a6-85c7-47ba-b404-066a37ca279d,2026-06-03 05:45:08.995774
retry,q2_area,Z4,,0.0,1,10ae563c-ab78-461a-b62a-b7a37dc12d2f,2026-06-03 05:45:09.182713
processed,q3_density,Z5,generator,47160.48455238342,0,da332ce6-0682-4c72-aa8a-a4db0992c483,2026-06-03 05:45:09.188687
processed,q5_confidence_dist,Z5,cache,47061.69891357422,0,3e4ccc94-9d97-40b4-bded-5a2e7bd635de,2026-06-03 05:45:09.190174
processed,q5_confidence_dist,Z2,cache,46359.309673309326,0,7bf8a05b-49c7-4ba6-9a89-c767ee564843,2026-06-03 05:45:09.191418
processed,q1_count,Z4,cache,44602.919578552246,0,e2323f7e-5ff3-4581-82e1-0e5bd6858981,2026-06-03 05:45:09.192932
processed,q4_compare,Z4,generator,43755.530834198,0,ba971bb7-3b26-41bd-b4fa-dbe93d5f286e,2026-06-03 05:45:09.199714
processed,q2_area,Z5,cache,42450.46067237854,0,e594d114-3c83-47bf-969c-f0f9be30b665,2026-06-03 05:45:09.201189
processed,q1_count,Z3,cache,42150.45142173767,0,f664fc3c-aa05-4c53-88e0-d7ff3ddc1cea,2026-06-03 05:45:09.202445
retry,q4_compare,Z3,,0.0,2,64b16d2f-8730-43be-8c77-618ec4192b5d,2026-06-03 05:45:09.627841
retry,q1_count,Z1,,0.0,1,2c751501-b5a7-45d6-ab50-964077d7778f,2026-06-03 05:45:09.706652
processed,q1_count,Z1,cache,39290.70281982422,0,0e38ed22-0332-41cb-8cf1-2e85784979fa,2026-06-03 05:45:09.709018
processed,q2_area,Z3,generator,38946.091413497925,0,12573f84-d7c8-443c-9649-a6ef764b984d,2026-06-03 05:45:09.715443
processed,q2_area,Z2,cache,38244.436264038086,0,fa0b7ae2-7c5b-4185-b8a8-9c5b93cff209,2026-06-03 05:45:09.717236
processed,q3_density,Z4,cache,37391.780853271484,0,d7c2726b-6651-4a03-ac6b-ceef94905e51,2026-06-03 05:45:09.718672
processed,q2_area,Z3,cache,36840.54470062256,0,5ccf57c1-78c4-47ff-9948-8ee2134d9840,2026-06-03 05:45:09.720081
processed,q5_confidence_dist,Z1,cache,35586.2398147583,0,5946b809-7906-4c6d-b49a-6e66310225ff,2026-06-03 05:45:09.721221
processed,q2_area,Z3,cache,35537.10079193115,0,63167880-e644-45ec-9a4f-b1c660da1a89,2026-06-03 05:45:09.722335
processed,q3_density,Z5,cache,61060.20092964172,1,3b856ce8-f83a-4041-a6e5-cc68caecf86a,2026-06-03 05:45:09.725328
processed,q4_compare,Z5,generator,66039.90578651428,2,130d9350-90b7-471a-8139-6e8cd9f42c85,2026-06-03 05:45:09.732953
recovered,q4_compare,Z5,generator,66039.90578651428,2,130d9350-90b7-471a-8139-6e8cd9f42c85,2026-06-03 05:45:09.734201
retry,q4_compare,Z1,,0.0,2,bc07a144-a26e-44f4-9456-12c494c46476,2026-06-03 05:45:10.000627
processed,q3_density,Z5,cache,59679.31151390076,1,8a200cf7-9f02-4007-99b3-d9db745822eb,2026-06-03 05:45:10.002155
retry,q1_count,Z3,,0.0,2,e06183b2-0553-4100-be82-52ef3317e31b,2026-06-03 05:45:10.633360
dlq,q3_density,Z1,,0.0,3,bf46c62b-819d-4eab-ad7e-266b69a56695,2026-06-03 05:45:10.637415
retry,q4_compare,Z5,,0.0,2,b8e64226-1614-4316-bb1b-4f60dbda770f,2026-06-03 05:45:10.738528
processed,q4_compare,Z4,generator,66700.86336135864,2,cf095ca7-b6ea-4027-970c-9d804c8d3a2b,2026-06-03 05:45:10.745932
recovered,q4_compare,Z4,generator,66700.86336135864,2,cf095ca7-b6ea-4027-970c-9d804c8d3a2b,2026-06-03 05:45:10.747307
retry,q3_density,Z1,,0.0,2,e86a5b6a-da27-4e47-b3f1-108cd0ce31ac,2026-06-03 05:45:11.006883
retry,q4_compare,Z1,,0.0,2,9047ab60-ba83-4392-94ed-15075dba15e5,2026-06-03 05:45:11.641776
processed,q4_compare,Z3,generator,64942.78621673584,2,bbc13fa7-4992-4ce9-94d7-3134fdc65f6b,2026-06-03 05:45:11.649379
recovered,q4_compare,Z3,generator,64942.78621673584,2,bbc13fa7-4992-4ce9-94d7-3134fdc65f6b,2026-06-03 05:45:11.650871
retry,q2_area,Z5,,0.0,2,594c8223-ee16-440e-b9b2-50b0d51f1399,2026-06-03 05:45:11.751313
retry,q3_density,Z1,,0.0,2,37060867-c306-450e-9371-1b7952770a9f,2026-06-03 05:45:12.012204
retry,q4_compare,Z4,,0.0,2,4118adab-c471-417a-a613-e6f72ab94d9d,2026-06-03 05:45:12.655460
dlq,q2_area,Z2,,0.0,3,973ac130-8303-45af-a67f-f0fed269b505,2026-06-03 05:45:12.660403
retry,q4_compare,Z4,,0.0,2,55bf3e56-fe18-429e-9557-0e355f401790,2026-06-03 05:45:12.756045
processed,q3_density,Z1,generator,70374.43232536316,1,bc459e1e-35bb-4b9b-b022-ca7d2a7e7689,2026-06-03 05:45:12.761271
recovered,q3_density,Z1,generator,70374.43232536316,1,bc459e1e-35bb-4b9b-b022-ca7d2a7e7689,2026-06-03 05:45:12.762506
processed,q2_area,Z4,cache,62591.71962738037,2,2c7b3142-cc88-4cb0-857e-42ff21733276,2026-06-03 05:45:12.763871
retry,q4_compare,Z1,,0.0,2,2334b68d-cf03-4a09-8fdd-6902ccf2b6d8,2026-06-03 05:45:13.024627
retry,q4_compare,Z4,,0.0,2,0dcf499d-7957-4570-9fa3-5ae2f46e8947,2026-06-03 05:45:13.665498
retry,q3_density,Z2,,0.0,2,6155619d-ed83-4a8c-9eb0-8cba5888dce6,2026-06-03 05:45:13.768117
processed,q3_density,Z1,cache,63798.486948013306,2,3631adbc-409f-46bb-828c-4d57db3c61e3,2026-06-03 05:45:13.769751
dlq,q4_compare,Z5,,0.0,3,df785228-3992-41b3-93d5-175823ed0b36,2026-06-03 05:45:13.772881
dlq,q2_area,Z1,,0.0,3,38b0dffe-8374-4626-a244-609b6fdb61a9,2026-06-03 05:45:13.776940
processed,q3_density,Z2,generator,47182.30175971985,1,702b422c-f144-4095-96c6-88dadcf11086,2026-06-03 05:45:13.782324
recovered,q3_density,Z2,generator,47182.30175971985,1,702b422c-f144-4095-96c6-88dadcf11086,2026-06-03 05:45:13.783549
retry,q4_compare,Z2,,0.0,2,80a64ec1-b688-4728-8905-1ebc80188162,2026-06-03 05:45:14.029828
retry,q3_density,Z5,,0.0,2,fa2ba12c-9abe-4199-9110-2ac95e013c6f,2026-06-03 05:45:14.670894
processed,q1_count,Z5,generator,43053.401708602905,1,7afd15b1-4c57-4ff5-b4ce-3e90da8790bb,2026-06-03 05:45:14.677007
recovered,q1_count,Z5,generator,43053.401708602905,1,7afd15b1-4c57-4ff5-b4ce-3e90da8790bb,2026-06-03 05:45:14.678340
processed,q1_count,Z2,generator,70236.51695251465,1,38e72a83-7766-4f9d-9d5b-1e52bee0a88f,2026-06-03 05:45:14.683024
recovered,q1_count,Z2,generator,70236.51695251465,1,38e72a83-7766-4f9d-9d5b-1e52bee0a88f,2026-06-03 05:45:14.684343
processed,q3_density,Z4,generator,61955.26671409607,2,3a46bd80-9e57-411f-9c51-4e5cfc58ea63,2026-06-03 05:45:14.688890
recovered,q3_density,Z4,generator,61955.26671409607,2,3a46bd80-9e57-411f-9c51-4e5cfc58ea63,2026-06-03 05:45:14.689998
processed,q3_density,Z2,cache,58994.00973320007,1,561c6125-9723-4ebe-8ceb-e91cd4c71019,2026-06-03 05:45:14.691120
processed,q3_density,Z4,generator,42519.37937736511,1,8ecd4b69-6c3a-4950-8908-8640d99f1dc1,2026-06-03 05:45:14.695263
recovered,q3_density,Z4,generator,42519.37937736511,1,8ecd4b69-6c3a-4950-8908-8640d99f1dc1,2026-06-03 05:45:14.696443
retry,q2_area,Z3,,0.0,2,28f1f763-b3f0-4407-ab0d-8c5123037caa,2026-06-03 05:45:14.787921
processed,q3_density,Z5,generator,69993.94631385803,1,2379632d-dbcd-40ee-af43-fae8bedde681,2026-06-03 05:45:14.792112
recovered,q3_density,Z5,generator,69993.94631385803,1,2379632d-dbcd-40ee-af43-fae8bedde681,2026-06-03 05:45:14.793593
processed,q2_area,Z4,generator,74019.24753189087,2,a3be7ab8-7a13-43aa-a8ec-0fa1444e21fa,2026-06-03 05:45:14.798304
recovered,q2_area,Z4,generator,74019.24753189087,2,a3be7ab8-7a13-43aa-a8ec-0fa1444e21fa,2026-06-03 05:45:14.799343
processed,q3_density,Z5,generator,55741.459131240845,1,d126deac-c6f3-42ae-b811-586f1a361a65,2026-06-03 05:45:14.804228
recovered,q3_density,Z5,generator,55741.459131240845,1,d126deac-c6f3-42ae-b811-586f1a361a65,2026-06-03 05:45:14.805364
retry,q4_compare,Z2,,0.0,2,8b2b070f-4928-494f-a9b5-9b32bb12c8ba,2026-06-03 05:45:15.035598
processed,q4_compare,Z5,cache,56728.01160812378,1,e7d6c81e-8cc9-4ce5-a354-fab077a4a223,2026-06-03 05:45:15.037722
processed,q3_density,Z4,cache,74963.39678764343,1,770d5523-2b1d-4031-9655-250042617cf8,2026-06-03 05:45:15.039594
processed,q2_area,Z4,cache,74613.48485946655,1,86bd6fca-bab0-4d0c-a53e-aae393d39833,2026-06-03 05:45:15.040896
retry,q4_compare,Z4,,0.0,2,cf7c2bd6-2035-4cf7-a2a0-c3c0db72aa04,2026-06-03 05:45:15.700284
retry,q4_compare,Z5,,0.0,2,0f63ea42-af3e-44b8-88b6-3aab54a18f0d,2026-06-03 05:45:15.808960
retry,q1_count,Z3,,0.0,2,a1447856-198a-4bab-9853-374a27a0d685,2026-06-03 05:45:16.045654
processed,q4_compare,Z2,generator,58697.57699966431,1,225d5d4e-6538-4e4e-9182-a06494a8763b,2026-06-03 05:45:16.052291
recovered,q4_compare,Z2,generator,58697.57699966431,1,225d5d4e-6538-4e4e-9182-a06494a8763b,2026-06-03 05:45:16.053494
retry,q3_density,Z1,,0.0,2,3ece90ce-687c-41af-b817-b11d50f417db,2026-06-03 05:45:16.705329
retry,q2_area,Z1,,0.0,2,cf886cfb-6151-477e-bee9-095171caf882,2026-06-03 05:45:16.814428
retry,q1_count,Z2,,0.0,2,aa99f5fc-a1bb-49db-8098-041a506bd727,2026-06-03 05:45:17.057756
processed,q2_area,Z4,cache,60156.99076652527,1,c962f5a2-b5ca-4e32-8003-444e4db295f1,2026-06-03 05:45:17.059736
processed,q2_area,Z2,generator,56545.2675819397,1,68d50088-9c6e-4985-a2a8-cc9896895bb6,2026-06-03 05:45:17.065266
recovered,q2_area,Z2,generator,56545.2675819397,1,68d50088-9c6e-4985-a2a8-cc9896895bb6,2026-06-03 05:45:17.066650
processed,q3_density,Z2,generator,58812.342166900635,1,a6548c4b-d54d-4710-badd-53ceb58314b8,2026-06-03 05:45:17.071430
recovered,q3_density,Z2,generator,58812.342166900635,1,a6548c4b-d54d-4710-badd-53ceb58314b8,2026-06-03 05:45:17.072580
dlq,q3_density,Z3,,0.0,3,e97a114f-d87f-4e5b-b91f-4f141f6df32b,2026-06-03 05:45:17.076356
processed,q3_density,Z2,cache,70974.0195274353,2,258c6ecb-0445-4a33-bf40-9b66da2e2b4b,2026-06-03 05:45:17.077801
processed,q3_density,Z4,cache,74792.86813735962,2,7f1c50ea-45cc-4a95-a55a-c6e0bb1db8c5,2026-06-03 05:45:17.079136
dlq,q4_compare,Z2,,0.0,3,3f2391dd-f3fd-40c3-b92b-4617084f2315,2026-06-03 05:45:17.082284
processed,q3_density,Z1,cache,61185.44816970825,1,2467a986-950c-4aab-bafe-03f7d0bf34c2,2026-06-03 05:45:17.083446
retry,q1_count,Z1,,0.0,2,16e9997a-3ce4-4599-9140-df8f94fe4bed,2026-06-03 05:45:17.720523
retry,q4_compare,Z1,,0.0,2,3e550ffe-bd8c-45b9-87eb-3e038e05a878,2026-06-03 05:45:17.819585
processed,q4_compare,Z5,generator,73631.64520263672,1,4668aa8b-04be-4d8b-aef4-1622c0978528,2026-06-03 05:45:17.827261
recovered,q4_compare,Z5,generator,73631.64520263672,1,4668aa8b-04be-4d8b-aef4-1622c0978528,2026-06-03 05:45:17.828391
processed,q4_compare,Z4,cache,75995.55921554565,2,e623ff1e-52d4-4cd5-8523-42484450a8f1,2026-06-03 05:45:17.829568
processed,q4_compare,Z2,generator,70024.71804618835,2,d55aaf3d-aa15-4796-b008-2b5defca6aee,2026-06-03 05:45:17.836099
recovered,q4_compare,Z2,generator,70024.71804618835,2,d55aaf3d-aa15-4796-b008-2b5defca6aee,2026-06-03 05:45:17.837470
dlq,q3_density,Z1,,0.0,3,29de24d5-b2bd-4de8-93e8-21689ce05e72,2026-06-03 05:45:17.840857
processed,q3_density,Z5,generator,60190.16337394714,1,b6562591-0c58-4faf-902f-abc56875f90c,2026-06-03 05:45:17.846115
recovered,q3_density,Z5,generator,60190.16337394714,1,b6562591-0c58-4faf-902f-abc56875f90c,2026-06-03 05:45:17.847616
retry,q2_area,Z5,,0.0,2,36406fbb-aaa1-4ec5-ba3d-7acb0e891070,2026-06-03 05:45:18.087722
processed,q4_compare,Z5,generator,69881.79922103882,2,1d59b887-d3be-433c-9588-e1c5e947b39a,2026-06-03 05:45:18.095131
recovered,q4_compare,Z5,generator,69881.79922103882,2,1d59b887-d3be-433c-9588-e1c5e947b39a,2026-06-03 05:45:18.097468
retry,q2_area,Z5,,0.0,2,ef1da7d9-9a70-48d3-848c-a27159440c3e,2026-06-03 05:45:18.726118
processed,q4_compare,Z2,generator,72731.54759407043,2,5536f364-00f1-4d01-b855-15c6fa970a42,2026-06-03 05:45:18.735550
recovered,q4_compare,Z2,generator,72731.54759407043,2,5536f364-00f1-4d01-b855-15c6fa970a42,2026-06-03 05:45:18.737060
processed,q3_density,Z5,cache,61484.23361778259,1,ec9cd25e-0fd1-4fbe-9cac-dddd3ceb375a,2026-06-03 05:45:18.738283
retry,q4_compare,Z2,,0.0,2,160d51e3-dcb0-4487-a60a-8bf13c731c1b,2026-06-03 05:45:18.851763
retry,q3_density,Z3,,0.0,2,8fc0f19a-8a89-49a8-bb0c-ce38572b9b1b,2026-06-03 05:45:19.102006
processed,q3_density,Z4,cache,78525.3643989563,2,3d78d9ef-9c59-4216-b8d3-aa989dc96add,2026-06-03 05:45:19.103592
processed,q1_count,Z5,generator,78027.96530723572,2,2d4af5f2-3713-45e9-9fa5-303415652321,2026-06-03 05:45:19.108791
recovered,q1_count,Z5,generator,78027.96530723572,2,2d4af5f2-3713-45e9-9fa5-303415652321,2026-06-03 05:45:19.110029
dlq,q3_density,Z4,,0.0,3,aaf53292-965a-4c41-910d-bdb29ddfec99,2026-06-03 05:45:19.114232
dlq,q4_compare,Z1,,0.0,3,63463feb-e492-4d03-8ed2-756f28624079,2026-06-03 05:45:19.118522
dlq,q4_compare,Z5,,0.0,3,b41eb195-1fd0-442e-94ee-1e37061f37a5,2026-06-03 05:45:19.122856
dlq,q3_density,Z2,,0.0,3,712317d9-862d-4e17-979d-f23b5e6f20c2,2026-06-03 05:45:19.126540
retry,q4_compare,Z3,,0.0,2,a983d932-933a-4a5e-9787-094347ee9b4e,2026-06-03 05:45:19.743427
processed,q4_compare,Z5,cache,69723.5803604126,1,b7453dc9-b747-4a4e-9640-5e6963bdc786,2026-06-03 05:45:19.745059
retry,q3_density,Z3,,0.0,2,6d132271-e5d0-4c37-a29f-05093c81d72b,2026-06-03 05:45:19.857345
processed,q4_compare,Z5,cache,61700.4656791687,1,97863cb5-aa22-4df6-bfd0-1db59c829705,2026-06-03 05:45:19.859562
processed,q3_density,Z3,generator,67182.25049972534,2,e4f59ce0-4fa4-459d-8f90-04c21fbb1fbf,2026-06-03 05:45:19.866432
recovered,q3_density,Z3,generator,67182.25049972534,2,e4f59ce0-4fa4-459d-8f90-04c21fbb1fbf,2026-06-03 05:45:19.868268
retry,q3_density,Z4,,0.0,2,19830a67-1ac4-495f-ae07-306cb4fae8f8,2026-06-03 05:45:20.131299
retry,q4_compare,Z5,,0.0,2,40223c03-e99f-4cc3-858f-dddfb895a90a,2026-06-03 05:45:20.750222
processed,q3_density,Z1,cache,63598.16336631775,1,76d18dcf-b8d6-4288-af77-bf1a936c8f94,2026-06-03 05:45:20.752300
retry,q4_compare,Z5,,0.0,2,38706a1f-4162-4385-8e19-4ece86056d6e,2026-06-03 05:45:20.873579
retry,q4_compare,Z4,,0.0,2,855b6bd5-c1d3-4e04-9f7a-ced8b965d18d,2026-06-03 05:45:21.136178
retry,q4_compare,Z3,,0.0,2,33e7b1e2-8b30-450c-ad7d-b2041980eabe,2026-06-03 05:45:21.757235
processed,q1_count,Z1,cache,66463.60850334167,1,500c5a63-ddb8-47ff-89a0-2d1683e076c0,2026-06-03 05:45:21.759796
dlq,q4_compare,Z3,,0.0,3,f83980aa-8323-4e3e-9b75-2877c8f937b9,2026-06-03 05:45:21.764696
dlq,q4_compare,Z4,,0.0,3,204762d6-551f-41bb-9fa2-1cff370b1fd0,2026-06-03 05:45:21.768851
processed,q1_count,Z5,cache,69539.00337219238,2,86e0b3c7-4345-45db-bfef-0905dae617e1,2026-06-03 05:45:21.770884
processed,q3_density,Z1,cache,75317.34466552734,2,0fe47452-d929-4063-90c3-db57d46e7ce3,2026-06-03 05:45:21.772556
retry,q4_compare,Z5,,0.0,2,b1554c60-8578-4506-bf74-22ba30f405f7,2026-06-03 05:45:21.878829
retry,q3_density,Z2,,0.0,2,2c2e5042-80e8-4a9b-9ebf-5dedf2ee8cd5,2026-06-03 05:45:22.141914
processed,q1_count,Z2,cache,79207.86452293396,1,3a4df362-0c21-4cf9-a047-f3db673ac418,2026-06-03 05:45:22.148070
processed,q4_compare,Z5,generator,80522.55630493164,1,49a0ffdc-3c82-4854-8b8f-9e2df3de3b70,2026-06-03 05:45:22.156788
recovered,q4_compare,Z5,generator,80522.55630493164,1,49a0ffdc-3c82-4854-8b8f-9e2df3de3b70,2026-06-03 05:45:22.158921
retry,q3_density,Z1,,0.0,2,6402657f-422d-40a9-b0b5-f18d7b07f6a7,2026-06-03 05:45:22.777631
processed,q3_density,Z1,generator,71556.86020851135,1,5a703d97-674e-48e7-94d2-333c3e9545f5,2026-06-03 05:45:22.784380
recovered,q3_density,Z1,generator,71556.86020851135,1,5a703d97-674e-48e7-94d2-333c3e9545f5,2026-06-03 05:45:22.786530
processed,q2_area,Z4,cache,79647.98641204834,1,20665376-adc1-4fd2-bcc7-30989940c6f7,2026-06-03 05:45:22.788629
retry,q4_compare,Z2,,0.0,2,20cf358e-71bd-4558-b3ea-dcd4d70b5a37,2026-06-03 05:45:22.884845
processed,q2_area,Z5,generator,80052.8633594513,1,128e8dbf-262a-4739-9467-37b2ce6f51c1,2026-06-03 05:45:22.892077
recovered,q2_area,Z5,generator,80052.8633594513,1,128e8dbf-262a-4739-9467-37b2ce6f51c1,2026-06-03 05:45:22.893912
retry,q4_compare,Z1,,0.0,2,d5e3a929-9b68-4d9c-ba15-be77d37bc8ee,2026-06-03 05:45:23.163989
retry,q3_density,Z4,,0.0,2,527dc62f-bb62-44fd-be16-5a53c8b89591,2026-06-03 05:45:23.794099
processed,q4_compare,Z4,cache,62019.697427749634,1,ebc9082e-110a-44b0-84ac-dc63235e02b4,2026-06-03 05:45:23.796417
retry,q1_count,Z3,,0.0,2,1166145b-e21e-4ff7-8b4d-2192572130f4,2026-06-03 05:45:23.898994
processed,q4_compare,Z2,generator,69013.24725151062,2,b0770c91-184b-42dd-8c2c-e9512f391646,2026-06-03 05:45:23.907236
recovered,q4_compare,Z2,generator,69013.24725151062,2,b0770c91-184b-42dd-8c2c-e9512f391646,2026-06-03 05:45:23.908887
processed,q2_area,Z3,cache,70724.84588623047,1,6aca5620-d8d1-4702-af6f-792955a752a0,2026-06-03 05:45:23.910898
processed,q3_density,Z3,cache,63593.682289123535,1,72f30f57-433a-42f5-bb49-81f76709a5a0,2026-06-03 05:45:23.912410
processed,q3_density,Z5,generator,75554.99410629272,1,aa2b4d5c-8372-4285-a4b5-dff63c1381c5,2026-06-03 05:45:23.919602
recovered,q3_density,Z5,generator,75554.99410629272,1,aa2b4d5c-8372-4285-a4b5-dff63c1381c5,2026-06-03 05:45:23.920939
processed,q2_area,Z2,cache,75307.382106781,1,9e351961-d90e-4186-9f5c-873e46f80df9,2026-06-03 05:45:23.922165
processed,q3_density,Z5,cache,77518.52464675903,2,1671114e-ecef-46af-a560-abf79d705b92,2026-06-03 05:45:23.923324
processed,q3_density,Z4,cache,76063.14945220947,2,370aab99-2607-4320-a4c9-17c99302c2f7,2026-06-03 05:45:23.924387
dlq,q2_area,Z2,,0.0,3,99c4219c-fda6-47c1-8d94-0b4bc37819f8,2026-06-03 05:45:23.928280
retry,q2_area,Z2,,0.0,2,ea13ac8c-3893-4618-9153-051135179743,2026-06-03 05:45:24.169395
processed,q2_area,Z5,generator,83848.67310523987,2,17587f39-f1af-4b5b-9ce3-9c1e8f00b612,2026-06-03 05:45:24.175689
recovered,q2_area,Z5,generator,83848.67310523987,2,17587f39-f1af-4b5b-9ce3-9c1e8f00b612,2026-06-03 05:45:24.176972
processed,q3_density,Z5,cache,79129.09984588623,2,30f1807d-4283-44dd-a803-422a86e10b6f,2026-06-03 05:45:24.178250
dlq,q4_compare,Z5,,0.0,3,5b7bdb63-77ca-4be8-a623-6aeacbbb3ee9,2026-06-03 05:45:24.181451
processed,q1_count,Z2,cache,74261.82818412781,2,814331f4-9ef8-4cbb-94fb-cf5df0653481,2026-06-03 05:45:24.182930
retry,q3_density,Z2,,0.0,2,1754c15a-4ac8-4f54-a428-708d462ecfd2,2026-06-03 05:45:24.801158
dlq,q4_compare,Z1,,0.0,3,a9137a63-cd42-4d7b-b367-7ba60a4a3a2a,2026-06-03 05:45:24.804829
processed,q4_compare,Z2,cache,58608.01959037781,1,56f26316-fec4-461b-95ab-ba31cd347719,2026-06-03 05:45:24.806282
processed,q3_density,Z4,cache,62880.491971969604,2,1a43ae9d-fcca-450d-9a2c-cde78c6cb00a,2026-06-03 05:45:24.807494
retry,q4_compare,Z1,,0.0,2,1b930923-ca0e-47e9-884e-598fc666f456,2026-06-03 05:45:24.933117
retry,q4_compare,Z5,,0.0,2,a9598515-7938-47c0-9c74-4c0fac5eed95,2026-06-03 05:45:25.187731
processed,q3_density,Z1,generator,71355.06892204285,1,366116cd-9e7d-4812-a984-d37c81735305,2026-06-03 05:45:25.193867
recovered,q3_density,Z1,generator,71355.06892204285,1,366116cd-9e7d-4812-a984-d37c81735305,2026-06-03 05:45:25.195986
retry,q4_compare,Z4,,0.0,2,44cb0ac2-e20e-4043-97f8-9c9c3723a138,2026-06-03 05:45:25.812336
processed,q3_density,Z5,cache,76093.98293495178,1,c1cf757f-7740-4d4a-8d5f-5571cc4f0654,2026-06-03 05:45:25.814761
processed,q4_compare,Z4,cache,80014.03427124023,1,baa3cfbf-5b28-4fbf-a409-f6fae0b860d6,2026-06-03 05:45:25.816647
retry,q3_density,Z3,,0.0,2,96f0731f-a4f7-46bb-aa12-3925d01b97a6,2026-06-03 05:45:25.937836
dlq,q3_density,Z5,,0.0,3,df81ed24-9587-41c0-9e3c-ecba3b3b4bd4,2026-06-03 05:45:25.943407
processed,q3_density,Z2,cache,78234.40742492676,2,5c91a7d9-2269-4bca-aa61-bb688f00a56b,2026-06-03 05:45:25.945775
dlq,q1_count,Z5,,0.0,3,6bb55bac-6372-448f-8a86-8f59b02f68ea,2026-06-03 05:45:25.950945
processed,q3_density,Z5,cache,68397.07827568054,1,e145699d-8691-4f78-8816-4eb6426f87e5,2026-06-03 05:45:25.952794
retry,q4_compare,Z5,,0.0,2,901821b3-b8d7-4ae4-b3ac-26ca5c1cd428,2026-06-03 05:45:26.201576
processed,q2_area,Z1,generator,73574.90110397339,1,d3f7586c-917a-4fb6-9a3c-fb1136e16676,2026-06-03 05:45:26.208770
recovered,q2_area,Z1,generator,73574.90110397339,1,d3f7586c-917a-4fb6-9a3c-fb1136e16676,2026-06-03 05:45:26.210766
processed,q4_compare,Z3,cache,75487.79940605164,1,d72256a5-4da8-4bd5-abc8-004034c09408,2026-06-03 05:45:26.212657
processed,q1_count,Z1,cache,78704.27989959717,2,b85155c4-2ee9-45cb-b91b-4cddac75a9c6,2026-06-03 05:45:26.214554
processed,q2_area,Z4,cache,62580.31415939331,1,5e12f3db-1bc8-4f5f-ba17-01efb4878c4a,2026-06-03 05:45:26.216392
processed,q5_confidence_dist,Z3,cache,60924.877882003784,0,e5da4678-8094-44a3-b7c0-a11ca9d627e7,2026-06-03 05:45:26.218249
processed,q1_count,Z3,cache,60122.01690673828,0,517f7a08-a268-45ee-b7eb-8fc657bf6e16,2026-06-03 05:45:26.220046
processed,q1_count,Z2,cache,58416.16463661194,0,e22be357-8908-4ee5-a78d-c6a323a3a812,2026-06-03 05:45:26.221997
processed,q3_density,Z1,cache,57262.39013671875,0,f8d22054-8843-4c50-9847-0a9aa23edb19,2026-06-03 05:45:26.223877
processed,q5_confidence_dist,Z1,cache,56259.703159332275,0,c4aef634-4e1f-43e2-be62-6f8214df6cdd,2026-06-03 05:45:26.225717
retry,q4_compare,Z3,,0.0,1,1433f30e-4b2f-4089-95bc-9d63be20a0f9,2026-06-03 05:45:26.731741
processed,q2_area,Z2,cache,54256.02602958679,0,77e6e8e5-ce61-4d67-87b1-3a1a5c74cd94,2026-06-03 05:45:26.734068
processed,q2_area,Z2,generator,54012.06016540527,0,98fb1028-2f29-4fa6-bfa7-a0adc6394002,2026-06-03 05:45:26.741175
retry,q3_density,Z3,,0.0,2,434f0235-49ab-4b96-9975-4666ae8328ac,2026-06-03 05:45:26.822114
processed,q2_area,Z5,cache,84386.92927360535,2,06d2a151-9a20-4be7-b294-cafe2b43dfe3,2026-06-03 05:45:26.824172
processed,q3_density,Z4,cache,78562.42632865906,2,96f5487b-7739-4644-8530-068a4c2cd45c,2026-06-03 05:45:26.826250
processed,q3_density,Z1,cache,85395.50065994263,2,cce2b383-a49f-4cac-9ee0-eb8bf49f20f7,2026-06-03 05:45:26.828225
processed,q2_area,Z5,cache,71433.88175964355,1,ce169436-0ad7-41d6-b3e4-7726493442b9,2026-06-03 05:45:26.830104
retry,q4_compare,Z2,,0.0,2,a12b0002-efd3-4b5a-a82d-898a789e2922,2026-06-03 05:45:26.957488
processed,q3_density,Z5,cache,82462.58425712585,1,7ca11ede-dc7e-42d9-bd4a-f0588ed2ba7b,2026-06-03 05:45:26.959865
retry,q2_area,Z2,,0.0,1,f6dba044-ed72-4807-8002-61d0b953738a,2026-06-03 05:45:27.247202
processed,q4_compare,Z3,generator,53371.2363243103,0,e1bc199e-12dd-4274-a679-8fe4e6ebf678,2026-06-03 05:45:27.255427
retry,q3_density,Z3,,0.0,1,18150c67-be01-4bbd-8294-89be72a33667,2026-06-03 05:45:27.760581
processed,q5_confidence_dist,Z4,cache,50661.53788566589,0,5babbc22-3051-4d51-9d33-a2c89d19028e,2026-06-03 05:45:27.763029
processed,q1_count,Z1,cache,50513.07487487793,0,e697ad3e-ae85-4770-8f40-606028e02a0c,2026-06-03 05:45:27.764766
processed,q4_compare,Z2,generator,48814.09287452698,0,695d9878-528e-483e-96ce-cd896315dd49,2026-06-03 05:45:27.774077
processed,q4_compare,Z2,generator,47466.37797355652,0,6645887b-6e39-4607-9f0e-ccf8912de602,2026-06-03 05:45:27.782562
processed,q2_area,Z2,cache,47016.34979248047,0,7688b721-c821-43e8-b5c8-fddefcd875bb,2026-06-03 05:45:27.784570
retry,q2_area,Z4,,0.0,2,20139745-e33c-4316-921d-bfaed098f572,2026-06-03 05:45:27.835857
processed,q4_compare,Z1,generator,74359.49563980103,1,aef9f4e0-4719-4cc2-a6ba-6e36b9765ffc,2026-06-03 05:45:27.847092
recovered,q4_compare,Z1,generator,74359.49563980103,1,aef9f4e0-4719-4cc2-a6ba-6e36b9765ffc,2026-06-03 05:45:27.849043
processed,q2_area,Z4,cache,71148.8561630249,1,53f7afa6-23b6-4f1c-bb37-0efffa271788,2026-06-03 05:45:27.851022
retry,q3_density,Z1,,0.0,2,19e2b323-4717-44c7-a07a-920a852f695c,2026-06-03 05:45:27.968880
processed,q4_compare,Z5,cache,69008.25452804565,1,65dc4233-c6a3-4dfc-8579-e80ee0299eaa,2026-06-03 05:45:27.971331
retry,q4_compare,Z1,,0.0,1,d582ffab-6b74-440f-976d-38cd06450d56,2026-06-03 05:45:28.289603
processed,q2_area,Z5,cache,47121.34075164795,0,7aabdae4-ff17-42b5-b155-b60f7cb47d80,2026-06-03 05:45:28.291144
processed,q5_confidence_dist,Z4,cache,46771.07930183411,0,be55c3fd-2502-4e01-8e0b-7e3be2b703ff,2026-06-03 05:45:28.292676
processed,q3_density,Z5,cache,44613.003730773926,0,5edb4fa8-94c0-49cc-849d-2754e3671c2b,2026-06-03 05:45:28.293893
processed,q3_density,Z1,cache,44413.27977180481,0,8203e8f4-53fd-4b49-86ec-680fc79f4ef7,2026-06-03 05:45:28.295239
processed,q5_confidence_dist,Z1,cache,44263.962268829346,0,7f5b1b23-788d-429d-967a-c95f339ee944,2026-06-03 05:45:28.296394
processed,q5_confidence_dist,Z3,cache,43762.86697387695,0,402c8957-aea3-483e-8269-b95e983310b9,2026-06-03 05:45:28.297717
processed,q3_density,Z5,cache,43362.454414367676,0,6a8e73d5-7b58-4ccd-8da3-da564f6a21bb,2026-06-03 05:45:28.299001
processed,q2_area,Z2,cache,42459.625244140625,0,9491cd47-56fd-4a9c-9bfd-e4e8457b9058,2026-06-03 05:45:28.300329
processed,q1_count,Z2,cache,42009.063482284546,0,b869083e-54ea-47af-ad90-04a1698a83b7,2026-06-03 05:45:28.301610
processed,q3_density,Z2,cache,41357.38730430603,0,a7f88749-34a3-43fa-b160-51d81458b7f7,2026-06-03 05:45:28.302820
processed,q1_count,Z2,cache,39098.10495376587,0,e10643f2-310e-4325-ba3f-7b91fa6028f4,2026-06-03 05:45:28.304206
retry,q4_compare,Z1,,0.0,1,3995b1d0-26e8-40bc-85e9-7c5a787ca2eb,2026-06-03 05:45:28.807955
processed,q3_density,Z5,cache,38297.486782073975,0,4b5537f4-76ab-4446-866f-8249d1259805,2026-06-03 05:45:28.810059
processed,q3_density,Z1,cache,37897.494077682495,0,c84ee737-3168-482c-bea2-c210194dacbc,2026-06-03 05:45:28.811494
retry,q1_count,Z5,,0.0,2,89b23eae-f4a3-4065-a2cb-e48740819cec,2026-06-03 05:45:28.855315
processed,q1_count,Z4,cache,86068.30954551697,1,19fb9da1-610f-4d9e-bb40-b94be4ff4f11,2026-06-03 05:45:28.857354
processed,q3_density,Z5,cache,86120.4879283905,1,1a27dda1-630c-4100-b58c-cb2b31ad1dbc,2026-06-03 05:45:28.858817
processed,q3_density,Z4,cache,74720.42918205261,1,2bfca06d-d630-4dc2-bf93-17d94c0d5d05,2026-06-03 05:45:28.860267
retry,q4_compare,Z4,,0.0,2,1ef39a43-142e-407c-9fa9-d59a03ff288b,2026-06-03 05:45:28.977273
processed,q2_area,Z2,cache,64188.090562820435,1,e9054132-d7d9-4084-b9f8-60f763f94dd1,2026-06-03 05:45:28.979301
processed,q4_compare,Z2,generator,72988.74497413635,1,05a18ca5-6502-460e-9a06-41aacf601d20,2026-06-03 05:45:28.987812
recovered,q4_compare,Z2,generator,72988.74497413635,1,05a18ca5-6502-460e-9a06-41aacf601d20,2026-06-03 05:45:28.989415
processed,q2_area,Z2,cache,74298.55537414551,1,3a984d09-5644-47b6-be7b-71da00cc10de,2026-06-03 05:45:28.991135
processed,q3_density,Z2,generator,65460.808515548706,1,88713ac0-be3c-4882-a1fc-b2ce856fb462,2026-06-03 05:45:28.996199
recovered,q3_density,Z2,generator,65460.808515548706,1,88713ac0-be3c-4882-a1fc-b2ce856fb462,2026-06-03 05:45:28.997379
retry,q4_compare,Z5,,0.0,1,4f0bb66d-158f-4690-9a77-8d1a988dc788,2026-06-03 05:45:29.315673
processed,q5_confidence_dist,Z4,cache,33779.03628349304,0,1fb3ed68-4199-45da-868d-484f9d125a06,2026-06-03 05:45:29.317316
processed,q2_area,Z1,generator,32326.30753517151,0,c09d6a6a-2f38-4117-a75e-2c151fc0c7fd,2026-06-03 05:45:29.321882
processed,q5_confidence_dist,Z3,cache,63728.30414772034,0,48900bb3-3705-41f0-be76-a7349f68ed71,2026-06-03 05:45:29.323940
processed,q1_count,Z4,generator,63182.7871799469,0,c447accd-df41-44e8-a345-9be0abcf3405,2026-06-03 05:45:29.331036
processed,q5_confidence_dist,Z4,cache,62883.11958312988,0,b2fe8279-7447-442d-9edb-c9df11b42403,2026-06-03 05:45:29.332651
processed,q4_compare,Z5,cache,57107.670545578,0,76815024-7e41-4a64-aee5-b1c837474318,2026-06-03 05:45:29.334076
processed,q3_density,Z5,cache,56807.61241912842,0,3368b30b-fbed-4adf-b7bd-1ce49c9a5843,2026-06-03 05:45:29.335205
processed,q5_confidence_dist,Z4,cache,56658.0753326416,0,e5e6186b-995b-43a1-a06e-92b3b888789b,2026-06-03 05:45:29.336354
processed,q3_density,Z5,generator,56160.720109939575,0,0261dd78-8e19-4bf0-845b-af5a5cfdb11c,2026-06-03 05:45:29.341465
processed,q2_area,Z5,cache,54152.24075317383,0,ab510869-4b85-4b31-af82-f0a336c2c005,2026-06-03 05:45:29.342713
processed,q3_density,Z3,cache,52595.34001350403,0,060d1892-69ff-4ae1-b234-3edf9bd6575c,2026-06-03 05:45:29.344066
processed,q5_confidence_dist,Z4,cache,52445.722818374634,0,3b2cbfed-c9bb-4f3b-a016-79f356a1078d,2026-06-03 05:45:29.345150
processed,q2_area,Z1,cache,52396.4626789093,0,00864901-daa2-4cc6-90f3-350afa55514e,2026-06-03 05:45:29.346502
retry,q4_compare,Z5,,0.0,1,ffb8d6f1-23c0-4f3d-b8e6-27cb4bbf2cac,2026-06-03 05:45:29.851698
processed,q3_density,Z1,cache,50592.18120574951,0,0575a3a1-ab1c-4b41-ac2a-a381b5164d10,2026-06-03 05:45:29.853396
processed,q3_density,Z2,cache,50141.63517951965,0,6f40a739-0d96-4d58-ab6f-6c167f2a87b0,2026-06-03 05:45:29.854600
processed,q1_count,Z1,cache,48887.00819015503,0,0b40c941-9c36-4f9d-8dd8-7268be897d15,2026-06-03 05:45:29.855693
retry,q1_count,Z1,,0.0,2,0ef16c3f-1c1c-4d45-aca5-99d1864d075b,2026-06-03 05:45:29.865326
retry,q2_area,Z4,,0.0,2,bf757f72-7fc9-4f07-b66f-4c655fcd5a4f,2026-06-03 05:45:30.001126
processed,q5_confidence_dist,Z5,cache,64357.25450515747,0,a536bc99-6361-4578-9fc4-16eb853a5710,2026-06-03 05:45:30.002683
processed,q2_area,Z2,cache,64257.983446121216,0,438fc72e-6216-44e0-843c-98567341370a,2026-06-03 05:45:30.003864
processed,q5_confidence_dist,Z3,cache,64058.022022247314,0,2a8e6670-826d-4608-b245-71b894edb053,2026-06-03 05:45:30.004911
processed,q2_area,Z2,cache,63355.910539627075,0,7e3908e1-0cef-4fa0-b279-4cc439f3d56a,2026-06-03 05:45:30.006268
processed,q2_area,Z3,cache,62754.59933280945,0,d44fe0c2-8d5b-47a7-90d2-b5f2ad0e3c4e,2026-06-03 05:45:30.007564
processed,q1_count,Z3,cache,62454.58698272705,0,0e159528-448b-4479-bb78-f04d2dca35e9,2026-06-03 05:45:30.008677
processed,q3_density,Z1,cache,60647.114276885986,0,a151fb8b-7a93-4239-b933-c6e07401d65b,2026-06-03 05:45:30.010245
processed,q4_compare,Z5,cache,60497.86996841431,0,4f0f651e-15c8-4776-bf7b-9cb1f98dfa17,2026-06-03 05:45:30.011578
processed,q5_confidence_dist,Z5,cache,58791.66293144226,0,4a99f6a1-d3ad-4bce-9ee5-c22a5c7cda14,2026-06-03 05:45:30.012732
processed,q5_confidence_dist,Z3,cache,58742.52200126648,0,52d6462f-f1ea-420e-ba28-d9ddd4cceb9f,2026-06-03 05:45:30.013818
processed,q2_area,Z3,cache,55779.380798339844,0,cd0776a7-794c-49d5-a253-452e189f3430,2026-06-03 05:45:30.014837
processed,q5_confidence_dist,Z5,cache,55378.361225128174,0,92929909-3f62-438f-b07c-ef77c967cb22,2026-06-03 05:45:30.015863
processed,q2_area,Z1,cache,55329.11038398743,0,287e8435-3e72-4bbe-88f2-4e7dd22d1f07,2026-06-03 05:45:30.016900
processed,q5_confidence_dist,Z4,cache,53521.05712890625,0,f75cce5a-f955-4dca-8975-3d5120d1429c,2026-06-03 05:45:30.017898
processed,q5_confidence_dist,Z5,cache,52466.29238128662,0,e004d499-4169-4de8-93b8-6e914980bc3e,2026-06-03 05:45:30.018918
retry,q5_confidence_dist,Z2,,0.0,1,6e8b7819-8d48-4d56-994a-46aa58bf9630,2026-06-03 05:45:30.359946
retry,q5_confidence_dist,Z2,,0.0,1,733959ac-6831-4a64-ade0-fda576812c7e,2026-06-03 05:45:30.522606
processed,q2_area,Z3,generator,52171.72980308533,0,bcf74e94-ef48-49a0-9fb1-bdca2d8e21c2,2026-06-03 05:45:30.528864
processed,q2_area,Z3,cache,52123.37613105774,0,0cf92d9c-a5f6-4cf7-b638-d45bfaf70157,2026-06-03 05:45:30.530309
retry,q1_count,Z5,,0.0,1,220070ee-cef3-4445-8649-1cb45e256c9f,2026-06-03 05:45:30.865318
processed,q1_count,Z5,cache,45679.29768562317,0,1fb1faf7-1f9f-486d-9d31-d8b8fc1937d4,2026-06-03 05:45:30.867493
processed,q2_area,Z4,cache,45229.20536994934,0,f71ef116-1f5b-47fc-8e79-e3c91cea272b,2026-06-03 05:45:30.870138
retry,q4_compare,Z3,,0.0,2,fa9d421e-41eb-4134-9e44-f2b09ef0eb30,2026-06-03 05:45:30.870209
processed,q2_area,Z3,cache,66332.18955993652,0,3f6fcb7c-dedf-4af8-b36b-5d88dd8a57c3,2026-06-03 05:45:30.872095
processed,q1_count,Z3,cache,43875.82516670227,0,828d8c8c-0834-489a-9589-e2d2dca41aed,2026-06-03 05:45:30.872141
processed,q3_density,Z4,cache,41366.26672744751,0,586a0a4e-4754-4c39-bd3f-85394b6863cf,2026-06-03 05:45:30.874049
processed,q4_compare,Z1,generator,65183.08210372925,0,8e053468-94ac-43d4-a898-593301671868,2026-06-03 05:45:30.879290
retry,q3_density,Z4,,0.0,1,57999a05-e88d-468b-8733-0c1eb58f4a08,2026-06-03 05:45:31.033962
retry,q3_density,Z3,,0.0,1,cef37d1d-cba6-4ce4-8686-e4d55ba8a737,2026-06-03 05:45:31.380372
retry,q4_compare,Z1,,0.0,1,daf72582-37ad-460b-b743-3a6cc0b80a32,2026-06-03 05:45:31.383928
processed,q5_confidence_dist,Z4,cache,62123.36874008179,0,b9c6e329-1bb9-469b-9ecc-1205109e3222,2026-06-03 05:45:31.386505
processed,q1_count,Z5,generator,35346.29964828491,0,6cd99416-652f-4ecf-8151-2a84864bcc0a,2026-06-03 05:45:31.387293
processed,q5_confidence_dist,Z5,cache,58759.81092453003,0,969cfb32-4be1-40e9-ba2d-10c789f9c0f1,2026-06-03 05:45:31.388028
processed,q4_compare,Z4,cache,34795.48358917236,0,e8089166-af03-4986-83ae-21c68da77afc,2026-06-03 05:45:31.388762
processed,q3_density,Z1,cache,57957.40509033203,0,c707fe1d-886f-4eaf-98e7-eefb1f09972d,2026-06-03 05:45:31.389272
processed,q3_density,Z2,cache,77852.93698310852,0,b1335ac4-1a3b-415f-9e35-52e8627d321a,2026-06-03 05:45:31.389950
processed,q3_density,Z2,cache,77100.8665561676,0,cca433d4-688f-4096-b303-ab5bbe5292c6,2026-06-03 05:45:31.391145
processed,q5_confidence_dist,Z3,cache,74088.10329437256,0,0720d382-7a5b-4198-aa33-8e7f6b8bd2f7,2026-06-03 05:45:31.392782
processed,q5_confidence_dist,Z2,generator,72939.4998550415,0,e7b63600-9586-4632-9edf-158dbdd027e6,2026-06-03 05:45:31.399878
retry,q5_confidence_dist,Z2,,0.0,1,4667dc31-4a4c-4dc9-b4a7-ac1551c3a408,2026-06-03 05:45:31.539355
processed,q3_density,Z3,cache,47609.29799079895,0,592e5cd8-181e-448d-b713-d8eac283a021,2026-06-03 05:45:31.542314
processed,q2_area,Z4,generator,47465.60263633728,0,cf094220-09a9-4d88-89d2-c1404dc5894c,2026-06-03 05:45:31.548794
processed,q1_count,Z4,cache,44454.23436164856,0,7997da34-9445-4d84-9f48-2be2257e4908,2026-06-03 05:45:31.551122
processed,q5_confidence_dist,Z2,cache,44054.502964019775,0,9b89da3f-1c58-4c6a-9ea2-0300e8d132c8,2026-06-03 05:45:31.553231
retry,q4_compare,Z1,,0.0,1,a18af10c-3059-480d-b1c0-8fc46a3bab89,2026-06-03 05:45:31.893762
processed,q4_compare,Z2,generator,57464.47205543518,0,e2784d97-2d39-4d9b-8493-e2d62ab59813,2026-06-03 05:45:31.901450
retry,q4_compare,Z2,,0.0,1,7f7fd424-72c4-42a1-8b4f-63705b07f13b,2026-06-03 05:45:31.905105
processed,q5_confidence_dist,Z3,cache,72140.83814620972,0,603dc998-e64c-4d09-859f-9237376a80d8,2026-06-03 05:45:31.907537
processed,q4_compare,Z5,generator,56516.47996902466,0,05c2d0a4-797e-4534-b7c5-e41daabc313d,2026-06-03 05:45:31.908226
processed,q2_area,Z5,cache,70886.90304756165,0,ba77c393-a64f-4100-bbfd-07fb39cfd3fb,2026-06-03 05:45:31.908942
processed,q1_count,Z2,cache,70687.50929832458,0,89015f1f-5dae-49e6-b6cf-8eece18bae62,2026-06-03 05:45:31.911069
processed,q2_area,Z5,cache,70186.55490875244,0,af9662af-efdc-46b9-8267-6fbeec20e657,2026-06-03 05:45:31.912284
processed,q5_confidence_dist,Z1,cache,69433.1705570221,0,04f9ce4f-e1f0-4aaa-bacc-bf63d06e90c7,2026-06-03 05:45:31.913532
retry,q4_compare,Z4,,0.0,1,1875a0be-0b93-497e-850b-6ae1d678824a,2026-06-03 05:45:32.058100
processed,q5_confidence_dist,Z2,cache,44310.32943725586,0,a30a2694-44db-4630-aba6-0624f5656cb2,2026-06-03 05:45:32.060389
processed,q1_count,Z2,cache,43759.90343093872,0,ecaceff0-c1bd-4e6a-93d0-00910ff862d3,2026-06-03 05:45:32.062455
processed,q1_count,Z5,cache,43410.401821136475,0,186089d8-4fed-4639-9484-39f7d96509ce,2026-06-03 05:45:32.064375
processed,q3_density,Z4,cache,42357.584953308105,0,bd70b551-90de-4835-abc9-0dab3154d6ce,2026-06-03 05:45:32.065720
processed,q2_area,Z2,cache,42158.12349319458,0,99075d43-d68f-4af9-bd80-c8b4cdd62668,2026-06-03 05:45:32.067518
processed,q4_compare,Z4,generator,41309.42797660828,0,4acaf658-d230-49d9-8c0a-4fca8b9164e7,2026-06-03 05:45:32.072851
retry,q4_compare,Z1,,0.0,1,8387ae84-8918-4deb-9737-8b2ff2adb75b,2026-06-03 05:45:32.412895
processed,q5_confidence_dist,Z5,cache,55213.40823173523,0,e7242692-ee91-49cd-9b9a-bf194ef66220,2026-06-03 05:45:32.415494
retry,q1_count,Z2,,0.0,1,79ebd25e-223f-4b86-9f53-13a46dfc408c,2026-06-03 05:45:32.417647
processed,q3_density,Z1,cache,52955.188512802124,0,931e535c-de01-4dea-b77f-330b8eff4194,2026-06-03 05:45:32.418121
processed,q3_density,Z2,cache,50496.37818336487,0,696623f7-7fc6-4009-820a-55ddbd5f6599,2026-06-03 05:45:32.419716
processed,q4_compare,Z2,generator,68941.68519973755,0,c31ca58d-8394-4259-a0de-6870b14663aa,2026-06-03 05:45:32.427201
processed,q4_compare,Z2,generator,50103.68990898132,0,8ca85a36-eadc-48cf-960c-6dc3c3f95b48,2026-06-03 05:45:32.428664
processed,q1_count,Z2,cache,68441.88570976257,0,8c89f6ef-abc9-4e83-b1e1-bf9cb0691a54,2026-06-03 05:45:32.429631
processed,q1_count,Z4,cache,43977.37765312195,0,eddd4aca-8413-4bfe-94e2-4fbb6ca1e107,2026-06-03 05:45:32.430171
processed,q2_area,Z5,cache,63570.41311264038,0,b03f0409-a4f5-44f9-b8b7-87144fe6dc34,2026-06-03 05:45:32.430857
processed,q5_confidence_dist,Z4,cache,43125.06890296936,0,f6652a83-b56a-4073-bee3-4d564b219343,2026-06-03 05:45:32.431707
processed,q5_confidence_dist,Z3,cache,61261.136531829834,0,bb2bc070-83e7-471f-8869-61b7d5dde8a8,2026-06-03 05:45:32.432273
processed,q2_area,Z4,cache,40362.120151519775,0,dad860d7-37a3-4b10-9714-c2730ae59446,2026-06-03 05:45:32.433236
processed,q4_compare,Z2,cache,60709.78593826294,0,84714a0d-89ed-41f0-8710-f29bfe062e07,2026-06-03 05:45:32.434019
processed,q5_confidence_dist,Z5,cache,57848.02865982056,0,5c1b01f4-7670-4f67-b1c3-7f399df2b548,2026-06-03 05:45:32.435761
processed,q4_compare,Z2,cache,56944.91934776306,0,cfc1c39b-9a7f-4300-a3a1-af9103f6286d,2026-06-03 05:45:32.436946
retry,q4_compare,Z4,,0.0,1,9f0054fb-c803-4194-a7de-23c33d47b050,2026-06-03 05:45:32.577744
processed,q5_confidence_dist,Z4,cache,40709.601163864136,0,48bc0fd0-2d2a-4678-b5f1-23666e63ee0e,2026-06-03 05:45:32.579291
processed,q1_count,Z1,cache,40560.08553504944,0,b61ff0e5-a746-406f-863d-2a8a9c727fa2,2026-06-03 05:45:32.580520
processed,q2_area,Z1,cache,40460.588216781616,0,e789e5aa-591a-413a-8ae0-2b56a9d316bf,2026-06-03 05:45:32.581632
retry,q1_count,Z1,,0.0,1,831f10b5-5843-48ed-b7f5-5ea942093b96,2026-06-03 05:45:32.938335
retry,q4_compare,Z5,,0.0,1,910d7cd4-9eaf-4e5d-bcb5-b260abea3b95,2026-06-03 05:45:32.940743
processed,q5_confidence_dist,Z2,cache,54736.1204624176,0,2e64cd75-9b70-4c7d-96a6-98204ecd00c0,2026-06-03 05:45:32.942169
processed,q5_confidence_dist,Z2,cache,51823.9061832428,0,f33e4a37-936b-42aa-8034-91c0b18538ed,2026-06-03 05:45:32.943625
processed,q4_compare,Z1,generator,51729.70795631409,0,608e7c89-1b28-4afd-a979-42d8072c58ac,2026-06-03 05:45:32.949701
processed,q1_count,Z5,cache,50776.93295478821,0,f3ea156e-94f6-40ff-b6fa-69300f2f5999,2026-06-03 05:45:32.950954
processed,q1_count,Z2,cache,48166.32604598999,0,0f9234f1-2b35-4aac-8058-5c88c4294bfd,2026-06-03 05:45:32.952016
processed,q4_compare,Z3,generator,46113.985538482666,0,0ee8ec55-a1e4-4f86-a5f3-4699981a1a15,2026-06-03 05:45:32.959449
processed,q4_compare,Z5,cache,45713.91773223877,0,3f4ec7ea-517d-4178-8a94-12a05bd0823b,2026-06-03 05:45:32.960804
processed,q2_area,Z3,cache,44961.4737033844,0,1e9e13ab-c6e2-4a37-9c42-f6ab9e70e698,2026-06-03 05:45:32.961927
processed,q1_count,Z3,cache,44461.899518966675,0,9d72134d-d72d-429d-9d48-f19f80d34470,2026-06-03 05:45:32.964658
processed,q1_count,Z5,cache,42755.13935089111,0,9ba312e7-9fe0-4106-b740-589867dc6814,2026-06-03 05:45:32.965780
retry,q3_density,Z3,,0.0,1,58e3e200-b70d-4553-8a7a-76ad018c3a59,2026-06-03 05:45:33.085946
processed,q3_density,Z2,generator,37351.7587184906,0,ad66372d-40b3-4054-b172-3d6606e2783d,2026-06-03 05:45:33.091017
processed,q1_count,Z3,cache,36850.879192352295,0,57ed476e-ea87-4747-88ae-ba5410edaf9e,2026-06-03 05:45:33.092507
processed,q5_confidence_dist,Z4,cache,36198.82345199585,0,3f03b400-aac4-4e7d-8c93-b62eb2cfbb99,2026-06-03 05:45:33.094177
retry,q4_compare,Z1,,0.0,1,9589e467-f7dd-4dfd-95d1-f66fe0fd69d8,2026-06-03 05:45:33.442838
processed,q1_count,Z4,generator,40672.10531234741,0,06d78d21-b174-48fb-919b-1ab147f579d3,2026-06-03 05:45:33.447537
processed,q5_confidence_dist,Z5,cache,40573.097229003906,0,3ab20df2-7e60-4291-aba5-3385d624cc2d,2026-06-03 05:45:33.449013
processed,q3_density,Z5,cache,40373.3651638031,0,a7ac4ca8-f257-457b-8042-381346dbce35,2026-06-03 05:45:33.450326
processed,q1_count,Z4,cache,39721.728801727295,0,33d25b43-eeb1-42c3-9cc8-86da36dd825b,2026-06-03 05:45:33.451431
processed,q5_confidence_dist,Z1,cache,39571.985483169556,0,4e896c61-8e12-46a7-b9ba-dc0e67d329e2,2026-06-03 05:45:33.452655
processed,q5_confidence_dist,Z4,cache,38267.39549636841,0,22bb2b30-20a7-4b40-ba5b-957879c77b58,2026-06-03 05:45:33.453763
retry,q4_compare,Z5,,0.0,1,dd5bc894-4e73-4fe4-b520-5b77abe98d9d,2026-06-03 05:45:33.469902
processed,q5_confidence_dist,Z2,cache,41702.35252380371,0,f6c44db8-355b-482c-94e1-03a29ed79f54,2026-06-03 05:45:33.471464
processed,q3_density,Z5,cache,41049.750328063965,0,627bbd6c-b32d-4eb2-a348-6ec5687c683b,2026-06-03 05:45:33.472644
processed,q3_density,Z4,generator,39999.28545951843,0,a7a2afac-da28-49d7-942d-75d9e84af495,2026-06-03 05:45:33.478519
retry,q4_compare,Z2,,0.0,1,af3f5a39-83a1-47a8-b496-af803902e485,2026-06-03 05:45:33.599053
processed,q3_density,Z1,cache,32028.52511405945,0,14a24145-01c0-43f5-b833-22911ff80fef,2026-06-03 05:45:33.600731
retry,q1_count,Z1,,0.0,1,541b0159-a934-4046-a307-24bdc296a450,2026-06-03 05:45:33.957816
processed,q1_count,Z1,cache,36913.35916519165,0,3aa2418d-62d3-4a0c-b597-e886de54ab55,2026-06-03 05:45:33.959861
retry,q2_area,Z1,,0.0,1,2abf8833-a47e-4a13-81f0-22dfb403eb0f,2026-06-03 05:45:33.982851
processed,q3_density,Z2,cache,37642.33613014221,0,a8bf6cc3-5c83-47b9-8aa5-577e77dcb77a,2026-06-03 05:45:33.984588
processed,q5_confidence_dist,Z1,cache,81051.33557319641,0,ccb121ec-e640-4121-a571-5edfcdcd3e75,2026-06-03 05:45:33.985987
processed,q2_area,Z4,cache,80751.41930580139,0,2b595e0d-d2c9-419e-b5ac-23e41184d3fc,2026-06-03 05:45:33.987294
processed,q4_compare,Z2,cache,79195.81723213196,0,7d7c8f2e-f9fc-42bf-9f92-8ead895db3d7,2026-06-03 05:45:33.988596
processed,q4_compare,Z1,generator,79152.98843383789,0,53b1aa4c-df2c-437a-a805-03cb1ea3b221,2026-06-03 05:45:33.996652
processed,q3_density,Z5,cache,77648.04935455322,0,ea638b5b-3eef-44b1-9878-1e6d49e3d864,2026-06-03 05:45:33.998145
processed,q1_count,Z5,cache,72122.69616127014,0,7b71179c-98a0-4b45-9839-bc1c4d7aedcf,2026-06-03 05:45:33.999344
processed,q2_area,Z2,cache,70967.57864952087,0,00d25c2b-3a64-40ad-84ab-8be322251b2d,2026-06-03 05:45:34.000407
processed,q3_density,Z4,cache,66698.53091239929,0,5bd95c7b-91e5-4c96-9c34-539c68bbd6a0,2026-06-03 05:45:34.001439
processed,q1_count,Z1,generator,65245.95355987549,0,e5cb460a-f2dd-42c9-856a-4c5e0b6a693d,2026-06-03 05:45:34.005780
processed,q4_compare,Z2,generator,65101.36413574219,0,c4c2e0c3-c3da-4e31-8eb2-3a583a3bc3b4,2026-06-03 05:45:34.012576
processed,q5_confidence_dist,Z4,cache,64249.2413520813,0,5b36c804-88aa-493e-a474-08ecdaa387e4,2026-06-03 05:45:34.013961
retry,q1_count,Z3,,0.0,1,0472f3cf-6f0d-4522-8d5d-bbb9607d20fd,2026-06-03 05:45:34.104687
processed,q5_confidence_dist,Z4,cache,31681.837797164917,0,ebe1560c-e477-4628-96d4-e641fee34d38,2026-06-03 05:45:34.108128
processed,q2_area,Z5,cache,30126.36685371399,0,6d47fd3b-6bdd-4693-9d30-7fa0aef8107c,2026-06-03 05:45:34.109480
processed,q5_confidence_dist,Z5,cache,29223.21629524231,0,929a9a01-2e62-4514-b0f8-afab871ebd09,2026-06-03 05:45:34.110688
processed,q1_count,Z2,cache,29023.4432220459,0,7a2db762-2d33-428d-829f-fbbaa8a26ec0,2026-06-03 05:45:34.111815
processed,q4_compare,Z1,generator,28778.054237365723,0,38b363cf-ae36-45fc-bc0c-0a696ea28360,2026-06-03 05:45:34.117885
processed,q4_compare,Z1,generator,70840.38972854614,0,106e4e0c-8468-487a-a263-45e7b039fc86,2026-06-03 05:45:34.124727
processed,q3_density,Z3,cache,70691.25866889954,0,0c431a81-e64e-489c-b6ad-1f88794ddf0d,2026-06-03 05:45:34.126599
processed,q1_count,Z2,cache,70191.20192527771,0,d4be2683-1a45-4826-83be-670ff96dbc06,2026-06-03 05:45:34.128710
processed,q5_confidence_dist,Z5,cache,68635.88762283325,0,f98465d7-d609-459e-ba39-b6b9a1f8482b,2026-06-03 05:45:34.130723
processed,q5_confidence_dist,Z1,cache,68285.62426567078,0,29d513d8-03be-4444-98f3-ddc45762a3ba,2026-06-03 05:45:34.132643
processed,q3_density,Z4,cache,66127.59923934937,0,58ea11af-01af-43d8-9f8a-ea03c1fbccf2,2026-06-03 05:45:34.133880
processed,q3_density,Z5,cache,65978.13582420349,0,8a6df76e-8dba-481e-bb7b-4606c08e5629,2026-06-03 05:45:34.134942
processed,q4_compare,Z1,cache,64019.866943359375,0,e9b4b379-6a3c-4d59-9fbd-106fb0441e81,2026-06-03 05:45:34.136033
retry,q4_compare,Z5,,0.0,1,d95b3cf2-fc03-41b4-8b15-c4c3878c70d0,2026-06-03 05:45:34.464501
retry,q4_compare,Z2,,0.0,1,51a62d4f-9150-492c-9216-b36face70c03,2026-06-03 05:45:34.518330
processed,q1_count,Z2,cache,63549.763202667236,0,e0eea7cb-bd75-433c-9160-396fa6af9f87,2026-06-03 05:45:34.520150
processed,q1_count,Z2,cache,63099.28607940674,0,4654ef98-fcec-40d5-8d9a-4978051ea18e,2026-06-03 05:45:34.521572
processed,q3_density,Z2,cache,61241.5497303009,0,dbda0d8a-2bf8-463a-b631-5b0bfea8fee7,2026-06-03 05:45:34.522967
processed,q3_density,Z5,cache,60790.8833026886,0,47fb3144-ab0b-4a41-a902-81564b398fc3,2026-06-03 05:45:34.524330
processed,q1_count,Z1,cache,60038.583517074585,0,a8a53e6d-cd4d-4cbe-b238-f27eefb80204,2026-06-03 05:45:34.525618
retry,q1_count,Z4,,0.0,1,9c55e312-d402-4e4e-8a58-f6f5eca70fec,2026-06-03 05:45:34.640536
processed,q2_area,Z2,cache,64124.01747703552,0,7742505b-aa41-483f-b85d-402ac9aa4ffd,2026-06-03 05:45:34.642114
processed,q2_area,Z5,cache,63623.13008308411,0,01999d2d-3430-46b2-89dd-4b2a8e049640,2026-06-03 05:45:34.643650
processed,q1_count,Z5,cache,60961.91883087158,0,2a203846-05e7-4121-8e1f-152c4bd573be,2026-06-03 05:45:34.645037
processed,q3_density,Z5,cache,60310.15753746033,0,f72c1e2d-c887-432d-8717-100ef8034df9,2026-06-03 05:45:34.646239
processed,q4_compare,Z3,cache,57345.74604034424,0,ddac34da-e224-4449-8b6a-f2d5616df2ee,2026-06-03 05:45:34.647340
retry,q4_compare,Z1,,0.0,1,e78f293e-43be-480c-a68c-977752f07246,2026-06-03 05:45:34.969016
processed,q4_compare,Z4,cache,35558.85624885559,0,d35f0803-2413-4b2a-8769-0f85fe49cbd0,2026-06-03 05:45:34.970586
retry,q4_compare,Z4,,0.0,1,b2998446-878c-4dce-8f77-08925e640fee,2026-06-03 05:45:35.030237
retry,q4_compare,Z4,,0.0,1,c0cc81ca-84d4-4078-a9f2-4865e6ca956e,2026-06-03 05:45:35.151786
processed,q1_count,Z2,cache,54887.67218589783,0,62b8e1ec-6068-40ff-9c99-c7761ae2da03,2026-06-03 05:45:35.154097
processed,q5_confidence_dist,Z5,cache,54437.71743774414,0,6f1e8c9a-e609-4e11-aef0-7aa5d78d9c5c,2026-06-03 05:45:35.155748
processed,q3_density,Z2,cache,53535.31885147095,0,f3385977-0f22-4005-b8af-5ad4fdb987bf,2026-06-03 05:45:35.157137
retry,q3_density,Z2,,0.0,1,2e534885-47e9-4239-8844-d7af5de916cf,2026-06-03 05:45:35.474868
processed,q4_compare,Z5,generator,33709.2809677124,0,bc2694b2-c706-40f8-8a91-939f839841c4,2026-06-03 05:45:35.482452
processed,q1_count,Z4,cache,33610.32152175903,0,fc014672-fe77-4682-bda2-03b62707b711,2026-06-03 05:45:35.483870
processed,q2_area,Z4,cache,32104.708194732666,0,cf89ae63-4689-475b-9f13-91fed22e0704,2026-06-03 05:45:35.484919
processed,q2_area,Z5,cache,71398.57840538025,0,50949338-b555-451f-9ce8-40fbfec69540,2026-06-03 05:45:35.486211
processed,q3_density,Z2,generator,70800.41289329529,0,7dadcf4c-1b76-427a-b449-f83f17dde804,2026-06-03 05:45:35.490574
retry,q3_density,Z4,,0.0,1,df12e01e-e9c2-48c9-a570-c2c4548d0f68,2026-06-03 05:45:35.536391
processed,q3_density,Z5,cache,52459.52749252319,0,8aa04d27-650a-4125-8a0d-84dd9f46e3a8,2026-06-03 05:45:35.537949
retry,q3_density,Z3,,0.0,1,b076bdc5-7b8c-45e0-9e87-fd775dc618be,2026-06-03 05:45:35.662308
processed,q1_count,Z3,cache,52083.287477493286,0,4eb2c91e-57c7-4acc-9094-0a7f5785df6b,2026-06-03 05:45:35.664433
processed,q5_confidence_dist,Z1,cache,52035.027503967285,0,685b4020-350a-4fb8-8b1f-d9d2cbdd0cf1,2026-06-03 05:45:35.665975
processed,q3_density,Z3,generator,51537.973165512085,0,504c9ba5-7e34-48b9-ae34-67212ab2acbf,2026-06-03 05:45:35.671050
processed,q5_confidence_dist,Z2,cache,51087.4297618866,0,1b2d0a4b-c87b-420d-9f84-805d4bee5e1e,2026-06-03 05:45:35.672632
processed,q5_confidence_dist,Z5,cache,49883.49461555481,0,43ba8edc-8b94-4048-a218-3e6e99c88652,2026-06-03 05:45:35.674025
retry,q4_compare,Z2,,0.0,1,ef11f11a-062f-4580-bbda-e02396794b72,2026-06-03 05:45:35.995579
processed,q5_confidence_dist,Z4,cache,69045.47238349915,0,2595a248-a271-4024-be00-91bb6a93e6cf,2026-06-03 05:45:35.997934
processed,q3_density,Z2,cache,68344.64740753174,0,c2949fa4-4261-41a3-8e45-25aae4e00b1f,2026-06-03 05:45:35.999252
processed,q2_area,Z2,cache,66989.20369148254,0,7b64ec4f-041d-4625-9b64-e7515f38aa76,2026-06-03 05:45:36.000378
processed,q2_area,Z2,cache,64931.06150627136,0,29989d1f-cdb2-4a30-ae37-adb733019f55,2026-06-03 05:45:36.001449
retry,q2_area,Z3,,0.0,1,86eaf5a5-1c50-4fc5-86aa-4cef61d950a9,2026-06-03 05:45:36.041738
processed,q4_compare,Z5,cache,50704.95247840881,0,13925cd9-28fe-4c9f-8138-6cd12bc5ffb8,2026-06-03 05:45:36.043291
processed,q2_area,Z5,generator,49555.31883239746,0,651def5d-ebe1-4bbf-829a-fca1eceeb82e,2026-06-03 05:45:36.048593
processed,q4_compare,Z4,cache,48702.489614486694,0,ca677573-1577-4054-99e9-1427455ef2bf,2026-06-03 05:45:36.049829
processed,q1_count,Z4,cache,45790.132999420166,0,f681fcd1-ab08-481f-b877-aaab766e98e2,2026-06-03 05:45:36.051299
retry,q4_compare,Z5,,0.0,1,02dcf3d8-8047-4afb-8c20-448d85721d53,2026-06-03 05:45:36.178564
processed,q3_density,Z2,cache,45065.23609161377,0,e093f0dd-64d8-46d7-bfdb-0437592d831e,2026-06-03 05:45:36.180604
retry,q4_compare,Z5,,0.0,1,37d647a0-07dc-412c-9fa6-dc69cd911814,2026-06-03 05:45:36.505412
processed,q3_density,Z4,cache,63478.38616371155,0,e25e0429-a71e-4679-ae5c-cc621fd6f80d,2026-06-03 05:45:36.508684
processed,q5_confidence_dist,Z3,cache,61520.53666114807,0,ba520f05-9f35-4e8e-ae7f-8f72934ef310,2026-06-03 05:45:36.509918
retry,q1_count,Z3,,0.0,1,a11f8725-95b4-4fec-95cf-49c192bffb65,2026-06-03 05:45:36.554962
processed,q5_confidence_dist,Z3,cache,43429.322957992554,0,2769ce5d-8e16-4272-9703-35c9c27488a1,2026-06-03 05:45:36.556673
processed,q1_count,Z5,cache,83774.11317825317,0,514a0ebd-416a-4beb-9dd9-3e800a427549,2026-06-03 05:45:36.557972
processed,q2_area,Z1,cache,83122.55859375,0,59a2b781-a4be-4c7c-8979-e84a0d08cf81,2026-06-03 05:45:36.559246
processed,q2_area,Z4,generator,81519.66881752014,0,8080bbbf-2a67-4a01-9c8a-0d2956185284,2026-06-03 05:45:36.563760
retry,q1_count,Z2,,0.0,1,482bbf86-9767-454f-ab3f-91c991d43035,2026-06-03 05:45:36.685433
processed,q5_confidence_dist,Z5,cache,41098.5004901886,0,39ff1421-790f-4692-8cfa-0122e1e03447,2026-06-03 05:45:36.687035
processed,q1_count,Z3,cache,36573.01378250122,0,8411a276-74bf-4033-b6c4-1226fccf644e,2026-06-03 05:45:36.688260
retry,q2_area,Z4,,0.0,1,4c2dbdb7-d603-49d0-8ab5-d911c39987e5,2026-06-03 05:45:37.014141
processed,q3_density,Z4,cache,60166.27907752991,0,d02fe9d7-4711-4d84-a5ac-5a0676e42900,2026-06-03 05:45:37.015697
retry,q2_area,Z4,,0.0,1,b0dc1eb8-94a5-45ff-a763-88a46683629f,2026-06-03 05:45:37.067723
processed,q4_compare,Z2,cache,80819.59176063538,0,33be3f79-412d-4c03-b27a-cf6d52461a09,2026-06-03 05:45:37.069391
retry,q2_area,Z1,,0.0,1,28114ffc-488d-4572-828f-b3a72281b689,2026-06-03 05:45:37.192877
processed,q3_density,Z5,cache,35170.15838623047,0,f38452a6-c926-41e1-b379-209cb7dc967a,2026-06-03 05:45:37.194437
processed,q3_density,Z5,cache,32760.517358779907,0,59f2279f-cd86-40fa-a7c2-65e35df8d06a,2026-06-03 05:45:37.195718
processed,q2_area,Z3,cache,30700.60420036316,0,c58a7d05-39ef-4193-85b4-2cc4eeb29040,2026-06-03 05:45:37.196864
processed,q5_confidence_dist,Z2,cache,73813.4822845459,0,0f95f21e-aa42-4bfc-83a3-f3a25e06979f,2026-06-03 05:45:37.197923
processed,q2_area,Z3,cache,70498.70800971985,0,06035889-66de-4fe1-9a7b-892ab852c96f,2026-06-03 05:45:37.198952
processed,q5_confidence_dist,Z4,cache,69344.55275535583,0,2364e75e-9a7a-4ff8-bf70-de3ad4b65e87,2026-06-03 05:45:37.200086
processed,q2_area,Z2,generator,62115.66138267517,0,d5e11777-7de5-4c20-b44d-6158b954c7c4,2026-06-03 05:45:37.206225
processed,q5_confidence_dist,Z2,cache,61263.33999633789,0,09bcb14c-486d-4478-9da1-84d80fd6153e,2026-06-03 05:45:37.207739
processed,q3_density,Z5,cache,61013.67497444153,0,5bb3b2f8-9911-4c8a-aa3a-a072b8abaede,2026-06-03 05:45:37.208976
retry,q2_area,Z3,,0.0,1,879b0088-5b2f-4cbd-96c9-8d0a2e611307,2026-06-03 05:45:37.519782
processed,q3_density,Z3,cache,59667.12141036987,0,f2539945-603a-4fff-a2a5-ca8eb6f54da1,2026-06-03 05:45:37.521355
processed,q3_density,Z4,cache,58362.12062835693,0,b3f8886c-fcd6-48b3-85f2-775436634f6b,2026-06-03 05:45:37.522447
processed,q3_density,Z4,cache,58162.2257232666,0,cc4ed87f-8d4f-48dd-b6a8-fa33a09ca16d,2026-06-03 05:45:37.523460
retry,q3_density,Z2,,0.0,1,a510ae39-cb94-4683-b9dd-b297f6b8d31e,2026-06-03 05:45:37.573763
processed,q3_density,Z2,cache,74240.85187911987,0,aa4358a7-2624-46e7-b2a6-830a1d98988a,2026-06-03 05:45:37.575640
processed,q5_confidence_dist,Z2,cache,73991.53733253479,0,1ebd7218-2344-4e0f-8260-6c6b68838423,2026-06-03 05:45:37.577131
processed,q1_count,Z1,cache,69471.64011001587,0,8a618712-d8c7-48b6-8c4f-c5c875af3c1d,2026-06-03 05:45:37.578182
processed,q5_confidence_dist,Z1,generator,69175.36926269531,0,e16c9582-fa96-44ab-8755-7d80edf458a8,2026-06-03 05:45:37.583767
processed,q5_confidence_dist,Z3,cache,68272.48978614807,0,f95fd17c-f567-40be-8c6a-c535f475b8bd,2026-06-03 05:45:37.585105
processed,q3_density,Z1,cache,67670.9930896759,0,778d280e-7517-42dc-82d9-7559eefbbe92,2026-06-03 05:45:37.586325
processed,q3_density,Z5,cache,64456.995725631714,0,e646a996-d076-47e2-a7d5-20b4abdd8f7c,2026-06-03 05:45:37.587493
processed,q4_compare,Z1,generator,62002.52032279968,0,52cc9454-1c01-4527-92bf-d475e7f1e521,2026-06-03 05:45:37.595975
processed,q5_confidence_dist,Z3,cache,57482.37204551697,0,2174386b-d2bb-49ee-882a-83adb226fb59,2026-06-03 05:45:37.597426
processed,q3_density,Z4,cache,57083.75430107117,0,753849ed-a354-45eb-9c1d-ef84f0917eb4,2026-06-03 05:45:37.600659
retry,q4_compare,Z5,,0.0,1,126b8ced-ec29-47c8-8f34-3ca607e567e8,2026-06-03 05:45:37.713892
processed,q3_density,Z1,cache,61319.026470184326,0,406eec34-37a9-40f0-96bb-e6a77ddc11fa,2026-06-03 05:45:37.715593
processed,q2_area,Z3,cache,61018.5649394989,0,9a57a968-721b-4aa0-92bd-27a030464300,2026-06-03 05:45:37.716808
processed,q4_compare,Z2,generator,59969.39969062805,0,866da900-1867-4457-94a8-f957866d01c0,2026-06-03 05:45:37.723289
processed,q1_count,Z1,cache,59267.50993728638,0,97f3caf2-2b40-4945-97c4-97d1dd37c976,2026-06-03 05:45:37.724824
processed,q5_confidence_dist,Z2,cache,57560.81938743591,0,443d2356-e4a3-4b88-bea2-e868d50109ec,2026-06-03 05:45:37.725961
processed,q2_area,Z5,cache,54901.59487724304,0,54506efa-62a7-430c-a950-a14fe81fba03,2026-06-03 05:45:37.728727
processed,q5_confidence_dist,Z3,cache,52341.4466381073,0,9280c7fe-4a30-400e-9644-579b7f8554a8,2026-06-03 05:45:37.729778
processed,q1_count,Z5,cache,50082.07035064697,0,fdf65345-cb42-431b-a0eb-ca5bc931ddaf,2026-06-03 05:45:37.730839
processed,q4_compare,Z1,cache,48978.05857658386,0,cb996803-d1fe-4f45-9ee1-55daebdb05f1,2026-06-03 05:45:37.731856
processed,q2_area,Z5,cache,45008.09741020203,0,9f649a35-d589-4d83-98ac-b469fc4b922f,2026-06-03 05:45:37.732853
processed,q3_density,Z4,cache,43100.01015663147,0,46d6ca3f-445b-4f76-a5b0-805eb572602c,2026-06-03 05:45:37.733869
processed,q5_confidence_dist,Z3,cache,41292.62328147888,0,1493f25f-238f-436c-9c2c-048f15b4adb3,2026-06-03 05:45:37.735145
processed,q2_area,Z5,cache,40891.60656929016,0,d41be1c9-2015-4c95-b815-5a431b29bdb7,2026-06-03 05:45:37.736172
retry,q4_compare,Z4,,0.0,1,59685f5f-0866-4b8e-8f29-4b18166022ec,2026-06-03 05:45:38.028494
processed,q3_density,Z5,cache,56056.63442611694,0,39cf7dd4-7e0b-4056-8cb7-5d2ed02cd3e1,2026-06-03 05:45:38.030344
processed,q1_count,Z3,cache,50332.46040344238,0,d1b0f1a7-b8c6-4897-94a5-ca6417e543ea,2026-06-03 05:45:38.031560
processed,q4_compare,Z3,cache,50233.1223487854,0,fc63cdf5-862d-4461-8fe8-efb4302cacb0,2026-06-03 05:45:38.032661
retry,q4_compare,Z5,,0.0,1,0a6695df-7bc8-4de4-b56b-607fc8b935c2,2026-06-03 05:45:38.105937
retry,q2_area,Z5,,0.0,1,373c0c3b-effc-4edd-846b-65f76dfa7dd6,2026-06-03 05:45:38.240471
processed,q1_count,Z2,cache,40341.15648269653,0,4147e8af-ec35-4b94-b144-8e4cd51de618,2026-06-03 05:45:38.241989
processed,q5_confidence_dist,Z2,cache,39688.78436088562,0,07c9829e-e470-4db6-a99f-300380e445b8,2026-06-03 05:45:38.243227
processed,q4_compare,Z4,generator,38184.794664382935,0,f0f74578-6f17-4906-9872-6bf90231fd19,2026-06-03 05:45:38.250583
processed,q1_count,Z2,cache,37332.8959941864,0,6bd26116-f77e-4747-bfd3-b4196f479426,2026-06-03 05:45:38.251998
processed,q5_confidence_dist,Z4,cache,36982.606172561646,0,15730601-45dd-4d21-aeb9-b8178c9f4734,2026-06-03 05:45:38.253189
processed,q5_confidence_dist,Z1,cache,36129.83322143555,0,720d8f08-92ad-492b-bf19-6c29de2f3719,2026-06-03 05:45:38.254265
processed,q3_density,Z5,cache,35277.0140171051,0,1050c1df-3e4d-403f-a1eb-46a711a5bd1e,2026-06-03 05:45:38.255433
processed,q2_area,Z2,cache,35077.25763320923,0,9c72b1c1-9611-4a81-b6b3-1409b47c93d7,2026-06-03 05:45:38.256565
processed,q3_density,Z5,cache,34726.7119884491,0,e96c8c84-2a19-421e-a897-df3d493af4b6,2026-06-03 05:45:38.257969
processed,q3_density,Z5,cache,34075.43158531189,0,502357ba-7f3e-41ac-bdcb-a374dfd6e26d,2026-06-03 05:45:38.259685
processed,q4_compare,Z5,generator,32976.63760185242,0,d4a047eb-e15e-44d8-a62d-b1d5a92c889b,2026-06-03 05:45:38.266714
processed,q4_compare,Z2,cache,31973.03009033203,0,f001cc4b-089d-4951-9f44-3e7a6fce1972,2026-06-03 05:45:38.268139
processed,q5_confidence_dist,Z2,cache,63229.674100875854,0,3256eaac-63d8-4551-b655-30b36744b011,2026-06-03 05:45:38.269294
processed,q1_count,Z4,cache,61924.453258514404,0,7d2c7d12-1c58-4957-bab6-479ef3c4501e,2026-06-03 05:45:38.270668
processed,q1_count,Z2,cache,59563.38953971863,0,41e8f97f-a7fa-4a91-bcaa-82e05defe276,2026-06-03 05:45:38.271744
processed,q1_count,Z3,cache,53989.22300338745,0,e97b74e6-6b8a-4564-9980-bc745431826f,2026-06-03 05:45:38.272833
retry,q1_count,Z4,,0.0,1,430cfe94-479d-4928-9472-9f379a64f00b,2026-06-03 05:45:38.536645
retry,q3_density,Z2,,0.0,1,d627d5d3-3d74-4550-b2bf-1d626b65f892,2026-06-03 05:45:38.611453
processed,q4_compare,Z1,cache,52872.804164886475,0,572ae793-272e-48ba-91e3-6852deaaa65e,2026-06-03 05:45:38.613686
processed,q4_compare,Z5,generator,51241.36471748352,0,4c079941-6149-410d-a4b9-1dd3b348e0e7,2026-06-03 05:45:38.639687
processed,q2_area,Z1,generator,50743.7207698822,0,c5543fa2-05ce-4003-81b8-65eb80d256e4,2026-06-03 05:45:38.644145
processed,q1_count,Z5,cache,49841.304302215576,0,4703aeed-96ab-4c40-8b3b-da5f75060720,2026-06-03 05:45:38.645688
processed,q3_density,Z1,cache,48888.52596282959,0,54ef227b-6ae0-43de-b189-a549eaabee6e,2026-06-03 05:45:38.647078
processed,q3_density,Z5,cache,45822.92103767395,0,684a1e85-c827-450d-93da-36e31e4d9e0a,2026-06-03 05:45:38.648418
retry,q1_count,Z4,,0.0,1,b67acf57-8a99-47f5-8f95-ae22d511f79a,2026-06-03 05:45:38.776805
processed,q3_density,Z1,cache,49873.65508079529,0,b8b6df6a-8048-4beb-9e5f-1e676663914d,2026-06-03 05:45:38.778409
processed,q5_confidence_dist,Z2,cache,49724.36571121216,0,38afd06e-a4be-4e53-9e4b-c7a87af8bdbd,2026-06-03 05:45:38.779649
processed,q3_density,Z1,cache,44096.616983413696,0,ca66c60b-9366-472a-9b62-cfb2e355c8b4,2026-06-03 05:45:38.780766
processed,q4_compare,Z4,cache,42942.24190711975,0,8fd7bf54-e2aa-4148-8650-d15d16c4b6d5,2026-06-03 05:45:38.781839
processed,q3_density,Z1,cache,40329.34927940369,0,2d9e2979-611a-4bdb-b928-76bc6fdcc538,2026-06-03 05:45:38.783210
processed,q1_count,Z4,cache,39774.71733093262,0,1d2e04f1-b708-4b93-99d2-776310bda39d,2026-06-03 05:45:38.784480
processed,q2_area,Z5,cache,38770.85304260254,0,87350579-3af2-4d83-81f3-a981ebff7b93,2026-06-03 05:45:38.785843
retry,q2_area,Z2,,0.0,1,0f324a64-d9e9-4a76-9f16-d99c2f02915d,2026-06-03 05:45:39.041174
processed,q1_count,Z4,generator,47730.82971572876,0,c1754464-f475-47ec-ad5c-f5f8d1ad4d60,2026-06-03 05:45:39.047327
retry,q3_density,Z1,,0.0,1,852c2459-dfb1-46d3-bd4b-b233fe70d6fc,2026-06-03 05:45:39.152973
processed,q5_confidence_dist,Z1,cache,44068.57228279114,0,afbf560f-3c97-4921-9b4e-76f9197815fe,2026-06-03 05:45:39.155486
processed,q4_compare,Z2,generator,43875.74100494385,0,4f09ad04-566d-4d3f-82ee-ea0ecda7b32e,2026-06-03 05:45:39.163550
retry,q4_compare,Z4,,0.0,1,afea7331-6dfb-4005-bf85-df8fde257445,2026-06-03 05:45:39.290548
processed,q1_count,Z2,cache,38071.56848907471,0,ee0ee35a-06d8-4633-99e6-f05128ff8e1d,2026-06-03 05:45:39.292169
processed,q3_density,Z2,cache,37068.51887702942,0,9a35d0eb-4f1e-4bd1-bb08-b13491f350cd,2026-06-03 05:45:39.293517
processed,q5_confidence_dist,Z1,cache,35613.09885978699,0,26643652-827c-4161-838c-1938b09e5504,2026-06-03 05:45:39.294666
processed,q2_area,Z3,cache,33704.715967178345,0,cdceaa08-c703-4b0b-8a4e-c32342e7aa29,2026-06-03 05:45:39.295746
processed,q5_confidence_dist,Z2,cache,33102.52928733826,0,94e94318-e0d9-445a-8b52-17ba04c2d478,2026-06-03 05:45:39.296879
processed,q4_compare,Z3,generator,63156.40926361084,0,523100e4-769e-41ac-a661-5c606b184393,2026-06-03 05:45:39.302060
processed,q3_density,Z3,cache,60193.26186180115,0,7e18fa4b-3f38-456c-b785-480d0a4aa3e1,2026-06-03 05:45:39.303708
processed,q3_density,Z5,cache,59340.8317565918,0,57285765-1ea5-47f5-99e7-5220bb3e776c,2026-06-03 05:45:39.305258
processed,q5_confidence_dist,Z3,cache,58940.415382385254,0,ab6fbe28-b0eb-47e7-9c24-b2d3aa4e9ae9,2026-06-03 05:45:39.307014
processed,q2_area,Z5,cache,58239.03751373291,0,3da0b0cf-a527-4ccd-98ff-f5d09db889a8,2026-06-03 05:45:39.308543
processed,q3_density,Z5,cache,56432.51585960388,0,e79d670a-a6fc-4445-858a-681365f453e9,2026-06-03 05:45:39.310583
processed,q4_compare,Z4,cache,54174.52359199524,0,59d5aa60-3941-499e-ad78-89d0c3da5eed,2026-06-03 05:45:39.312063
processed,q1_count,Z5,cache,53422.46627807617,0,32ec1568-16f5-44b1-a3f8-0ac660962bca,2026-06-03 05:45:39.313506
retry,q4_compare,Z1,,0.0,1,35db0793-8ad5-46f7-81af-edc24e528720,2026-06-03 05:45:39.551635
processed,q5_confidence_dist,Z2,cache,44818.671464920044,0,3f1284a2-1f01-4ce9-955f-5369f55614ac,2026-06-03 05:45:39.554018
processed,q3_density,Z2,cache,44168.2231426239,0,7c747a23-502c-484b-9bfd-24730d1300eb,2026-06-03 05:45:39.556250
processed,q4_compare,Z1,generator,42869.96412277222,0,153abedf-8eab-4d56-8210-f1d072ee6de8,2026-06-03 05:45:39.564128
processed,q2_area,Z3,cache,42771.260023117065,0,f784f124-922b-4281-9c3a-9de03569b8a8,2026-06-03 05:45:39.566411
processed,q5_confidence_dist,Z2,cache,42622.456312179565,0,e2d7d779-8f39-4cf3-bb15-2f720774ea38,2026-06-03 05:45:39.568205
processed,q3_density,Z1,generator,41873.14963340759,0,d097b977-bf09-48e8-a045-487456645556,2026-06-03 05:45:39.573035
processed,q5_confidence_dist,Z3,cache,41472.408056259155,0,10f3f5df-9a7c-47db-b8eb-fd0ec53694aa,2026-06-03 05:45:39.574453
processed,q4_compare,Z1,generator,40875.683307647705,0,44aefd61-7b8b-4585-a290-d013b0782880,2026-06-03 05:45:39.581166
processed,q3_density,Z4,cache,39215.99221229553,0,9938fa29-41bb-4194-8252-f92429169958,2026-06-03 05:45:39.582794
processed,q3_density,Z5,cache,38564.52250480652,0,1511ea22-2575-4d6c-a758-e3394fbe9303,2026-06-03 05:45:39.584132
processed,q4_compare,Z1,generator,37666.70870780945,0,7ca2b5b4-e2f9-4e00-9900-3d060ba538dd,2026-06-03 05:45:39.590967
processed,q5_confidence_dist,Z1,cache,36513.59176635742,0,4ee1600b-b762-4963-b1b4-7e96f4a3946b,2026-06-03 05:45:39.593215
retry,q4_compare,Z4,,0.0,1,c5ef8eaa-f5fd-4a29-ad64-2283476ccb17,2026-06-03 05:45:39.667945
processed,q3_density,Z4,cache,85077.94237136841,0,c67259b1-d344-409b-aa7a-631b551b6fb2,2026-06-03 05:45:39.670210
processed,q3_density,Z2,cache,84074.89824295044,0,b025eaa6-a938-41ab-ab53-e3a2af919162,2026-06-03 05:45:39.671947
processed,q5_confidence_dist,Z2,cache,80761.35396957397,0,2e867183-08e0-45ad-b556-747d2bcb9148,2026-06-03 05:45:39.674017
processed,q2_area,Z4,cache,80461.95554733276,0,fca2166a-82bb-447d-b9ca-e81f2a1a9956,2026-06-03 05:45:39.675760
processed,q5_confidence_dist,Z4,cache,80413.52152824402,0,149cd658-0c1b-4f2f-9f82-e157b38ac355,2026-06-03 05:45:39.677621
processed,q5_confidence_dist,Z4,cache,80214.54954147339,0,efd96e0a-815f-4c5c-984e-54822891b233,2026-06-03 05:45:39.679751
processed,q4_compare,Z5,generator,80122.26390838623,0,7b791224-9448-4504-b20b-b506aaad1999,2026-06-03 05:45:39.687690
processed,q5_confidence_dist,Z3,cache,79119.44484710693,0,57af3199-788f-4327-9879-421cbec96dc7,2026-06-03 05:45:39.689847
processed,q4_compare,Z2,cache,78920.47572135925,0,ed3e37cf-f1a8-4df3-a22f-4695609d487a,2026-06-03 05:45:39.691683
processed,q4_compare,Z3,generator,78023.35667610168,0,f6d75637-4b37-4c49-9b5b-7fb7fbd8b1ad,2026-06-03 05:45:39.699005
processed,q3_density,Z1,cache,75211.27104759216,0,f7649e6e-32f6-483f-bec1-b1ffda2e90c3,2026-06-03 05:45:39.701112
processed,q4_compare,Z3,cache,75062.52932548523,0,4b0659f6-dcd9-4af2-b6ff-13b13b311ac9,2026-06-03 05:45:39.702938
processed,q1_count,Z1,cache,74512.06350326538,0,a7b60f75-8dbf-4999-9e8c-edd7f3f7c64f,2026-06-03 05:45:39.704889
processed,q4_compare,Z2,cache,73156.55088424683,0,e195bc6c-7788-4702-a08e-473885a7684c,2026-06-03 05:45:39.706750
processed,q4_compare,Z2,cache,71802.28066444397,0,4f470873-0ce8-4563-9e4f-1ff646f8f608,2026-06-03 05:45:39.708430
processed,q1_count,Z1,cache,69392.71974563599,0,bb038477-12f7-4bb7-8f8f-e62321e4748f,2026-06-03 05:45:39.710417
retry,q2_area,Z2,,0.0,1,e0466a9c-fcb5-4b17-b8ef-0b9cb484604e,2026-06-03 05:45:39.817712
processed,q1_count,Z3,cache,51668.182134628296,0,3c0497fa-f8ae-40a9-8b7c-830e29c7a5ec,2026-06-03 05:45:39.820044
processed,q2_area,Z2,cache,51419.13557052612,0,2f0bae75-6168-4c1f-9bd8-ffb531c4a5f6,2026-06-03 05:45:39.822267
retry,q4_compare,Z5,,0.0,1,6618d70a-98f0-4607-a582-1ed12b7d4cf6,2026-06-03 05:45:40.098684
processed,q5_confidence_dist,Z5,cache,75209.33938026428,0,48a9985d-ffef-46a2-b1ec-9ca1332612b3,2026-06-03 05:45:40.100521
retry,q2_area,Z5,,0.0,1,a950e34c-2df4-48f6-b1f9-f9675d8d611c,2026-06-03 05:45:40.214966
processed,q5_confidence_dist,Z4,cache,68895.11966705322,0,32d854c6-520a-463e-98ce-ca35b55cefd0,2026-06-03 05:45:40.217587
processed,q4_compare,Z4,cache,67440.31286239624,0,37b630dd-f91d-4e1b-9349-3dc20c440027,2026-06-03 05:45:40.219728
processed,q4_compare,Z2,cache,66437.64042854309,0,bc891f48-6f66-420d-a7fa-7a189f80f3e6,2026-06-03 05:45:40.221562
processed,q3_density,Z4,generator,65337.17322349548,0,8948d71b-65b7-4426-bad3-f4bda82007cb,2026-06-03 05:45:40.226245
processed,q5_confidence_dist,Z4,cache,65087.58020401001,0,376d32c2-8478-4b1f-b52f-150d10868078,2026-06-03 05:45:40.228327
processed,q1_count,Z4,cache,64185.06646156311,0,daf5b569-a4ab-498b-ab6b-bfd04f01045a,2026-06-03 05:45:40.230128
processed,q3_density,Z1,cache,63935.707330703735,0,327bea14-4402-4da9-bfb2-ef5ea58f9685,2026-06-03 05:45:40.231775
retry,q4_compare,Z4,,0.0,1,3e6bc6e9-1919-4412-8679-e411a104cbd3,2026-06-03 05:45:40.330411
processed,q1_count,Z3,cache,51226.63354873657,0,957059fe-78e4-4253-958b-4bf83549ad00,2026-06-03 05:45:40.332822
processed,q3_density,Z5,cache,46755.19037246704,0,0ffc88c3-eb58-414f-b657-94998dd85390,2026-06-03 05:45:40.334768
processed,q5_confidence_dist,Z5,cache,45953.30619812012,0,567bf9ca-7ff4-4104-88c9-987ba05c79eb,2026-06-03 05:45:40.336590
retry,q3_density,Z3,,0.0,1,a16b8fb8-4229-457b-bc99-dcafeeaffca4,2026-06-03 05:45:40.605573
processed,q1_count,Z4,cache,74107.80668258667,0,6254ae31-9142-467c-abf6-3fc9b9a0d5da,2026-06-03 05:45:40.608103
processed,q4_compare,Z3,cache,73005.21397590637,0,2613013b-1de9-4861-acc0-af4fad9b415b,2026-06-03 05:45:40.610033
processed,q4_compare,Z5,generator,72912.36019134521,0,22b0b33b-d27b-42a7-afe7-7f8869547c93,2026-06-03 05:45:40.617345
processed,q3_density,Z2,cache,72110.23283004761,0,aed11198-f6dc-4bf4-b5b6-930cacb61f3e,2026-06-03 05:45:40.619646
processed,q5_confidence_dist,Z1,cache,68193.99285316467,0,adcac64f-46c3-41b6-8935-50b94743d071,2026-06-03 05:45:40.621688
retry,q1_count,Z1,,0.0,1,8ab08781-f1b4-47da-beeb-5d7fb7000fae,2026-06-03 05:45:40.737293
processed,q4_compare,Z4,cache,62130.998849868774,0,b6646988-8185-4b97-9773-0d72d974d346,2026-06-03 05:45:40.739384
processed,q3_density,Z1,cache,60927.284479141235,0,fc4e842e-5ca7-4c88-a6f8-db05a9d0e0c7,2026-06-03 05:45:40.740794
retry,q3_density,Z3,,0.0,1,1ef11630-305a-4d88-a896-d57c87d8a74d,2026-06-03 05:45:40.841907
processed,q3_density,Z5,cache,43696.86245918274,0,ba48635c-183e-42f2-8684-f30db6288107,2026-06-03 05:45:40.843675
processed,q1_count,Z3,cache,43497.291803359985,0,0c48214e-a112-4f23-91aa-90abada06341,2026-06-03 05:45:40.845053
processed,q5_confidence_dist,Z1,cache,43297.31464385986,0,f329a923-9f0a-48e5-8657-27c0b657c736,2026-06-03 05:45:40.846201
processed,q3_density,Z4,cache,40681.891441345215,0,4bac42b1-c199-45c7-9940-7a683b27be95,2026-06-03 05:45:40.847289
processed,q5_confidence_dist,Z3,cache,38472.85580635071,0,98c93330-69a2-4fca-902b-f4f72a9ce0cb,2026-06-03 05:45:40.848522
processed,q5_confidence_dist,Z1,cache,38323.452949523926,0,53511893-73f7-4f53-a1c0-5481e74e08a9,2026-06-03 05:45:40.850184
processed,q3_density,Z5,cache,38224.53451156616,0,022d9d46-ccc5-4903-8e46-79ed31296f75,2026-06-03 05:45:40.851460
processed,q5_confidence_dist,Z4,cache,38175.59266090393,0,0e972622-9143-4cc8-abd4-43d4672c09d0,2026-06-03 05:45:40.852686
processed,q5_confidence_dist,Z4,cache,87065.77515602112,0,f6fc9685-e5e2-4757-a2d6-b1dd739d5345,2026-06-03 05:45:40.853786
processed,q1_count,Z4,cache,85107.54656791687,0,15df9fcc-45c6-4527-b33a-c29636eb81b1,2026-06-03 05:45:40.854851
processed,q1_count,Z5,cache,84104.12335395813,0,a330bfeb-3cfa-4306-a1b7-8d4c6166a118,2026-06-03 05:45:40.855900
processed,q5_confidence_dist,Z2,cache,83653.19347381592,0,c46ff7db-3655-455e-9099-1762451adaee,2026-06-03 05:45:40.856968
processed,q2_area,Z4,cache,82197.25847244263,0,602258e6-b48f-45a9-97b3-c825927e67a2,2026-06-03 05:45:40.858291
processed,q4_compare,Z1,generator,80996.82450294495,0,e7542381-ea1e-41fc-9790-d86a102cf793,2026-06-03 05:45:40.863658
processed,q3_density,Z2,cache,80898.1261253357,0,bd16a620-539b-4e43-a4be-a1f8f208a4c9,2026-06-03 05:45:40.864996
processed,q2_area,Z2,cache,77130.07116317749,0,29f17a9c-9925-4366-ad91-8692aaea9231,2026-06-03 05:45:40.866251
processed,q2_area,Z1,cache,76629.23979759216,0,3b8d6ad7-bd0c-4cf0-97ce-72b7942653b5,2026-06-03 05:45:40.867587
processed,q5_confidence_dist,Z3,cache,73515.53964614868,0,5f30d4dd-eee8-4be2-954e-ebcb00d3673c,2026-06-03 05:45:40.868922
processed,q1_count,Z4,cache,73115.06962776184,0,f7a0028d-77a0-4c64-967a-fa8bed491cfe,2026-06-03 05:45:40.870128
processed,q2_area,Z2,cache,71759.61232185364,0,599a4950-5b49-434d-96df-1cec56a4d5ec,2026-06-03 05:45:40.871205
processed,q1_count,Z3,cache,70304.190158844,0,d82ae219-6009-4042-8716-384dd0e94515,2026-06-03 05:45:40.872514
processed,q4_compare,Z3,cache,68949.04732704163,0,73a2abba-2f4c-4a4f-84e3-2b5fbeb303ff,2026-06-03 05:45:40.873865
retry,q4_compare,Z4,,0.0,1,79454714-8a32-4fe8-b8ea-ed9662d86f45,2026-06-03 05:45:41.127471
retry,q3_density,Z4,,0.0,1,846a48fd-fe11-4730-ba9a-fe1794ac1504,2026-06-03 05:45:41.245446
processed,q1_count,Z5,cache,59976.699113845825,0,298589a2-3499-420e-90cc-006d6ce653c8,2026-06-03 05:45:41.247069
processed,q3_density,Z3,cache,58672.335147857666,0,03a20600-93ce-45a5-b9e5-5c3b1087277d,2026-06-03 05:45:41.248290
processed,q1_count,Z4,cache,57869.882583618164,0,e7ee4932-1fed-48fa-91e8-dbb06fbefe18,2026-06-03 05:45:41.249445
processed,q1_count,Z2,generator,56819.716691970825,0,20acb009-1f50-49a1-a480-15a96827cd23,2026-06-03 05:45:41.254455
processed,q2_area,Z3,cache,56520.211696624756,0,9e7811ae-b772-4dac-ac55-6ac624241fcc,2026-06-03 05:45:41.255813
processed,q5_confidence_dist,Z3,cache,52904.86216545105,0,85cf5486-8a7f-4558-bf80-ce7c475590f1,2026-06-03 05:45:41.257265
processed,q2_area,Z2,cache,52102.763175964355,0,202ba01d-0ac8-418b-bf91-21eaf5dde085,2026-06-03 05:45:41.258593
processed,q3_density,Z5,cache,50697.54672050476,0,10529dd3-b0b3-4880-bbf6-31dd1ac81c81,2026-06-03 05:45:41.259716
processed,q4_compare,Z3,cache,49693.16744804382,0,c74a8e67-d947-48ea-80bb-554cbcaca669,2026-06-03 05:45:41.261010
processed,q2_area,Z3,cache,49546.33545875549,0,f41d8f4f-f898-45c0-99b3-596426f527a5,2026-06-03 05:45:41.265478
processed,q2_area,Z1,cache,49296.6206073761,0,fb717fef-e356-4d40-9f56-62f350702dcf,2026-06-03 05:45:41.267059
processed,q2_area,Z2,cache,48291.99433326721,0,e034e410-8bd8-4685-904a-f189adaa2021,2026-06-03 05:45:41.268456
retry,q4_compare,Z1,,0.0,1,61d889a6-15f5-4469-8bb2-a6fd57f45786,2026-06-03 05:45:41.378255
processed,q5_confidence_dist,Z1,cache,68399.86205101013,0,57b3484c-a565-4e85-90c0-3f0502574fcd,2026-06-03 05:45:41.379828
processed,q5_confidence_dist,Z4,cache,67547.38664627075,0,125f0d0f-0dd6-4f77-ac76-e2e1d242c119,2026-06-03 05:45:41.381042
processed,q1_count,Z1,cache,66845.10040283203,0,0e7103ad-5879-4131-84a5-76ddc7f7c686,2026-06-03 05:45:41.382126
processed,q3_density,Z4,cache,64936.65862083435,0,fb4f9dbd-35b1-47fd-b224-609a75fd93bf,2026-06-03 05:45:41.383175
retry,q1_count,Z3,,0.0,1,2182d768-9cc2-4454-aa32-21eaafe0f437,2026-06-03 05:45:41.631870
processed,q5_confidence_dist,Z3,cache,65638.8738155365,0,200ee56d-de3d-4781-bd68-4a576e329693,2026-06-03 05:45:41.633678
processed,q1_count,Z1,cache,65087.65387535095,0,b3dfda47-486a-4388-b1b7-2906b29be5a1,2026-06-03 05:45:41.635059
retry,q3_density,Z3,,0.0,1,a0358925-1331-476c-b54b-67f780c1204d,2026-06-03 05:45:41.772614
processed,q2_area,Z5,cache,44476.71961784363,0,3010333e-87cf-4a8b-8ef3-d97a259b85a1,2026-06-03 05:45:41.774943
processed,q2_area,Z1,cache,87234.9796295166,0,ecbc61df-c933-4b15-bb9d-7977ae1aeb88,2026-06-03 05:45:41.777078
processed,q4_compare,Z2,cache,84323.44651222229,0,406e1bc7-2f3b-4340-9361-8d7988075056,2026-06-03 05:45:41.778879
processed,q2_area,Z4,cache,84174.76344108582,0,35b09588-bf08-45de-b759-851632cc4c75,2026-06-03 05:45:41.780851
processed,q2_area,Z1,cache,84025.98404884338,0,03823733-43b7-4ebc-afc0-6db192bb4070,2026-06-03 05:45:41.782782
processed,q2_area,Z1,cache,82922.3563671112,0,649d419b-8502-4fe5-baed-8ffae792da5c,2026-06-03 05:45:41.784597
retry,q4_compare,Z4,,0.0,1,f9cca721-a3ea-4173-a277-e6e75456cf55,2026-06-03 05:45:41.887304
processed,q3_density,Z5,cache,63632.64083862305,0,94f48a17-f2e0-42c6-b26f-7abd2a421f30,2026-06-03 05:45:41.889218
processed,q5_confidence_dist,Z2,cache,63232.386112213135,0,769708e0-2b9c-4695-831e-b974f2086652,2026-06-03 05:45:41.891027
processed,q5_confidence_dist,Z3,cache,63133.620500564575,0,ba747b34-4ba5-4703-9bca-3bfaed8809f2,2026-06-03 05:45:41.892709
processed,q1_count,Z3,cache,62985.06712913513,0,1e27e9d6-399a-48f0-88e9-808febd58736,2026-06-03 05:45:41.895236
processed,q4_compare,Z4,generator,61036.47327423096,0,bde69e78-7c86-4f85-8186-9da48b2d8b32,2026-06-03 05:45:41.905465
processed,q3_density,Z2,cache,59431.62178993225,0,9d68233b-2e42-4d01-9baa-c083eceb1e4d,2026-06-03 05:45:41.907660
processed,q3_density,Z1,cache,59282.81855583191,0,8e899335-9f6d-4704-bc5f-c228e7abc32a,2026-06-03 05:45:41.909560
processed,q3_density,Z1,cache,58732.23662376404,0,a652bc51-7978-4967-ba65-367bac4847f4,2026-06-03 05:45:41.911473
retry,q3_density,Z4,,0.0,1,951fa511-eeb7-4dea-a786-c372c99399f8,2026-06-03 05:45:42.139230
processed,q1_count,Z1,cache,64437.59036064148,0,5e2d09ba-67bd-4eae-a17b-08322b86a9c2,2026-06-03 05:45:42.141892
processed,q3_density,Z2,cache,64239.13335800171,0,066d14f2-dba7-40c4-8b17-4f5669700c5f,2026-06-03 05:45:42.144317
processed,q1_count,Z2,cache,64090.78311920166,0,25f40705-c71a-4b2d-9270-1fcb83f6e99c,2026-06-03 05:45:42.146931
processed,q1_count,Z2,cache,61581.44307136536,0,197fb02f-b6d7-4466-881b-b3dc2c68da79,2026-06-03 05:45:42.149107
processed,q5_confidence_dist,Z1,cache,56862.57266998291,0,c8de5a4e-b80f-4b2f-9d4c-6fc0925374a9,2026-06-03 05:45:42.151081
processed,q4_compare,Z5,generator,56166.030406951904,0,2dd71ab0-5508-4069-9d35-19cee83bae52,2026-06-03 05:45:42.158172
processed,q4_compare,Z2,cache,56018.0459022522,0,e34057c4-2938-421f-a488-9ce285a3e217,2026-06-03 05:45:42.160577
processed,q2_area,Z4,cache,55266.86477661133,0,f4763bf4-e98b-4a65-a60e-268cf86955b1,2026-06-03 05:45:42.162609
processed,q3_density,Z3,cache,54615.66662788391,0,a26f0222-6515-4d87-b7cc-71a1c1007359,2026-06-03 05:45:42.164560
processed,q1_count,Z5,generator,54223.42085838318,0,0d7eddd2-7e63-4ad9-8b09-6d658a5357f0,2026-06-03 05:45:42.174516
processed,q1_count,Z5,cache,53572.641134262085,0,6abbcb81-dd62-4bfa-8d5a-b39a762f7da1,2026-06-03 05:45:42.176507
processed,q1_count,Z1,cache,49805.187702178955,0,3e5d99fb-240f-417b-9af3-3608ee6c2dd8,2026-06-03 05:45:42.177871
retry,q4_compare,Z3,,0.0,1,3a831066-f4c1-4a02-ac25-145e630ea40c,2026-06-03 05:45:42.290581
processed,q5_confidence_dist,Z5,cache,78254.6911239624,0,ce779b46-eeb7-4dcc-b540-4964ad64862c,2026-06-03 05:45:42.292459
processed,q2_area,Z4,cache,75945.16015052795,0,c194615e-374a-4f23-b4a6-2fec18a92ab6,2026-06-03 05:45:42.294141
processed,q3_density,Z1,cache,75896.65031433105,0,89e25c43-83ee-4bab-be27-3c87b83ca430,2026-06-03 05:45:42.296448
processed,q1_count,Z5,cache,75446.86365127563,0,d2003fbc-34e2-4b63-be2b-919fa0658710,2026-06-03 05:45:42.298582
processed,q5_confidence_dist,Z1,cache,75147.63283729553,0,302a7670-e3d0-464a-bd42-66c960bad984,2026-06-03 05:45:42.300246
processed,q1_count,Z5,cache,73240.24152755737,0,53abf848-2612-49d9-88ea-65434f1a8a5b,2026-06-03 05:45:42.302297
processed,q4_compare,Z2,cache,72438.60220909119,0,ea940036-a313-48ce-a854-0f5b9b5998a2,2026-06-03 05:45:42.304276
processed,q2_area,Z4,cache,71586.99345588684,0,81af585a-051d-470e-80ec-1dd71081dbb7,2026-06-03 05:45:42.306576
processed,q2_area,Z2,cache,71438.59934806824,0,c2df1108-f83a-4f18-b42f-1910f5107068,2026-06-03 05:45:42.308632
processed,q1_count,Z5,cache,69481.07552528381,0,f3fb9898-9956-4da3-a03a-728bef43f72c,2026-06-03 05:45:42.311302
retry,q1_count,Z1,,0.0,1,e05a9110-c605-4bf4-91a2-e0b80fbc13da,2026-06-03 05:45:42.417183
processed,q2_area,Z2,cache,58185.490131378174,0,6489f8de-14bf-41e6-b080-934e51855952,2026-06-03 05:45:42.419535
processed,q2_area,Z1,cache,56028.19752693176,0,aaf42cfe-f065-447f-b5b5-d1eb1139dd2f,2026-06-03 05:45:42.422143
processed,q5_confidence_dist,Z4,cache,55679.24475669861,0,68c7f2e1-a9fe-4d1a-90c8-23f591852f69,2026-06-03 05:45:42.424243
processed,q2_area,Z5,cache,51612.31517791748,0,0fb0d139-2131-472c-a494-48159219b699,2026-06-03 05:45:42.426656
processed,q1_count,Z3,cache,48346.80080413818,0,c11aff4d-adad-493d-adb1-6ee158cc0136,2026-06-03 05:45:42.428917
processed,q3_density,Z2,cache,48248.398542404175,0,5ec7dbf6-5227-4d50-b40b-4627c9c45849,2026-06-03 05:45:42.430934
processed,q2_area,Z5,cache,47898.860454559326,0,04d42f06-66ca-4d62-8446-4d5806cc54fe,2026-06-03 05:45:42.432738
processed,q2_area,Z4,cache,47498.764991760254,0,43c340e8-9ced-4142-8f4e-9c9ac8e7d7a8,2026-06-03 05:45:42.434562
processed,q2_area,Z2,cache,47099.85947608948,0,19836888-1e00-4067-8a86-fd4cb979e6e0,2026-06-03 05:45:42.437888
processed,q3_density,Z1,cache,46649.98173713684,0,13db0dfc-91ca-44c9-941c-922764699dc2,2026-06-03 05:45:42.440042
processed,q1_count,Z3,cache,46350.68106651306,0,29c47228-9ac6-497e-9703-03b7133d466f,2026-06-03 05:45:42.441989
processed,q2_area,Z3,cache,44240.96965789795,0,6f6e5cb3-0bca-42ee-8d64-97f868b5b5f0,2026-06-03 05:45:42.443942
retry,q3_density,Z3,,0.0,1,8005c230-5df9-495f-a481-f502eed607dc,2026-06-03 05:45:42.682524
processed,q2_area,Z3,cache,49356.2958240509,0,f72ccae1-3266-4d2a-a2b4-6316438a7383,2026-06-03 05:45:42.685033
processed,q5_confidence_dist,Z1,cache,47550.280809402466,0,ecb29648-1aff-4d8e-bdce-4f0a210e5b32,2026-06-03 05:45:42.687159
processed,q1_count,Z2,cache,46547.5971698761,0,cb130c53-f69f-4aff-888d-0df850436fe5,2026-06-03 05:45:42.689095
processed,q3_density,Z5,cache,46499.25947189331,0,273bf013-3392-4219-912d-7a868bcb64bd,2026-06-03 05:45:42.690925
processed,q3_density,Z2,cache,44339.16997909546,0,7d522fad-2d95-43eb-81a3-d4eff6bab194,2026-06-03 05:45:42.692736
processed,q2_area,Z2,cache,44290.74764251709,0,c050fd59-46cc-4b3b-bf7b-0d4634cdbff6,2026-06-03 05:45:42.694553
processed,q1_count,Z1,cache,43736.69695854187,0,3e817215-03c4-4025-9efa-22485377f9ce,2026-06-03 05:45:42.696350
processed,q4_compare,Z4,cache,43235.918283462524,0,8f95cbf7-a4af-4b0d-a6c1-59792042f88e,2026-06-03 05:45:42.698149
processed,q1_count,Z5,cache,40374.12643432617,0,1bdf6b0f-5802-447a-acc9-e4b30989e6c7,2026-06-03 05:45:42.699911
retry,q2_area,Z4,,0.0,1,956976d4-d870-483b-bbcf-127f38049948,2026-06-03 05:45:42.816981
processed,q2_area,Z2,cache,68733.85500907898,0,1b7b6f90-3256-44ef-9bc8-c9531bb18a46,2026-06-03 05:45:42.819370
retry,q4_compare,Z3,,0.0,1,0703c6e3-4326-4cf5-9945-295a77459fef,2026-06-03 05:45:42.950030
processed,q4_compare,Z3,cache,40375.00524520874,0,d1f09d47-da13-4289-ae9d-d6e23e780709,2026-06-03 05:45:42.952127
processed,q1_count,Z5,cache,40125.789403915405,0,e6787cb5-172a-4c4d-8b71-2705747d5713,2026-06-03 05:45:42.954073
retry,q2_area,Z3,,0.0,1,f3b0d8db-a21b-4709-b024-c211dff831b7,2026-06-03 05:45:43.205462
processed,q5_confidence_dist,Z1,cache,37766.78538322449,0,d988ef0c-195b-4251-ad65-d5009db4184a,2026-06-03 05:45:43.207735
retry,q4_compare,Z4,,0.0,1,02d5177d-50c5-4de4-af50-431a2e2aaf96,2026-06-03 05:45:43.325396
processed,q2_area,Z5,cache,66276.52883529663,0,b263cb6e-17fa-4c4e-9720-d392a0ad456c,2026-06-03 05:45:43.327732
processed,q3_density,Z3,cache,64118.470430374146,0,fe42bfd5-b26d-4583-b0d2-bae6126b0ef9,2026-06-03 05:45:43.329694
processed,q1_count,Z5,cache,63467.38576889038,0,6406601f-0533-4df6-ae98-1e0c1f2b3c4e,2026-06-03 05:45:43.331631
processed,q3_density,Z2,cache,61962.390184402466,0,33f5e837-8506-4cd6-82bc-e31977f6611b,2026-06-03 05:45:43.333717
processed,q4_compare,Z5,cache,61914.25585746765,0,a199a6e2-bcca-48b7-8532-44d5251f1bcc,2026-06-03 05:45:43.335597
processed,q3_density,Z3,cache,61665.02833366394,0,b6cfd859-37da-4ecd-aed0-d13ac991190e,2026-06-03 05:45:43.337412
processed,q1_count,Z1,cache,57900.182247161865,0,4bd22c1f-99c5-42e3-9454-fbd526601de3,2026-06-03 05:45:43.339528
processed,q4_compare,Z2,cache,57751.665353775024,0,82f17fe3-4037-46de-872d-d75b981f9bed,2026-06-03 05:45:43.341679
processed,q4_compare,Z3,cache,54790.058612823486,0,bee0471c-462a-42be-9885-e0d39e1de81e,2026-06-03 05:45:43.343665
processed,q1_count,Z3,cache,54490.74912071228,0,7e6b5008-c7bb-45c6-8415-26ef79ca1723,2026-06-03 05:45:43.345569
retry,q3_density,Z3,,0.0,1,402678da-1c15-4f72-8554-6a2481afd1f7,2026-06-03 05:45:43.459722
processed,q4_compare,Z3,generator,39082.41605758667,0,9ebd66bc-5e49-4af5-92a7-3ab95cc4085a,2026-06-03 05:45:43.467730
processed,q5_confidence_dist,Z3,cache,37627.13575363159,0,b107a09b-f4f2-4ef7-a28d-22471588ce25,2026-06-03 05:45:43.470150
processed,q3_density,Z1,cache,37025.542974472046,0,1316b795-9cc3-4b26-86d7-6a524572523a,2026-06-03 05:45:43.471947
processed,q4_compare,Z1,cache,80342.8738117218,2,2334b68d-cf03-4a09-8fdd-6902ccf2b6d8,2026-06-03 05:45:43.476537
processed,q4_compare,Z4,cache,93858.62159729004,2,855b6bd5-c1d3-4e04-9f7a-ced8b965d18d,2026-06-03 05:45:43.478715
dlq,q1_count,Z3,,0.0,3,1166145b-e21e-4ff7-8b4d-2192572130f4,2026-06-03 05:45:43.482627
processed,q4_compare,Z2,cache,83768.38612556458,1,7f7fd424-72c4-42a1-8b4f-63705b07f13b,2026-06-03 05:45:43.484621
processed,q4_compare,Z5,generator,55440.48881530762,1,02dcf3d8-8047-4afb-8c20-448d85721d53,2026-06-03 05:45:43.492154
recovered,q4_compare,Z5,generator,55440.48881530762,1,02dcf3d8-8047-4afb-8c20-448d85721d53,2026-06-03 05:45:43.494127
retry,q1_count,Z2,,0.0,1,ae8fa7e6-a114-4c36-b807-54506b8ce94b,2026-06-03 05:45:43.713521
processed,q5_confidence_dist,Z1,cache,75055.74107170105,0,c8dc40b3-e152-4478-bf6a-a5e973f469a3,2026-06-03 05:45:43.715990
processed,q5_confidence_dist,Z2,cache,73651.65734291077,0,a55e7e1e-70ed-4ad1-a116-c84f7d6c29c5,2026-06-03 05:45:43.718389
processed,q5_confidence_dist,Z4,cache,70237.75053024292,0,2b632e49-0e7c-4c27-bfa7-44140e56bef8,2026-06-03 05:45:43.720302
processed,q3_density,Z5,cache,66922.81150817871,0,cf422961-8505-4b26-9aa2-3f5f7edfccc8,2026-06-03 05:45:43.722170
processed,q3_density,Z5,cache,64211.50279045105,0,ce14f8be-0d05-40cd-82f8-4a4bb0b8bcea,2026-06-03 05:45:43.724029
processed,q5_confidence_dist,Z2,cache,64163.103342056274,0,c338a421-f735-41a8-980a-bf7d080cb011,2026-06-03 05:45:43.725902
processed,q1_count,Z4,cache,63813.352823257446,0,fef91603-969e-47f3-8503-102159317721,2026-06-03 05:45:43.727718
processed,q2_area,Z1,generator,62412.95838356018,0,3a1dab3d-ea8c-407d-b3ca-eebc8bb89fbe,2026-06-03 05:45:43.733883
retry,q1_count,Z3,,0.0,1,ba9c2374-00eb-49bd-bdfc-dce663c6c448,2026-06-03 05:45:43.851339
processed,q2_area,Z2,cache,53541.94617271423,0,82b2937b-8ffd-47fc-98a5-b49db61450d7,2026-06-03 05:45:43.853652
processed,q2_area,Z5,cache,50175.55379867554,0,90254413-c7f4-45be-84fe-147b3b0a1980,2026-06-03 05:45:43.855606
processed,q5_confidence_dist,Z1,cache,49574.62477684021,0,56ed8394-75b3-4680-9faa-483e2bbd97d9,2026-06-03 05:45:43.857522
processed,q1_count,Z1,cache,49074.185609817505,0,9c120b72-cace-4f30-8a0e-b533b9a88d05,2026-06-03 05:45:43.859439
retry,q1_count,Z4,,0.0,1,a307fdd2-150c-423e-998f-a7cd8edd2ecd,2026-06-03 05:45:44.239746
processed,q1_count,Z3,generator,62473.357915878296,0,21c15a20-7762-44ee-aa1f-4534cfad38a6,2026-06-03 05:45:44.246413
retry,q3_density,Z5,,0.0,1,1a499d00-6b31-41da-b342-45b5456d80e6,2026-06-03 05:45:44.364645
processed,q3_density,Z5,cache,47873.478174209595,0,e51763f8-acf0-47d2-a384-4625668006c2,2026-06-03 05:45:44.366833
processed,q5_confidence_dist,Z3,cache,47623.98386001587,0,8dea89d0-22d0-409d-bfbc-ba8095c5380e,2026-06-03 05:45:44.368523
retry,q4_compare,Z1,,0.0,2,d582ffab-6b74-440f-976d-38cd06450d56,2026-06-03 05:45:44.499560
processed,q4_compare,Z1,generator,70120.94044685364,1,a18af10c-3059-480d-b1c0-8fc46a3bab89,2026-06-03 05:45:44.507696
recovered,q4_compare,Z1,generator,70120.94044685364,1,a18af10c-3059-480d-b1c0-8fc46a3bab89,2026-06-03 05:45:44.509211
processed,q1_count,Z4,cache,74143.16964149475,1,9c55e312-d402-4e4e-8a58-f6f5eca70fec,2026-06-03 05:45:44.510578
processed,q4_compare,Z5,cache,62237.274169921875,1,0a6695df-7bc8-4de4-b56b-607fc8b935c2,2026-06-03 05:45:44.511779
processed,q4_compare,Z1,generator,53101.420640945435,1,35db0793-8ad5-46f7-81af-edc24e528720,2026-06-03 05:45:44.518673
recovered,q4_compare,Z1,generator,53101.420640945435,1,35db0793-8ad5-46f7-81af-edc24e528720,2026-06-03 05:45:44.519849
processed,q4_compare,Z4,generator,47328.85217666626,1,c5ef8eaa-f5fd-4a29-ad64-2283476ccb17,2026-06-03 05:45:44.526029
recovered,q4_compare,Z4,generator,47328.85217666626,1,c5ef8eaa-f5fd-4a29-ad64-2283476ccb17,2026-06-03 05:45:44.527208
retry,q4_compare,Z4,,0.0,1,feaf4da7-0ad6-4e78-81ef-8e6191683121,2026-06-03 05:45:44.751675
processed,q1_count,Z4,cache,61273.06032180786,0,bbc4c0b9-0973-4de3-bf88-934d325943a7,2026-06-03 05:45:44.753316
processed,q4_compare,Z2,cache,60571.34532928467,0,e429396e-8a8a-47ee-944e-e82bbfdf051a,2026-06-03 05:45:44.754519
processed,q5_confidence_dist,Z4,cache,60421.78535461426,0,a39f1c8c-db4a-4303-a746-c8e06e2a37c9,2026-06-03 05:45:44.755963
processed,q4_compare,Z5,cache,58565.105676651,0,78a3881d-c561-4d39-b183-9a795caa49f8,2026-06-03 05:45:44.757059
processed,q5_confidence_dist,Z2,cache,55753.17096710205,0,338cc115-98fe-4fab-a08a-6f19e5149672,2026-06-03 05:45:44.758156
processed,q2_area,Z1,cache,55302.35481262207,0,0b2acb1b-0473-4da6-828d-68506b84cd39,2026-06-03 05:45:44.759407
processed,q1_count,Z4,cache,54097.93663024902,0,b0673363-84b8-4174-b6a4-4999cb0951d9,2026-06-03 05:45:44.760591
retry,q3_density,Z3,,0.0,1,9b9dddd2-73fd-4cca-97d9-f8e6c188dc63,2026-06-03 05:45:45.265328
retry,q1_count,Z3,,0.0,2,91a1ddbf-c90f-4c97-bd8a-edea18e32e17,2026-06-03 05:45:45.375440
retry,q4_compare,Z5,,0.0,2,6403ec18-b349-4882-b79e-10b7f872fa1f,2026-06-03 05:45:45.532149
processed,q4_compare,Z1,generator,85121.16432189941,2,1b930923-ca0e-47e9-884e-598fc666f456,2026-06-03 05:45:45.540748
recovered,q4_compare,Z1,generator,85121.16432189941,2,1b930923-ca0e-47e9-884e-598fc666f456,2026-06-03 05:45:45.542865
processed,q4_compare,Z5,generator,101406.04519844055,2,901821b3-b8d7-4ae4-b3ac-26ca5c1cd428,2026-06-03 05:45:45.551646
recovered,q4_compare,Z5,generator,101406.04519844055,2,901821b3-b8d7-4ae4-b3ac-26ca5c1cd428,2026-06-03 05:45:45.553006
processed,q1_count,Z1,generator,52933.6895942688,1,831f10b5-5843-48ed-b7f5-5ea942093b96,2026-06-03 05:45:45.557986
recovered,q1_count,Z1,generator,52933.6895942688,1,831f10b5-5843-48ed-b7f5-5ea942093b96,2026-06-03 05:45:45.559497
retry,q1_count,Z3,,0.0,1,ff812c49-6838-4169-a45f-a17c071099e2,2026-06-03 05:45:45.770605
processed,q1_count,Z1,cache,54304.922103881836,0,9be07fdc-debd-49a6-b607-6f55325c7c87,2026-06-03 05:45:45.772239
processed,q2_area,Z5,cache,53300.275564193726,0,fb7697f4-b6fd-422b-aaa4-be1c32ce4a43,2026-06-03 05:45:45.773430
processed,q2_area,Z2,cache,53251.01447105408,0,3e0c0e20-9b50-491c-a8b6-7174fbe0b221,2026-06-03 05:45:45.774451
processed,q3_density,Z2,cache,52497.857332229614,0,e61f1651-b4af-4195-9c41-639862fc7761,2026-06-03 05:45:45.775491
processed,q4_compare,Z5,generator,52403.6922454834,0,a95990fe-1cea-4cd2-80da-c84742b1840e,2026-06-03 05:45:45.782313
processed,q4_compare,Z3,generator,50955.05475997925,0,0d6969d2-39ac-47a4-b4d7-21564dab135b,2026-06-03 05:45:45.790286
processed,q4_compare,Z5,cache,50354.0244102478,0,939c70ac-55c6-4a83-b8a9-16d7ecb6307a,2026-06-03 05:45:45.791760
processed,q3_density,Z4,cache,49250.18310546875,0,db509baf-fa27-411f-8fd5-4335fed772ca,2026-06-03 05:45:45.793065
retry,q5_confidence_dist,Z3,,0.0,1,4413d0c9-c649-4ea8-8628-4836c8c5d344,2026-06-03 05:45:46.297729
processed,q1_count,Z2,cache,47088.57345581055,0,d8e1b612-1e00-476c-a125-91c1d7ff38e2,2026-06-03 05:45:46.299440
processed,q2_area,Z5,cache,46084.965467453,0,a8862640-faf6-4aa1-a3ff-b417a8a1785f,2026-06-03 05:45:46.300949
processed,q3_density,Z4,cache,45684.4220161438,0,f2dfac84-3be4-406d-aa38-a5b77a968c0a,2026-06-03 05:45:46.302245
processed,q5_confidence_dist,Z4,cache,45484.75885391235,0,8007c92e-324f-4e42-8d06-5a5681780145,2026-06-03 05:45:46.303531
processed,q4_compare,Z4,cache,42974.54237937927,0,5e677f50-557c-4397-bb31-de0c8a7ca653,2026-06-03 05:45:46.304817
retry,q3_density,Z4,,0.0,2,1f2d6113-01db-4782-9818-60e72cc7f277,2026-06-03 05:45:46.381802
retry,q3_density,Z3,,0.0,2,58e3e200-b70d-4553-8a7a-76ad018c3a59,2026-06-03 05:45:46.564369
processed,q1_count,Z3,cache,44742.78712272644,1,0472f3cf-6f0d-4522-8d5d-bbb9607d20fd,2026-06-03 05:45:46.566580
dlq,q4_compare,Z2,,0.0,3,80a64ec1-b688-4728-8905-1ebc80188162,2026-06-03 05:45:46.570065
dlq,q4_compare,Z5,,0.0,3,b1554c60-8578-4506-bf74-22ba30f405f7,2026-06-03 05:45:46.573184
processed,q4_compare,Z5,generator,55414.432764053345,1,4f0bb66d-158f-4690-9a77-8d1a988dc788,2026-06-03 05:45:46.579921
recovered,q4_compare,Z5,generator,55414.432764053345,1,4f0bb66d-158f-4690-9a77-8d1a988dc788,2026-06-03 05:45:46.581100
processed,q3_density,Z3,cache,64157.10687637329,1,b076bdc5-7b8c-45e0-9e87-fd775dc618be,2026-06-03 05:45:46.582181
processed,q1_count,Z2,cache,52954.052686691284,1,482bbf86-9767-454f-ab3f-91c991d43035,2026-06-03 05:45:46.583262
retry,q3_density,Z3,,0.0,1,92e774ad-ca65-425f-9f73-6c9d341aae72,2026-06-03 05:45:46.810835
retry,q4_compare,Z2,,0.0,1,e490830d-a79b-4f30-84f7-9d870fba006c,2026-06-03 05:45:47.315572
processed,q5_confidence_dist,Z5,generator,72533.45060348511,0,eddbfda0-97bd-4557-9310-d5821a7a957a,2026-06-03 05:45:47.321979
processed,q1_count,Z2,cache,72484.61389541626,0,3c1dbc4f-642f-4068-ad47-39ee94b18795,2026-06-03 05:45:47.323239
processed,q2_area,Z1,cache,71531.01301193237,0,91f49e1d-f52a-4f2c-a99d-8c2eb009f29c,2026-06-03 05:45:47.324351
processed,q2_area,Z5,cache,70325.3858089447,0,5f548da8-bb8d-43b0-b0d4-46a5e60cf151,2026-06-03 05:45:47.325380
processed,q4_compare,Z3,generator,69828.88579368591,0,3c90f790-647c-4c6e-8b99-fa7faa78a3e3,2026-06-03 05:45:47.331572
retry,q3_density,Z3,,0.0,2,92ffe420-3430-4c3a-b2ed-32823a307c8a,2026-06-03 05:45:47.386700
processed,q2_area,Z4,cache,85763.13304901123,1,10ae563c-ab78-461a-b62a-b7a37dc12d2f,2026-06-03 05:45:47.388331
processed,q3_density,Z5,cache,90939.15367126465,2,fa2ba12c-9abe-4199-9110-2ac95e013c6f,2026-06-03 05:45:47.389539
dlq,q2_area,Z3,,0.0,3,28f1f763-b3f0-4407-ab0d-8c5123037caa,2026-06-03 05:45:47.393034
processed,q3_density,Z1,cache,100336.48252487183,2,3ece90ce-687c-41af-b817-b11d50f417db,2026-06-03 05:45:47.394318
dlq,q4_compare,Z5,,0.0,3,38706a1f-4162-4385-8e19-4ece86056d6e,2026-06-03 05:45:47.397608
processed,q4_compare,Z1,generator,48243.470430374146,1,e78f293e-43be-480c-a68c-977752f07246,2026-06-03 05:45:47.404053
recovered,q4_compare,Z1,generator,48243.470430374146,1,e78f293e-43be-480c-a68c-977752f07246,2026-06-03 05:45:47.405418
processed,q3_density,Z2,generator,47494.56191062927,1,2e534885-47e9-4239-8844-d7af5de916cf,2026-06-03 05:45:47.408883
recovered,q3_density,Z2,generator,47494.56191062927,1,2e534885-47e9-4239-8844-d7af5de916cf,2026-06-03 05:45:47.410809
retry,q2_area,Z5,,0.0,2,373c0c3b-effc-4edd-846b-65f76dfa7dd6,2026-06-03 05:45:47.587222
dlq,q4_compare,Z1,,0.0,3,d5e3a929-9b68-4d9c-ba15-be77d37bc8ee,2026-06-03 05:45:47.593057
retry,q4_compare,Z5,,0.0,1,c1063e03-a514-42d6-b6bd-41aac6cfb0e3,2026-06-03 05:45:47.836934
processed,q5_confidence_dist,Z5,cache,67824.08666610718,0,ed9cb312-aa5f-4472-82b9-03b22e4f7dcf,2026-06-03 05:45:47.839068
processed,q3_density,Z2,cache,67373.93164634705,0,c39a7d63-d022-4c1e-b805-8ac99c3eea1c,2026-06-03 05:45:47.841056
processed,q1_count,Z5,cache,67024.52301979065,0,873d3fb8-8544-4825-b5dc-a9708f7c027f,2026-06-03 05:45:47.843588
retry,q3_density,Z5,,0.0,1,73f60bb7-fe93-4cb8-9db8-2d7a8f4cfe37,2026-06-03 05:45:48.348940
retry,q2_area,Z3,,0.0,2,86eaf5a5-1c50-4fc5-86aa-4cef61d950a9,2026-06-03 05:45:48.415279
processed,q4_compare,Z3,generator,80065.10353088379,1,a1f3789f-64af-4e4d-a86c-ec236eafa62f,2026-06-03 05:45:48.423326
recovered,q4_compare,Z3,generator,80065.10353088379,1,a1f3789f-64af-4e4d-a86c-ec236eafa62f,2026-06-03 05:45:48.425376
processed,q4_compare,Z4,cache,82882.25746154785,2,cf7c2bd6-2035-4cf7-a2a0-c3c0db72aa04,2026-06-03 05:45:48.427474
dlq,q4_compare,Z5,,0.0,3,40223c03-e99f-4cc3-858f-dddfb895a90a,2026-06-03 05:45:48.432200
processed,q4_compare,Z2,cache,86053.77459526062,2,a12b0002-efd3-4b5a-a82d-898a789e2922,2026-06-03 05:45:48.434317
processed,q1_count,Z5,cache,65708.95648002625,1,220070ee-cef3-4445-8649-1cb45e256c9f,2026-06-03 05:45:48.435946
processed,q4_compare,Z5,cache,71789.30830955505,1,910d7cd4-9eaf-4e5d-bcb5-b260abea3b95,2026-06-03 05:45:48.437272
processed,q4_compare,Z2,generator,81543.71953010559,1,ef11f11a-062f-4580-bbda-e02396794b72,2026-06-03 05:45:48.445687
recovered,q4_compare,Z2,generator,81543.71953010559,1,ef11f11a-062f-4580-bbda-e02396794b72,2026-06-03 05:45:48.447665
processed,q2_area,Z1,cache,47078.04465293884,1,28114ffc-488d-4572-828f-b3a72281b689,2026-06-03 05:45:48.449641
retry,q4_compare,Z5,,0.0,2,ffb8d6f1-23c0-4f3d-b8e6-27cb4bbf2cac,2026-06-03 05:45:48.598095
processed,q4_compare,Z1,cache,55925.34279823303,1,9589e467-f7dd-4dfd-95d1-f66fe0fd69d8,2026-06-03 05:45:48.600671
retry,q3_density,Z4,,0.0,1,049d671c-adb9-4a09-9a50-33ec17e65f72,2026-06-03 05:45:48.854302
retry,q5_confidence_dist,Z3,,0.0,1,b61f6468-836b-44db-a579-d9cf386cdff7,2026-06-03 05:45:49.360814
processed,q3_density,Z1,cache,66234.04550552368,0,2be4479d-e056-42c5-b2dd-da9caeca1181,2026-06-03 05:45:49.363293
processed,q3_density,Z2,cache,66135.81967353821,0,61890ee2-ad75-42b1-807d-166e3421d4a1,2026-06-03 05:45:49.365126
processed,q5_confidence_dist,Z4,cache,66087.37254142761,0,fd1bb679-e91c-4758-ac46-c15a7d180339,2026-06-03 05:45:49.366986
processed,q4_compare,Z2,cache,65637.3062133789,0,3e93c211-44c2-4201-a87b-bccd6c1497cf,2026-06-03 05:45:49.368745
retry,q4_compare,Z4,,0.0,2,8c12f81e-52ef-44f6-8977-bba24fa87b5d,2026-06-03 05:45:49.454380
processed,q4_compare,Z2,cache,88383.97145271301,1,eac3ee05-af96-4e70-a693-cd4d0eecf0b8,2026-06-03 05:45:49.456942
processed,q3_density,Z5,cache,94816.43438339233,1,b9af0242-5c7b-408a-8318-eba6b25dae55,2026-06-03 05:45:49.458796
dlq,q4_compare,Z5,,0.0,3,b8e64226-1614-4316-bb1b-4f60dbda770f,2026-06-03 05:45:49.463239
dlq,q4_compare,Z1,,0.0,3,9047ab60-ba83-4392-94ed-15075dba15e5,2026-06-03 05:45:49.467249
dlq,q3_density,Z4,,0.0,3,19830a67-1ac4-495f-ae07-306cb4fae8f8,2026-06-03 05:45:49.470539
processed,q4_compare,Z5,generator,87497.85614013672,2,a9598515-7938-47c0-9c74-4c0fac5eed95,2026-06-03 05:45:49.475384
recovered,q4_compare,Z5,generator,87497.85614013672,2,a9598515-7938-47c0-9c74-4c0fac5eed95,2026-06-03 05:45:49.477801
processed,q4_compare,Z4,cache,101416.96834564209,2,44cb0ac2-e20e-4043-97f8-9c9c3723a138,2026-06-03 05:45:49.479585
processed,q2_area,Z4,generator,89115.2036190033,2,20139745-e33c-4316-921d-bfaed098f572,2026-06-03 05:45:49.484123
recovered,q2_area,Z4,generator,89115.2036190033,2,20139745-e33c-4316-921d-bfaed098f572,2026-06-03 05:45:49.485826
retry,q4_compare,Z2,,0.0,2,51a62d4f-9150-492c-9216-b36face70c03,2026-06-03 05:45:49.605788
processed,q3_density,Z4,generator,66583.43410491943,1,df12e01e-e9c2-48c9-a570-c2c4548d0f68,2026-06-03 05:45:49.611779
recovered,q3_density,Z4,generator,66583.43410491943,1,df12e01e-e9c2-48c9-a570-c2c4548d0f68,2026-06-03 05:45:49.613872
processed,q3_density,Z5,cache,86883.74948501587,1,c55d4390-3502-4e9f-bbdf-684bb83e42dd,2026-06-03 05:45:49.615863
processed,q3_density,Z1,cache,99043.50590705872,2,e86a5b6a-da27-4e47-b3f1-108cd0ce31ac,2026-06-03 05:45:49.617675
processed,q4_compare,Z4,cache,81060.12153625488,2,55bf3e56-fe18-429e-9557-0e355f401790,2026-06-03 05:45:49.619489
processed,q3_density,Z3,cache,106129.04667854309,2,434f0235-49ab-4b96-9975-4666ae8328ac,2026-06-03 05:45:49.621315
processed,q5_confidence_dist,Z2,cache,67749.88889694214,1,4667dc31-4a4c-4dc9-b4a7-ac1551c3a408,2026-06-03 05:45:49.623230
processed,q4_compare,Z4,generator,58363.43574523926,1,9f0054fb-c803-4194-a7de-23c33d47b050,2026-06-03 05:45:49.629651
recovered,q4_compare,Z4,generator,58363.43574523926,1,9f0054fb-c803-4194-a7de-23c33d47b050,2026-06-03 05:45:49.631612
processed,q1_count,Z1,cache,53692.96097755432,1,541b0159-a934-4046-a307-24bdc296a450,2026-06-03 05:45:49.633579
processed,q4_compare,Z5,cache,73389.41502571106,1,126b8ced-ec29-47c8-8f34-3ca607e567e8,2026-06-03 05:45:49.635419
processed,q4_compare,Z4,cache,96350.74043273926,2,4118adab-c471-417a-a613-e6f72ab94d9d,2026-06-03 05:45:49.636682
dlq,q3_density,Z3,,0.0,3,6d132271-e5d0-4c37-a29f-05093c81d72b,2026-06-03 05:45:49.639828
processed,q2_area,Z2,cache,102432.58571624756,2,ea13ac8c-3893-4618-9153-051135179743,2026-06-03 05:45:49.641014
processed,q3_density,Z3,generator,75662.11104393005,1,18150c67-be01-4bbd-8294-89be72a33667,2026-06-03 05:45:49.646898
recovered,q3_density,Z3,generator,75662.11104393005,1,18150c67-be01-4bbd-8294-89be72a33667,2026-06-03 05:45:49.648553
processed,q3_density,Z1,cache,98875.22578239441,2,19e2b323-4717-44c7-a07a-920a852f695c,2026-06-03 05:45:49.650077
processed,q4_compare,Z1,generator,82453.41610908508,1,daf72582-37ad-460b-b743-3a6cc0b80a32,2026-06-03 05:45:49.656476
recovered,q4_compare,Z1,generator,82453.41610908508,1,daf72582-37ad-460b-b743-3a6cc0b80a32,2026-06-03 05:45:49.657890
processed,q1_count,Z2,cache,87028.21135520935,1,79ebd25e-223f-4b86-9f53-13a46dfc408c,2026-06-03 05:45:49.659524
processed,q4_compare,Z2,cache,49796.637535095215,1,af3f5a39-83a1-47a8-b496-af803902e485,2026-06-03 05:45:49.660993
processed,q4_compare,Z4,generator,70005.37824630737,1,c0cc81ca-84d4-4078-a9f2-4865e6ca956e,2026-06-03 05:45:49.668509
recovered,q4_compare,Z4,generator,70005.37824630737,1,c0cc81ca-84d4-4078-a9f2-4865e6ca956e,2026-06-03 05:45:49.670290
processed,q4_compare,Z4,cache,41817.67249107361,0,dbd1c0fd-933b-4f55-b70b-f5efc092b84a,2026-06-03 05:45:49.672233
retry,q4_compare,Z3,,0.0,1,76d55e83-fd99-4e62-b8d5-975f3813ffe3,2026-06-03 05:45:49.874002
processed,q1_count,Z1,cache,64838.80567550659,0,f0b6c884-4e9a-40e9-998a-7387db40b243,2026-06-03 05:45:49.876424
retry,q3_density,Z3,,0.0,1,dacca8ad-f532-4645-99ac-68703985f4d2,2026-06-03 05:45:50.177564
processed,q3_density,Z3,cache,39409.191608428955,0,9d14c9e6-b5fd-4382-ad3c-c75ab0697763,2026-06-03 05:45:50.179631
retry,q1_count,Z1,,0.0,1,8112523b-7d3c-495b-ba5d-4584535ff34e,2026-06-03 05:45:50.381631
processed,q3_density,Z3,cache,61679.58474159241,0,bc95c626-b659-450d-b741-e4a42d2d285b,2026-06-03 05:45:50.383941
processed,q5_confidence_dist,Z3,generator,60983.66594314575,0,b48cbe14-179e-4e8c-a5c6-3c5327efd096,2026-06-03 05:45:50.391422
processed,q1_count,Z2,cache,60534.14750099182,0,d29f38aa-7e46-4ca1-ac64-c52958c77c0b,2026-06-03 05:45:50.393222
retry,q4_compare,Z5,,0.0,2,d95b3cf2-fc03-41b4-8b15-c4c3878c70d0,2026-06-03 05:45:50.490414
processed,q1_count,Z3,generator,59782.437562942505,1,a11f8725-95b4-4fec-95cf-49c192bffb65,2026-06-03 05:45:50.495519
recovered,q1_count,Z3,generator,59782.437562942505,1,a11f8725-95b4-4fec-95cf-49c192bffb65,2026-06-03 05:45:50.497522
processed,q4_compare,Z3,cache,97514.30702209473,1,c7f638e8-6c89-40f6-a0c1-9b0a332f9c8e,2026-06-03 05:45:50.499551
processed,q1_count,Z2,generator,109675.46057701111,2,4f72cfbb-92a7-4d71-b495-766334945491,2026-06-03 05:45:50.504949
recovered,q1_count,Z2,generator,109675.46057701111,2,4f72cfbb-92a7-4d71-b495-766334945491,2026-06-03 05:45:50.506831
dlq,q1_count,Z1,,0.0,3,16e9997a-3ce4-4599-9140-df8f94fe4bed,2026-06-03 05:45:50.511038
processed,q3_density,Z3,generator,97130.1577091217,2,96f0731f-a4f7-46bb-aa12-3925d01b97a6,2026-06-03 05:45:50.516623
recovered,q3_density,Z3,generator,97130.1577091217,2,96f0731f-a4f7-46bb-aa12-3925d01b97a6,2026-06-03 05:45:50.518590
retry,q1_count,Z1,,0.0,1,fa6815ca-48c8-4ab6-8558-e2c5048174cf,2026-06-03 05:45:50.684381
retry,q4_compare,Z3,,0.0,1,d72d73f3-5cdf-433f-af28-c42963860317,2026-06-03 05:45:50.899013
processed,q4_compare,Z5,generator,60796.98443412781,0,106a71b7-62e0-43d3-b05e-6a12363d9df2,2026-06-03 05:45:50.907609
retry,q1_count,Z3,,0.0,1,633aabad-d3f3-43df-8122-0313e1076017,2026-06-03 05:45:51.189889
processed,q4_compare,Z3,cache,38162.65153884888,0,a774340b-52bf-415d-aaa0-9954ac4d2055,2026-06-03 05:45:51.194625
processed,q3_density,Z1,cache,37562.379121780396,0,19080a16-e660-43ba-8a4b-ef1b5803645b,2026-06-03 05:45:51.197010
processed,q3_density,Z4,cache,36107.839584350586,0,655163e7-e404-4196-89d3-468aed11fe9f,2026-06-03 05:45:51.199033
processed,q4_compare,Z4,cache,32844.05255317688,0,1a131621-7da1-4a81-b501-29c30ed8d2ae,2026-06-03 05:45:51.200950
processed,q4_compare,Z2,cache,31740.475177764893,0,cf9625f3-6b77-466b-aa29-dbb109770812,2026-06-03 05:45:51.202970
processed,q2_area,Z3,cache,31189.8455619812,0,e8dc0317-53a5-47c1-9c2b-ba5d9be348ee,2026-06-03 05:45:51.204526
processed,q5_confidence_dist,Z4,generator,28432.713747024536,0,81b10ec9-069b-4a90-8249-be96f2f5d770,2026-06-03 05:45:51.210789
processed,q4_compare,Z1,cache,27580.947160720825,0,254600ce-062f-47c4-94a1-3c6a80b7ccb0,2026-06-03 05:45:51.212588
processed,q3_density,Z2,cache,26628.43680381775,0,a34af4eb-a8d6-4fa5-a3f4-2bb04b011c5f,2026-06-03 05:45:51.214580
processed,q2_area,Z2,generator,25630.014181137085,0,da17862a-52ee-4194-982e-2eb3d570a458,2026-06-03 05:45:51.220620
processed,q1_count,Z4,cache,24677.789449691772,0,ba9eef0e-9167-4b75-ae87-23683d9ec87c,2026-06-03 05:45:51.222524
processed,q2_area,Z2,cache,23122.816562652588,0,179ee2eb-e65a-414e-92dc-865adf97ebbe,2026-06-03 05:45:51.224423
processed,q5_confidence_dist,Z5,cache,22772.8168964386,0,95220e33-1ebd-4330-9404-845f5420bd85,2026-06-03 05:45:51.226384
processed,q2_area,Z2,generator,19513.408184051514,0,9443d73b-0cc0-4d46-967f-f7b66f9f2341,2026-06-03 05:45:51.232135
retry,q5_confidence_dist,Z4,,0.0,1,14455907-ea86-46af-aaaa-65b4b02f383f,2026-06-03 05:45:51.413300
processed,q4_compare,Z1,cache,60953.28783988953,0,9094fb4f-d335-4809-98f9-cb845a4b4dc2,2026-06-03 05:45:51.416007
processed,q2_area,Z2,cache,59799.38721656799,0,72a3e1b2-dc95-43c5-88ba-ae6b16ef8cc6,2026-06-03 05:45:51.418063
processed,q5_confidence_dist,Z3,cache,56986.414194107056,0,1a81de98-ce9f-4932-ae60-e534240c6a27,2026-06-03 05:45:51.419954
retry,q4_compare,Z5,,0.0,2,dd5bc894-4e73-4fe4-b520-5b77abe98d9d,2026-06-03 05:45:51.523888
processed,q4_compare,Z1,cache,81710.67833900452,1,e47a539f-23eb-430c-96b6-11c96ef5f55e,2026-06-03 05:45:51.526464
processed,q4_compare,Z1,generator,103020.15376091003,2,bc07a144-a26e-44f4-9456-12c494c46476,2026-06-03 05:45:51.535270
recovered,q4_compare,Z1,generator,103020.15376091003,2,bc07a144-a26e-44f4-9456-12c494c46476,2026-06-03 05:45:51.537120
processed,q3_density,Z2,cache,89007.95125961304,2,6155619d-ed83-4a8c-9eb0-8cba5888dce6,2026-06-03 05:45:51.539028
processed,q4_compare,Z4,generator,50777.32706069946,1,afea7331-6dfb-4005-bf85-df8fde257445,2026-06-03 05:45:51.546607
recovered,q4_compare,Z4,generator,50777.32706069946,1,afea7331-6dfb-4005-bf85-df8fde257445,2026-06-03 05:45:51.548456
processed,q3_density,Z1,cache,108560.57453155518,2,c896d0ca-d5da-4fd6-b83a-115b24f9a5ce,2026-06-03 05:45:51.550451
processed,q4_compare,Z3,cache,99169.78549957275,2,a983d932-933a-4a5e-9787-094347ee9b4e,2026-06-03 05:45:51.552297
processed,q2_area,Z1,cache,57070.385217666626,1,2abf8833-a47e-4a13-81f0-22dfb403eb0f,2026-06-03 05:45:51.554141
processed,q2_area,Z4,cache,86413.48648071289,1,ffc24dc5-20ba-4436-9dff-93df57cb623d,2026-06-03 05:45:51.556377
processed,q1_count,Z1,generator,82852.58889198303,1,2c751501-b5a7-45d6-ab50-964077d7778f,2026-06-03 05:45:51.562913
recovered,q1_count,Z1,generator,82852.58889198303,1,2c751501-b5a7-45d6-ab50-964077d7778f,2026-06-03 05:45:51.564591
processed,q3_density,Z3,cache,105663.28716278076,2,8fc0f19a-8a89-49a8-bb0c-ce38572b9b1b,2026-06-03 05:45:51.566580
retry,q2_area,Z1,,0.0,1,275e7a0f-465e-42f7-9580-2bf5c209d9c6,2026-06-03 05:45:51.736871
retry,q4_compare,Z2,,0.0,1,edccefc2-0b0d-4704-83f0-d008df9a31fe,2026-06-03 05:45:51.924686
processed,q3_density,Z1,cache,53975.5277633667,0,6f150353-77c6-4844-85d3-3b89adbf0938,2026-06-03 05:45:51.927374
processed,q5_confidence_dist,Z2,cache,50256.46924972534,0,67086734-ef47-4a68-9df8-ea612d6d7120,2026-06-03 05:45:51.929767
processed,q1_count,Z4,cache,49957.36575126648,0,af843eea-0492-4b0e-8f92-1ecb1d614013,2026-06-03 05:45:51.932252
processed,q5_confidence_dist,Z5,cache,49758.90922546387,0,d84cf378-6d5d-4043-9201-88032a218429,2026-06-03 05:45:51.934079
processed,q1_count,Z2,cache,49007.21788406372,0,05011333-2c0b-4c27-9c3c-f21837df5dcc,2026-06-03 05:45:51.935866
processed,q4_compare,Z4,cache,48205.35945892334,0,f03513de-f721-4696-b2af-704242d3306b,2026-06-03 05:45:51.937674
processed,q4_compare,Z2,cache,48006.20412826538,0,1a102fa6-40a0-43f4-a72c-7f40909fba71,2026-06-03 05:45:51.939448
retry,q2_area,Z4,,0.0,1,722d4846-7903-4c84-a4ff-83db3de57a24,2026-06-03 05:45:52.242206
processed,q5_confidence_dist,Z2,cache,15402.360200881958,0,b448f590-7cbc-4d9c-a2ec-0fb8b9c8db01,2026-06-03 05:45:52.244757
retry,q3_density,Z3,,0.0,1,c8972a24-4f7b-4472-b3e0-60fbc258b91e,2026-06-03 05:45:52.445392
processed,q3_density,Z1,cache,47760.65635681152,0,83b66202-14be-4a1f-9fcd-86e9d1a0068b,2026-06-03 05:45:52.447777
processed,q3_density,Z1,cache,47662.35041618347,0,f8f54489-da8b-469b-bc6e-ddfbb7450605,2026-06-03 05:45:52.449508
processed,q5_confidence_dist,Z2,cache,46457.73124694824,0,37d09dd2-e18d-4aab-8395-2c1a72a1401a,2026-06-03 05:45:52.451515
processed,q3_density,Z2,cache,81784.31129455566,0,35693b25-7046-48c4-a6ea-ede0d86e29ee,2026-06-03 05:45:52.453408
processed,q5_confidence_dist,Z2,cache,80329.09774780273,0,49505de4-7c5c-4c5a-8539-8bebb13077ee,2026-06-03 05:45:52.455240
processed,q5_confidence_dist,Z3,cache,79878.74221801758,0,537feee3-747d-4ae1-a1a5-232c9e651872,2026-06-03 05:45:52.456840
processed,q2_area,Z4,cache,78172.3690032959,0,3c35ee0f-3ffe-47ab-b856-5d755b02de71,2026-06-03 05:45:52.458670
processed,q3_density,Z2,cache,77721.85277938843,0,8b027999-144b-4beb-9a84-c1f71db357a9,2026-06-03 05:45:52.460254
processed,q3_density,Z2,cache,77019.8986530304,0,2799c804-96b5-4196-bca9-8267d0a3295d,2026-06-03 05:45:52.462113
processed,q3_density,Z4,cache,75061.39373779297,0,1073087a-c7dc-455c-8040-7d8b881cb36e,2026-06-03 05:45:52.463788
processed,q3_density,Z4,generator,74665.25077819824,0,3ea744f5-0e70-46ff-811a-a7831672cdda,2026-06-03 05:45:52.469325
processed,q5_confidence_dist,Z4,cache,74166.36824607849,0,e59bce61-055b-48c9-a54d-afc7b4c6be51,2026-06-03 05:45:52.474052
processed,q4_compare,Z4,generator,73974.24530982971,0,31967011-3246-46a5-859d-c6a9f3ce17bc,2026-06-03 05:45:52.482558
processed,q3_density,Z3,generator,69510.37454605103,0,ca46a1c8-7d86-4643-b185-06724276c4dc,2026-06-03 05:45:52.488336
processed,q3_density,Z1,cache,67603.66344451904,0,24b01221-79e5-44f6-aca4-782bd6afdb3f,2026-06-03 05:45:52.490426
processed,q3_density,Z1,cache,66801.88536643982,0,52d98a87-23ce-4baa-a08a-6d8e054911e7,2026-06-03 05:45:52.492368
processed,q5_confidence_dist,Z3,cache,65347.397565841675,0,a915bb08-b1fd-4b31-a5a1-91e83ea510b7,2026-06-03 05:45:52.494296
retry,q4_compare,Z1,,0.0,2,3995b1d0-26e8-40bc-85e9-7c5a787ca2eb,2026-06-03 05:45:52.572013
processed,q1_count,Z1,cache,98132.64060020447,2,0ef16c3f-1c1c-4d45-aca5-99d1864d075b,2026-06-03 05:45:52.574228
processed,q5_confidence_dist,Z2,cache,71004.08411026001,1,6e8b7819-8d48-4d56-994a-46aa58bf9630,2026-06-03 05:45:52.575948
dlq,q4_compare,Z3,,0.0,3,fa9d421e-41eb-4134-9e44-f2b09ef0eb30,2026-06-03 05:45:52.580278
processed,q1_count,Z4,cache,63024.32870864868,1,430cfe94-479d-4928-9472-9f379a64f00b,2026-06-03 05:45:52.582336
processed,q1_count,Z1,cache,74431.11157417297,1,8ab08781-f1b4-47da-beeb-5d7fb7000fae,2026-06-03 05:45:52.587404
processed,q4_compare,Z2,cache,92420.90392112732,2,8e13170e-162b-44b7-ae70-387d7fb53842,2026-06-03 05:45:52.589305
dlq,q4_compare,Z3,,0.0,3,64b16d2f-8730-43be-8c77-618ec4192b5d,2026-06-03 05:45:52.593108
processed,q3_density,Z3,cache,56604.26330566406,1,cef37d1d-cba6-4ce4-8686-e4d55ba8a737,2026-06-03 05:45:52.595074
processed,q2_area,Z4,generator,97103.82223129272,1,b0dc1eb8-94a5-45ff-a763-88a46683629f,2026-06-03 05:45:52.600373
recovered,q2_area,Z4,generator,97103.82223129272,1,b0dc1eb8-94a5-45ff-a763-88a46683629f,2026-06-03 05:45:52.602421
processed,q3_density,Z2,cache,92134.57345962524,1,a510ae39-cb94-4683-b9dd-b297f6b8d31e,2026-06-03 05:45:52.604361
retry,q4_compare,Z4,,0.0,1,6e6bc411-9520-43d5-ba99-b5da0638c592,2026-06-03 05:45:52.749405
processed,q2_area,Z4,cache,13749.712705612183,0,fe4646f9-0478-490d-b201-d3a97bb39af4,2026-06-03 05:45:52.751632
processed,q4_compare,Z1,cache,13349.948406219482,0,bc2d7952-470e-4660-b2c1-9ed893bb46eb,2026-06-03 05:45:52.753541
retry,q1_count,Z5,,0.0,1,ec128581-9c0b-4c52-840a-d937c817cf35,2026-06-03 05:45:52.999068
processed,q5_confidence_dist,Z1,cache,63644.11401748657,0,da99b55d-6978-4ac3-bc01-7234b8ed1137,2026-06-03 05:45:53.000884
processed,q5_confidence_dist,Z3,cache,63394.48285102844,0,f407f010-50c0-4cea-9e12-7dee495038e6,2026-06-03 05:45:53.002119
processed,q1_count,Z3,generator,62997.602462768555,0,315ec30c-28f4-4555-8571-c4786c4299ce,2026-06-03 05:45:53.007141
processed,q2_area,Z1,cache,62647.10545539856,0,5d2f41ad-f305-4503-967c-840624a311a6,2026-06-03 05:45:53.008416
retry,q4_compare,Z1,,0.0,1,5e622670-cd29-4460-8c3d-987040fa5743,2026-06-03 05:45:53.258677
processed,q2_area,Z2,cache,45356.244802474976,0,8cb106c2-d4ff-4aab-99fa-a8ffa470ad4a,2026-06-03 05:45:53.261823
processed,q4_compare,Z4,generator,44864.970684051514,0,bae89d53-ad9c-47cf-a28b-ac7a4fb78fd3,2026-06-03 05:45:53.272599
processed,q2_area,Z2,cache,44565.84978103638,0,19343143-6282-4046-bea3-a3b046ecd7f2,2026-06-03 05:45:53.274190
retry,q2_area,Z1,,0.0,1,86f7fa7a-a734-41ef-a3cc-50377d53b5c6,2026-06-03 05:45:53.514034
retry,q1_count,Z4,,0.0,2,b67acf57-8a99-47f5-8f95-ae22d511f79a,2026-06-03 05:45:53.609189
processed,q5_confidence_dist,Z4,cache,54955.61337471008,0,ec4b5152-1b34-4032-b6a0-460bdbaa4373,2026-06-03 05:45:53.610843
processed,q2_area,Z3,cache,54856.59146308899,0,f30b61f9-83e4-4eb7-b50a-35091865ad90,2026-06-03 05:45:53.612077
processed,q2_area,Z3,cache,53950.512409210205,0,6953c18c-9430-4de6-bfe1-271b28910558,2026-06-03 05:45:53.613552
processed,q4_compare,Z2,cache,49782.437324523926,0,19a0abe8-240a-4031-95e8-9dc6ed0035f9,2026-06-03 05:45:53.614670
processed,q5_confidence_dist,Z5,cache,48577.611684799194,0,bc2c45cc-198b-4b1c-88c7-9f45be90590d,2026-06-03 05:45:53.615782
processed,q2_area,Z5,cache,47925.44412612915,0,02b84f25-4f6c-4f82-86d9-75806c2dec7b,2026-06-03 05:45:53.617011
processed,q4_compare,Z5,generator,46775.309562683105,0,f40014e0-c9f7-46b8-8ec9-683a33878e9d,2026-06-03 05:45:53.623962
retry,q4_compare,Z1,,0.0,1,1f608258-7f2d-4d04-92a2-46eb8c044e90,2026-06-03 05:45:53.779503
retry,q1_count,Z2,,0.0,1,e3c3f67c-3a4f-4354-aa93-3c013ccc448e,2026-06-03 05:45:54.019681
processed,q2_area,Z4,cache,58784.41643714905,0,d6694f6a-6eb0-4fcc-a9f0-74078a1b20ed,2026-06-03 05:45:54.021223
processed,q2_area,Z3,cache,57730.825901031494,0,e215b680-0744-47a1-a254-110db5273d50,2026-06-03 05:45:54.022476
processed,q4_compare,Z4,cache,56524.94430541992,0,94dd9d88-2cd7-4c12-99e4-67356a00cb78,2026-06-03 05:45:54.023609
retry,q4_compare,Z2,,0.0,1,1276e37a-541d-4b54-97e3-6e8a8bc0b78e,2026-06-03 05:45:54.128240
processed,q2_area,Z5,cache,46677.45900154114,0,16866190-f3d6-4e9a-98c9-8c43490c05da,2026-06-03 05:45:54.129725
processed,q5_confidence_dist,Z3,cache,45272.03607559204,0,7bd4d8cb-a29a-497a-bde5-2b2e58eaf28f,2026-06-03 05:45:54.130831
processed,q3_density,Z1,cache,40950.199604034424,0,d9a492eb-e81a-4265-9e0c-5e4c1660870d,2026-06-03 05:45:54.131856
processed,q4_compare,Z4,generator,39550.668716430664,0,341c1ec9-218f-466e-8bca-1a59843f56de,2026-06-03 05:45:54.139182
processed,q4_compare,Z4,cache,38999.64618682861,0,456d0e20-312f-4f57-b2c4-e9f814777b64,2026-06-03 05:45:54.140552
processed,q2_area,Z5,cache,38347.618103027344,0,b4d30031-4d7a-4e25-8d39-99b283f585bb,2026-06-03 05:45:54.142179
processed,q4_compare,Z3,cache,36239.41493034363,0,d4a6ac3e-67cc-4997-a795-8e8d670d588d,2026-06-03 05:45:54.144094
processed,q1_count,Z4,generator,36195.26124000549,0,b33ade84-6c0a-40a8-af58-112472f00898,2026-06-03 05:45:54.149885
processed,q2_area,Z5,cache,33835.45899391174,0,5de210cb-82fc-4234-ba3f-e5c19907e826,2026-06-03 05:45:54.152013
processed,q3_density,Z1,cache,31627.257108688354,0,f7e1d4c1-2eea-4dd8-bcef-72151bcae74d,2026-06-03 05:45:54.153795
processed,q4_compare,Z1,generator,31079.481840133667,0,d379a2d9-9f87-4c79-92d7-568565789de9,2026-06-03 05:45:54.158268
processed,q3_density,Z1,cache,30277.234315872192,0,02cb2d32-7be1-4949-83e0-01d3688ae2a5,2026-06-03 05:45:54.159931
processed,q3_density,Z2,cache,28119.39001083374,0,0cad8464-8d8b-4827-aebe-d14054975c24,2026-06-03 05:45:54.161770
processed,q4_compare,Z4,cache,27066.36881828308,0,6ce8adb6-43c2-48a9-b5d8-271a91db4a1e,2026-06-03 05:45:54.163551
processed,q1_count,Z5,cache,25963.04416656494,0,b37cbae6-757a-4459-86e7-5543aa55c56e,2026-06-03 05:45:54.165377
processed,q1_count,Z3,generator,25215.524911880493,0,15049d41-3538-42d0-95f5-03f9d36a77bc,2026-06-03 05:45:54.170803
processed,q1_count,Z5,cache,24463.81640434265,0,9c868e5a-0b11-4a0b-b07a-c64711f50076,2026-06-03 05:45:54.172818
processed,q3_density,Z1,generator,24218.68062019348,0,37b3fadd-7bfb-429e-98ce-221c3b3cbc36,2026-06-03 05:45:54.179069
retry,q4_compare,Z4,,0.0,1,47f8ec1b-dccb-45c1-8e2b-933140364c3c,2026-06-03 05:45:54.283947
processed,q4_compare,Z4,generator,43471.15993499756,0,6adbc5f2-2acd-4b89-b58a-1dbf166c2740,2026-06-03 05:45:54.292152
processed,q2_area,Z1,cache,42820.38950920105,0,82d7bba6-7375-48fb-9074-a8bdde8fe029,2026-06-03 05:45:54.294280
processed,q4_compare,Z2,cache,42520.90549468994,0,d29ab233-c6dc-4038-9186-ffd9d7d30dcb,2026-06-03 05:45:54.296161
processed,q5_confidence_dist,Z5,cache,42472.50485420227,0,9b80b073-4242-405b-8a37-435c71e1d5f3,2026-06-03 05:45:54.297978
processed,q3_density,Z3,cache,41017.120599746704,0,c6a94c8f-8935-44c9-b456-32ef9e8bfa1b,2026-06-03 05:45:54.299773
processed,q4_compare,Z5,cache,40918.49589347839,0,ae9af823-49a6-405a-9981-109819c9bbfd,2026-06-03 05:45:54.301605
processed,q4_compare,Z3,cache,39413.34247589111,0,3855dd61-bfe9-4bde-b34c-d55784d88427,2026-06-03 05:45:54.303479
retry,q1_count,Z1,,0.0,1,b47479db-29fc-49c7-8ccb-65e92edbefc1,2026-06-03 05:45:54.528465
processed,q5_confidence_dist,Z3,cache,53560.662031173706,0,c6c707a3-743b-4655-8995-f23bf253caa6,2026-06-03 05:45:54.530250
retry,q4_compare,Z2,,0.0,1,442ff0ce-2db3-4c36-a1dd-6724df11110c,2026-06-03 05:45:54.684734
processed,q3_density,Z4,cache,23420.74728012085,0,a1c7baa1-9490-476a-a30a-eb71ea56cfb4,2026-06-03 05:45:54.686961
processed,q5_confidence_dist,Z1,cache,23221.646308898926,0,e7bd5e79-372c-44cf-94fe-182d24cd0b5e,2026-06-03 05:45:54.688822
processed,q2_area,Z1,cache,22619.667768478394,0,376730cc-a863-404e-87d7-1b6d45359d85,2026-06-03 05:45:54.690346
processed,q4_compare,Z3,cache,20712.43381500244,0,00cc9048-da85-4b02-b513-f9c39001fe13,2026-06-03 05:45:54.691672
retry,q2_area,Z3,,0.0,1,7655cc9a-86cb-440a-a4fe-fc03855eb07d,2026-06-03 05:45:54.809310
processed,q4_compare,Z1,cache,38464.17999267578,0,532fd29b-a7fb-4f7e-8bf2-87dfa946b548,2026-06-03 05:45:54.811690
processed,q3_density,Z5,generator,38369.89188194275,0,cc800bdb-9809-4814-9536-89d625620f99,2026-06-03 05:45:54.817409
processed,q2_area,Z2,cache,38271.21019363403,0,e643ebfa-8e38-4b16-9233-109b442c465c,2026-06-03 05:45:54.819626
processed,q3_density,Z4,cache,38172.74880409241,0,aadcbc21-b32a-489c-8e21-d9e32cb04e9e,2026-06-03 05:45:54.821530
retry,q3_density,Z5,,0.0,1,8096e679-25f2-45f7-901e-d6d4da2f526e,2026-06-03 05:45:55.034820
processed,q4_compare,Z1,cache,51555.74321746826,0,01e9cf61-fdfc-4129-86cf-86ef3f78f5fd,2026-06-03 05:45:55.037090
processed,q5_confidence_dist,Z1,cache,51407.10163116455,0,98142e41-2deb-42b0-804f-e961da2c633c,2026-06-03 05:45:55.039045
processed,q3_density,Z3,cache,50906.749963760376,0,5e35baab-5b3b-4ece-bc3a-36bccdcf6669,2026-06-03 05:45:55.040907
processed,q2_area,Z5,generator,50712.369203567505,0,c4eceb75-9fe0-4adc-a396-782b0398d8c7,2026-06-03 05:45:55.047243
processed,q3_density,Z3,cache,107490.3826713562,2,c3e251f0-cc14-4f46-9fba-7fff392b0e9b,2026-06-03 05:45:55.050431
dlq,q4_compare,Z4,,0.0,3,e82978a6-85c7-47ba-b404-066a37ca279d,2026-06-03 05:45:55.055345
processed,q4_compare,Z5,generator,98060.25981903076,2,0f63ea42-af3e-44b8-88b6-3aab54a18f0d,2026-06-03 05:45:55.063749
recovered,q4_compare,Z5,generator,98060.25981903076,2,0f63ea42-af3e-44b8-88b6-3aab54a18f0d,2026-06-03 05:45:55.065783
processed,q1_count,Z2,cache,98918.13230514526,2,aa99f5fc-a1bb-49db-8098-041a506bd727,2026-06-03 05:45:55.067908
processed,q3_density,Z1,cache,106152.85992622375,2,6402657f-422d-40a9-b0b5-f18d7b07f6a7,2026-06-03 05:45:55.069518
dlq,q4_compare,Z4,,0.0,3,1ef39a43-142e-407c-9fa9-d59a03ff288b,2026-06-03 05:45:55.073530
retry,q4_compare,Z3,,0.0,1,12e0d39c-12b4-436f-97e1-52ddedf722a9,2026-06-03 05:45:55.195881
retry,q1_count,Z1,,0.0,1,4566964b-6dcb-4fa0-ac2a-462013872c98,2026-06-03 05:45:55.326684
retry,q4_compare,Z3,,0.0,1,e545302d-590c-41e0-8d8f-bd7082d75045,2026-06-03 05:45:55.701459
processed,q5_confidence_dist,Z2,cache,18610.51917076111,0,62883aaa-c649-420c-8d7c-87eb54168483,2026-06-03 05:45:55.703907
retry,q3_density,Z1,,0.0,1,7532055d-318f-4051-8916-1702c64adbe7,2026-06-03 05:45:55.831791
processed,q1_count,Z5,cache,34663.477659225464,0,ee3294df-1e46-4e87-b80a-ededc3be3876,2026-06-03 05:45:55.834073
processed,q2_area,Z5,cache,33610.89611053467,0,7113e717-dfb0-4a9d-b7a6-7919ad9a234e,2026-06-03 05:45:55.835981
processed,q4_compare,Z3,generator,32161.000728607178,0,2f17a0a0-220d-4b38-a910-ed78819c3e79,2026-06-03 05:45:55.843371
retry,q4_compare,Z4,,0.0,2,1875a0be-0b93-497e-850b-6ae1d678824a,2026-06-03 05:45:56.078436
processed,q4_compare,Z1,generator,79487.34736442566,1,8387ae84-8918-4deb-9737-8b2ff2adb75b,2026-06-03 05:45:56.085244
recovered,q4_compare,Z1,generator,79487.34736442566,1,8387ae84-8918-4deb-9737-8b2ff2adb75b,2026-06-03 05:45:56.086627
processed,q4_compare,Z4,cache,75169.3115234375,1,59685f5f-0866-4b8e-8f29-4b18166022ec,2026-06-03 05:45:56.087882
processed,q3_density,Z2,cache,71102.49924659729,1,d627d5d3-3d74-4550-b2bf-1d626b65f892,2026-06-03 05:45:56.089064
processed,q3_density,Z3,cache,46175.557136535645,1,dacca8ad-f532-4645-99ac-68703985f4d2,2026-06-03 05:45:56.090112
processed,q2_area,Z1,cache,99691.07508659363,1,c4878117-95bc-4957-909b-233fb657ceeb,2026-06-03 05:45:56.091221
dlq,q4_compare,Z4,,0.0,3,0dcf499d-7957-4570-9fa3-5ae2f46e8947,2026-06-03 05:45:56.094599
processed,q3_density,Z2,cache,92912.25600242615,2,1754c15a-4ac8-4f54-a428-708d462ecfd2,2026-06-03 05:45:56.095776
retry,q2_area,Z3,,0.0,1,fd620573-9818-40c2-9208-d1ed78d245ad,2026-06-03 05:45:56.208638
processed,q2_area,Z5,generator,18066.67923927307,0,0185dcfa-8503-4a28-9123-0242064c9ae8,2026-06-03 05:45:56.214233
retry,q2_area,Z2,,0.0,1,39d85b80-7e4d-41cd-bc81-15886baee5f3,2026-06-03 05:45:56.348907
retry,q2_area,Z3,,0.0,1,9a9df7e7-806f-4801-be2a-51681b6cab59,2026-06-03 05:45:56.720511
processed,q1_count,Z3,cache,16967.555046081543,0,c40af420-b5fa-40f4-8c68-b6443cce9172,2026-06-03 05:45:56.722800
processed,q5_confidence_dist,Z2,cache,16417.17290878296,0,32396ff7-bd45-45e8-9200-e9e6d5534def,2026-06-03 05:45:56.724864
processed,q5_confidence_dist,Z2,cache,16218.437671661377,0,cb377311-5111-4275-a2a5-8d55b4fba2a6,2026-06-03 05:45:56.727331
processed,q4_compare,Z5,cache,58928.542613983154,0,bb00aa8d-16ae-4d63-aab4-22ec52dde697,2026-06-03 05:45:56.729293
processed,q4_compare,Z2,cache,58880.21540641785,0,88a89124-2d3d-496c-9ef8-dd417b9e9e8f,2026-06-03 05:45:56.731194
retry,q4_compare,Z3,,0.0,1,58b9c9bb-026c-422d-96dd-90a134414365,2026-06-03 05:45:56.855713
processed,q2_area,Z3,cache,31669.32249069214,0,5ce72982-5fd7-40ae-888c-3bcabc95ec37,2026-06-03 05:45:56.858759
processed,q5_confidence_dist,Z4,cache,31622.129917144775,0,58ab2003-1386-412a-9208-7378f58c412c,2026-06-03 05:45:56.861927
processed,q3_density,Z3,cache,28812.55531311035,0,0b657b64-c9ac-4b74-bac6-85c824567e53,2026-06-03 05:45:56.864296
processed,q1_count,Z2,generator,26408.069372177124,0,a5381167-9b12-4d34-927d-70aa043e7e51,2026-06-03 05:45:56.870264
processed,q5_confidence_dist,Z1,cache,26158.84232521057,0,adfe0db1-5668-486f-9a39-58948d1c71c9,2026-06-03 05:45:56.872885
processed,q5_confidence_dist,Z5,cache,25913.93256187439,0,a9c6b333-582f-4a4c-ba54-54c115e9bc7b,2026-06-03 05:45:56.879083
processed,q4_compare,Z1,cache,25866.27459526062,0,d7c3fdae-babc-400d-bed9-3a92cf359cc4,2026-06-03 05:45:56.881214
processed,q1_count,Z4,cache,25717.483282089233,0,49a0c35d-9ccb-498f-8407-ee580a994be0,2026-06-03 05:45:56.883025
processed,q2_area,Z5,cache,25669.01421546936,0,3bf82a71-ce42-44a7-8f9a-1b366a7abb7b,2026-06-03 05:45:56.884434
processed,q2_area,Z2,cache,25117.213010787964,0,18a9b61d-3441-413e-8a17-69d2167663b1,2026-06-03 05:45:56.886341
processed,q3_density,Z3,cache,24616.300582885742,0,de10138c-8c2b-4b88-9668-f16d1d57d626,2026-06-03 05:45:56.888159
processed,q1_count,Z2,cache,23864.590644836426,0,3697ff1b-36de-4047-aea1-8551147a129d,2026-06-03 05:45:56.890005
processed,q3_density,Z5,cache,23816.236972808838,0,b4828eb5-d869-4330-81b6-b82358e6c3d0,2026-06-03 05:45:56.892171
retry,q2_area,Z3,,0.0,2,879b0088-5b2f-4cbd-96c9-8d0a2e611307,2026-06-03 05:45:57.099463
processed,q3_density,Z3,cache,64074.68128204346,1,8005c230-5df9-495f-a481-f502eed607dc,2026-06-03 05:45:57.102052
processed,q4_compare,Z4,generator,81866.66822433472,1,02d5177d-50c5-4de4-af50-431a2e2aaf96,2026-06-03 05:45:57.107723
recovered,q4_compare,Z4,generator,81866.66822433472,1,02d5177d-50c5-4de4-af50-431a2e2aaf96,2026-06-03 05:45:57.109589
processed,q4_compare,Z4,generator,97300.63533782959,2,8c12f81e-52ef-44f6-8977-bba24fa87b5d,2026-06-03 05:45:57.117558
recovered,q4_compare,Z4,generator,97300.63533782959,2,8c12f81e-52ef-44f6-8977-bba24fa87b5d,2026-06-03 05:45:57.119358
processed,q4_compare,Z1,cache,105090.33441543579,2,23fd627a-fb09-4ce1-ac77-73b095740fec,2026-06-03 05:45:57.121262
processed,q1_count,Z3,cache,101174.2970943451,2,e06183b2-0553-4100-be82-52ef3317e31b,2026-06-03 05:45:57.122948
processed,q2_area,Z5,cache,101577.77738571167,2,594c8223-ee16-440e-b9b2-50b0d51f1399,2026-06-03 05:45:57.124274
processed,q3_density,Z1,cache,101277.60553359985,2,37060867-c306-450e-9371-1b7952770a9f,2026-06-03 05:45:57.125584
processed,q3_density,Z2,cache,113283.24723243713,2,2c2e5042-80e8-4a9b-9ebf-5dedf2ee8cd5,2026-06-03 05:45:57.126956
processed,q1_count,Z5,cache,89724.64275360107,2,89b23eae-f4a3-4065-a2cb-e48740819cec,2026-06-03 05:45:57.128233
processed,q5_confidence_dist,Z2,cache,79174.53408241272,1,733959ac-6831-4a64-ade0-fda576812c7e,2026-06-03 05:45:57.129330
processed,q3_density,Z5,cache,61240.60678482056,1,1a499d00-6b31-41da-b342-45b5456d80e6,2026-06-03 05:45:57.130681
processed,q3_density,Z5,cache,75660.72869300842,1,73f60bb7-fe93-4cb8-9db8-2d7a8f4cfe37,2026-06-03 05:45:57.132015
processed,q3_density,Z1,cache,95609.08126831055,1,580fe8be-9ec8-4391-8009-489f910e894e,2026-06-03 05:45:57.133912
processed,q2_area,Z1,cache,111483.54697227478,2,cf886cfb-6151-477e-bee9-095171caf882,2026-06-03 05:45:57.135622
processed,q4_compare,Z3,generator,99132.16495513916,2,33e7b1e2-8b30-450c-ad7d-b2041980eabe,2026-06-03 05:45:57.139955
recovered,q4_compare,Z3,generator,99132.16495513916,2,33e7b1e2-8b30-450c-ad7d-b2041980eabe,2026-06-03 05:45:57.141955
dlq,q3_density,Z4,,0.0,3,527dc62f-bb62-44fd-be16-5a53c8b89591,2026-06-03 05:45:57.146947
retry,q2_area,Z3,,0.0,1,1027c4bc-763b-4015-9a27-ada7438a77cd,2026-06-03 05:45:57.236852
processed,q5_confidence_dist,Z5,cache,57930.07230758667,0,739b50d2-b8b0-4d1c-8e59-73ec832638ed,2026-06-03 05:45:57.241873
processed,q3_density,Z3,generator,54218.96505355835,0,79b43482-ed43-4650-bf0a-5ad12910dee1,2026-06-03 05:45:57.247803
processed,q5_confidence_dist,Z4,cache,53216.08304977417,0,326d5936-6c83-4867-8d42-46501a3e805d,2026-06-03 05:45:57.249908
processed,q3_density,Z5,generator,53171.831130981445,0,f58c795a-f2e6-406f-b213-585c057bbbcc,2026-06-03 05:45:57.255381
processed,q4_compare,Z2,cache,52620.55945396423,0,61f6e53d-f731-4a18-bffd-1ce78b626929,2026-06-03 05:45:57.256660
processed,q4_compare,Z5,generator,52071.49600982666,0,c165a5fe-65e8-4d3f-9036-f127d6599b2c,2026-06-03 05:45:57.260823
processed,q1_count,Z3,cache,51721.22859954834,0,9748a58f-b244-4da6-8de0-ff3787cafe55,2026-06-03 05:45:57.262401
processed,q5_confidence_dist,Z2,cache,51471.561670303345,0,2d87bf5d-29ce-4296-b46f-008fbc83b5b4,2026-06-03 05:45:57.263567
processed,q5_confidence_dist,Z3,cache,50869.009256362915,0,b4e85d20-a729-41fd-993b-510e2ba0fe9e,2026-06-03 05:45:57.264629
processed,q3_density,Z2,cache,50316.69068336487,0,02b42c3a-6b04-48c5-bf7b-5d882de47e02,2026-06-03 05:45:57.265645
retry,q4_compare,Z4,,0.0,1,61b7974d-a5bf-46f3-8f6e-dbdd62b929bc,2026-06-03 05:45:57.398544
processed,q1_count,Z1,cache,19654.602766036987,0,8c461ef9-3dae-4fa3-903e-8263231037b7,2026-06-03 05:45:57.400355
processed,q4_compare,Z5,generator,18806.862831115723,0,29edbbc4-a538-4abe-82a3-8db81ad7f8f4,2026-06-03 05:45:57.406607
processed,q3_density,Z5,cache,46235.99815368652,0,827c5ecc-686f-4752-80d0-db4d30dd6813,2026-06-03 05:45:57.408009
processed,q5_confidence_dist,Z1,cache,45785.189151763916,0,b4e12afc-34e7-4f84-80ef-c815671cf483,2026-06-03 05:45:57.409864
retry,q3_density,Z4,,0.0,1,21bebfca-9405-4528-876d-a6d76990318e,2026-06-03 05:45:57.770217
retry,q4_compare,Z3,,0.0,1,2ba81156-e210-48ce-8f68-51d103e72151,2026-06-03 05:45:57.913716
processed,q5_confidence_dist,Z3,cache,45838.74583244324,0,866eced1-a677-4052-96cf-011be33d5142,2026-06-03 05:45:57.915675
processed,q5_confidence_dist,Z4,cache,44132.418394088745,0,269535c0-3d66-4475-86d1-af92db21e742,2026-06-03 05:45:57.917015
processed,q5_confidence_dist,Z3,cache,44033.17403793335,0,b9536da5-5a7e-453e-9cf4-f457169a2f2d,2026-06-03 05:45:57.918411
processed,q1_count,Z1,cache,43833.55760574341,0,3ad1d9fb-33cc-4f82-aca0-df00887a47b5,2026-06-03 05:45:57.919616
processed,q5_confidence_dist,Z2,cache,37655.027866363525,0,13fa6c10-1732-42f5-8587-05fd995ab8b4,2026-06-03 05:45:57.920610
processed,q2_area,Z5,generator,36353.8453578949,0,d2bc1bfd-44a9-4ffe-b420-00c733372e4f,2026-06-03 05:45:57.925468
processed,q1_count,Z2,generator,35253.06582450867,0,cabc13de-af91-4e9e-a72a-a99979f963c8,2026-06-03 05:45:57.929930
processed,q4_compare,Z5,cache,33295.318841934204,0,0ad5febc-0455-4516-9307-dc3e4b298529,2026-06-03 05:45:57.931088
processed,q1_count,Z2,cache,33095.51286697388,0,a2e56966-d04d-4649-b0cf-246794520716,2026-06-03 05:45:57.932351
retry,q2_area,Z2,,0.0,2,0f324a64-d9e9-4a76-9f16-d99c2f02915d,2026-06-03 05:45:58.151766
processed,q3_density,Z1,cache,64172.14608192444,1,852c2459-dfb1-46d3-bd4b-b233fe70d6fc,2026-06-03 05:45:58.153536
processed,q4_compare,Z4,cache,80149.73950386047,1,f9cca721-a3ea-4173-a277-e6e75456cf55,2026-06-03 05:45:58.154704
processed,q1_count,Z1,cache,45526.77798271179,1,fa6815ca-48c8-4ab6-8558-e2c5048174cf,2026-06-03 05:45:58.156315
processed,q1_count,Z3,generator,45180.99093437195,1,633aabad-d3f3-43df-8122-0313e1076017,2026-06-03 05:45:58.162411
recovered,q1_count,Z3,generator,45180.99093437195,1,633aabad-d3f3-43df-8122-0313e1076017,2026-06-03 05:45:58.163661
processed,q3_density,Z3,cache,53880.436182022095,1,c8972a24-4f7b-4472-b3e0-60fbc258b91e,2026-06-03 05:45:58.165478
processed,q4_compare,Z1,generator,109155.09867668152,2,3e550ffe-bd8c-45b9-87eb-3e038e05a878,2026-06-03 05:45:58.172294
recovered,q4_compare,Z1,generator,109155.09867668152,2,3e550ffe-bd8c-45b9-87eb-3e038e05a878,2026-06-03 05:45:58.173656
processed,q2_area,Z2,cache,84642.55023002625,1,f6dba044-ed72-4807-8002-61d0b953738a,2026-06-03 05:45:58.175321
processed,q2_area,Z4,cache,89919.04282569885,2,bf757f72-7fc9-4f07-b66f-4c655fcd5a4f,2026-06-03 05:45:58.176597
processed,q3_density,Z4,cache,77510.33854484558,1,57999a05-e88d-468b-8733-0c1eb58f4a08,2026-06-03 05:45:58.177882
processed,q4_compare,Z5,cache,86606.09197616577,1,37d647a0-07dc-412c-9fa6-dc69cd911814,2026-06-03 05:45:58.179113
processed,q2_area,Z4,cache,82637.92753219604,1,4c2dbdb7-d603-49d0-8ab5-d911c39987e5,2026-06-03 05:45:58.180192
processed,q4_compare,Z5,cache,55052.2243976593,1,6618d70a-98f0-4607-a582-1ed12b7d4cf6,2026-06-03 05:45:58.181236
dlq,q1_count,Z3,,0.0,3,91a1ddbf-c90f-4c97-bd8a-edea18e32e17,2026-06-03 05:45:58.184245
processed,q3_density,Z3,cache,53700.02317428589,1,92e774ad-ca65-425f-9f73-6c9d341aae72,2026-06-03 05:45:58.185337
processed,q3_density,Z4,cache,75962.22400665283,1,049d671c-adb9-4a09-9a50-33ec17e65f72,2026-06-03 05:45:58.186330
dlq,q4_compare,Z2,,0.0,3,20cf358e-71bd-4558-b3ea-dcd4d70b5a37,2026-06-03 05:45:58.189088
processed,q3_density,Z3,cache,63204.83469963074,1,1ef11630-305a-4d88-a896-d57c87d8a74d,2026-06-03 05:45:58.190365
retry,q2_area,Z4,,0.0,1,b5de074b-852d-456a-b006-aa7a738490ae,2026-06-03 05:45:58.274810
processed,q1_count,Z4,cache,49166.512966156006,0,2292d554-5b04-4586-9780-60aff9ee337c,2026-06-03 05:45:58.276927
retry,q1_count,Z3,,0.0,1,d95c36b0-2013-4311-b3e7-86f94b4fd21e,2026-06-03 05:45:58.436091
processed,q3_density,Z4,cache,31943.427085876465,0,c3c38571-57a4-4432-bef9-4f87687310a7,2026-06-03 05:45:58.437788
processed,q5_confidence_dist,Z5,cache,30940.507411956787,0,fe359793-2ba4-427f-a17d-2ada3f6bd66f,2026-06-03 05:45:58.439020
processed,q4_compare,Z1,cache,29936.94567680359,0,ed31656a-ed86-453e-973f-a9f3fe2b88f9,2026-06-03 05:45:58.440094
processed,q2_area,Z1,generator,28235.397338867188,0,b684f6c4-8d82-4b8d-8f05-105d7b6526e9,2026-06-03 05:45:58.446997
processed,q3_density,Z1,cache,25976.08757019043,0,5ea544b5-1512-4a1c-9f9d-32ee62bfe1d2,2026-06-03 05:45:58.448472
processed,q1_count,Z2,cache,25776.458501815796,0,db663c29-3456-45eb-a138-1b833aabd622,2026-06-03 05:45:58.449977
processed,q4_compare,Z3,generator,22869.95530128479,0,e788e0fd-b26d-46a4-a82c-a1c5c0d61237,2026-06-03 05:45:58.456543
processed,q4_compare,Z4,cache,21063.927173614502,0,1d953236-a8d2-4d90-a92b-5cbf0e41a0e1,2026-06-03 05:45:58.457941
processed,q2_area,Z5,cache,19407.521963119507,0,2c52da21-d971-4d76-b16e-955346df1678,2026-06-03 05:45:58.459063
processed,q2_area,Z1,generator,50257.94529914856,0,9fa57285-aa40-44ac-8636-117c846ac3ed,2026-06-03 05:45:58.463542
processed,q2_area,Z2,cache,48348.86598587036,0,4f56da3f-91b4-4b73-9f4b-578e50a45380,2026-06-03 05:45:58.464687
processed,q1_count,Z4,cache,47897.17197418213,0,d6241689-6219-4301-be30-023dc0a1b025,2026-06-03 05:45:58.465730
processed,q5_confidence_dist,Z3,cache,47445.561170578,0,de3784f3-6951-4239-a09c-405223023c66,2026-06-03 05:45:58.466762
retry,q3_density,Z2,,0.0,1,ef9441fd-2a94-403c-9abe-9377e66e7db4,2026-06-03 05:45:58.781444
retry,q4_compare,Z2,,0.0,1,70f5685c-83f9-41ef-8b09-c8c097ddf87f,2026-06-03 05:45:58.970544
retry,q4_compare,Z3,,0.0,2,3a831066-f4c1-4a02-ac25-145e630ea40c,2026-06-03 05:45:59.194770
retry,q4_compare,Z5,,0.0,1,ef0dbe82-b3ec-4afb-bdc4-2ac19abc2f4a,2026-06-03 05:45:59.286262
processed,q4_compare,Z4,cache,48568.11785697937,0,db21dfe1-01d1-4e3f-b968-25b6fa3846a5,2026-06-03 05:45:59.288069
processed,q5_confidence_dist,Z1,cache,47916.52274131775,0,0e2ba34c-56f9-4710-bc10-46a4546a69b9,2026-06-03 05:45:59.289503
processed,q5_confidence_dist,Z5,cache,46360.23449897766,0,a93d0321-e479-4981-a988-c2f350f3b4e7,2026-06-03 05:45:59.290788
processed,q4_compare,Z3,cache,45859.09128189087,0,0e1dfe9c-426e-4409-ba1c-5e429ad8cb90,2026-06-03 05:45:59.292120
processed,q3_density,Z2,cache,45810.26792526245,0,c8176eb4-99a0-4fe5-ac1c-4c890178448b,2026-06-03 05:45:59.293384
processed,q2_area,Z2,cache,44304.42714691162,0,941be719-a829-4c70-aa86-49718fbc0b36,2026-06-03 05:45:59.294818
retry,q1_count,Z1,,0.0,1,d8238cb1-e7ca-463b-8580-ea4a8fb08bc3,2026-06-03 05:45:59.475066
processed,q1_count,Z2,cache,45541.067361831665,0,d2212328-48a5-4f33-a383-bff74c065a72,2026-06-03 05:45:59.476792
processed,q2_area,Z2,cache,42277.13847160339,0,81020963-83a6-44f7-82d7-02f874b1fe7d,2026-06-03 05:45:59.478131
processed,q1_count,Z1,cache,41976.85766220093,0,c2241305-2ae9-48ca-a88c-9f486e42a7f3,2026-06-03 05:45:59.479768
processed,q3_density,Z4,cache,41727.569818496704,0,13e1a020-0ac5-468a-a9a3-1186dba31ca7,2026-06-03 05:45:59.481150
processed,q5_confidence_dist,Z1,cache,40623.46529960632,0,50529ee6-27ff-4e9d-abf2-288a77ee9173,2026-06-03 05:45:59.482547
processed,q2_area,Z4,cache,39419.03567314148,0,6c31006d-ec01-4d34-9169-7fa38bf1b67c,2026-06-03 05:45:59.483882
processed,q5_confidence_dist,Z5,cache,35451.91192626953,0,ef243abc-18c4-42b9-88e0-7cccf1ed5c9e,2026-06-03 05:45:59.484929
retry,q1_count,Z3,,0.0,1,9bff94e1-1f0b-42e7-99b9-208e541d82c8,2026-06-03 05:45:59.799087
processed,q2_area,Z5,cache,41594.84362602234,0,49183f46-7dcc-4a50-8352-4fd7072d418e,2026-06-03 05:45:59.800901
processed,q1_count,Z4,generator,41549.87907409668,0,001716c1-d25e-494d-aa75-cabf96f34671,2026-06-03 05:45:59.805971
processed,q1_count,Z4,cache,40747.390270233154,0,02b5d769-6854-4dad-9a70-3b9fd0ff6a14,2026-06-03 05:45:59.807343
processed,q4_compare,Z1,generator,39949.7127532959,0,9e4e37c4-f191-448f-a812-e65375f9d7ac,2026-06-03 05:45:59.813821
processed,q3_density,Z1,cache,38343.79482269287,0,5c469bec-ffb2-450a-84ff-e3e117e16120,2026-06-03 05:45:59.815107
processed,q1_count,Z3,cache,37440.86265563965,0,9097a6fc-6a59-4d2e-8d14-6089551518b0,2026-06-03 05:45:59.816470
processed,q5_confidence_dist,Z1,cache,34729.859590530396,0,c6acd078-6fc0-47d9-a70b-f07c64b804cf,2026-06-03 05:45:59.817742
retry,q4_compare,Z4,,0.0,1,306b7156-2829-4d94-8996-06cc1601e1b1,2026-06-03 05:45:59.989067
processed,q2_area,Z5,cache,34300.262689590454,0,c09ccdd8-c62c-4c41-890d-c57de17dbcf3,2026-06-03 05:45:59.990822
processed,q3_density,Z1,cache,32995.76735496521,0,64739b1b-b543-465a-aae0-68cef7b3fb8d,2026-06-03 05:45:59.992367
processed,q4_compare,Z4,cache,32193.8157081604,0,051349ab-47e1-4a3f-b1a2-ef8f166660ee,2026-06-03 05:45:59.993620
retry,q4_compare,Z2,,0.0,2,edccefc2-0b0d-4704-83f0-d008df9a31fe,2026-06-03 05:46:00.203168
processed,q2_area,Z5,cache,106868.54696273804,2,36406fbb-aaa1-4ec5-ba3d-7acb0e891070,2026-06-03 05:46:00.205304
processed,q4_compare,Z3,cache,88131.60395622253,1,1433f30e-4b2f-4089-95bc-9d63be20a0f9,2026-06-03 05:46:00.207942
processed,q2_area,Z2,cache,73665.84753990173,1,e0466a9c-fcb5-4b17-b8ef-0b9cb484604e,2026-06-03 05:46:00.210358
processed,q3_density,Z3,cache,56329.41699028015,1,402678da-1c15-4f72-8554-6a2481afd1f7,2026-06-03 05:46:00.212572
processed,q1_count,Z2,cache,106225.1045703888,1,1a9a4ef0-c6d9-4eb4-8d7d-9ab0584fb865,2026-06-03 05:46:00.214659
dlq,q4_compare,Z2,,0.0,3,8b2b070f-4928-494f-a9b5-9b32bb12c8ba,2026-06-03 05:46:00.218621
processed,q1_count,Z3,cache,100705.33323287964,2,a1447856-198a-4bab-9853-374a27a0d685,2026-06-03 05:46:00.220423
processed,q2_area,Z5,cache,97640.97809791565,2,ef1da7d9-9a70-48d3-848c-a27159440c3e,2026-06-03 05:46:00.222349
dlq,q4_compare,Z2,,0.0,3,160d51e3-dcb0-4487-a60a-8bf13c731c1b,2026-06-03 05:46:00.226290
retry,q3_density,Z4,,0.0,1,9b0443e7-e0f2-468b-8546-468a9d6eb0cc,2026-06-03 05:46:00.321471
processed,q5_confidence_dist,Z5,cache,28755.808115005493,0,9fae3175-ca2d-41e9-9df1-87f2d25b2630,2026-06-03 05:46:00.323949
processed,q2_area,Z1,cache,28355.478525161743,0,fb18ac2f-28fb-487e-9406-45b977854221,2026-06-03 05:46:00.325483
processed,q3_density,Z3,cache,28156.033992767334,0,9ff34bc2-54aa-4393-9e88-fd37d4cd3b1e,2026-06-03 05:46:00.327523
retry,q4_compare,Z4,,0.0,1,2638f292-f03d-4766-a4fc-3c7c6fa26872,2026-06-03 05:46:00.499743
retry,q4_compare,Z1,,0.0,1,6e748b47-701c-47d0-adf9-d2e6f8887afa,2026-06-03 05:46:00.832697
processed,q3_density,Z5,cache,25097.477674484253,0,9cbb68a6-31e6-4c02-8bcd-3d3c20b0bb3d,2026-06-03 05:46:00.835253
processed,q5_confidence_dist,Z5,cache,24698.145151138306,0,31c47aae-a39e-4a74-8c5b-e40b8fcb3951,2026-06-03 05:46:00.837271
retry,q1_count,Z1,,0.0,1,865ad9c8-3978-4804-ae6f-fb67b06b4353,2026-06-03 05:46:01.005439
processed,q5_confidence_dist,Z1,cache,30997.267484664917,0,792621d0-5f22-4044-8eae-78a0f6fbcf29,2026-06-03 05:46:01.008027
processed,q1_count,Z4,cache,30095.52240371704,0,c2fe326f-b194-4e90-af6e-4f1a61937560,2026-06-03 05:46:01.010064
processed,q5_confidence_dist,Z2,cache,28438.740491867065,0,03601979-de40-421f-b01e-23fc58c32f52,2026-06-03 05:46:01.011920
processed,q3_density,Z3,generator,26787.531852722168,0,2dcbd2ef-e0cc-44c2-9def-b9fd2a04663c,2026-06-03 05:46:01.018050
processed,q3_density,Z2,cache,26186.704397201538,0,4fa10fa3-b3df-48d5-83c0-4b3606dfa288,2026-06-03 05:46:01.020135
processed,q5_confidence_dist,Z2,cache,24531.410217285156,0,400b3378-6f84-4305-9187-67593a592085,2026-06-03 05:46:01.021939
processed,q3_density,Z5,cache,23830.302238464355,0,ee3f8bdf-6f80-47fc-81f0-2670ad45f38e,2026-06-03 05:46:01.023767
retry,q4_compare,Z4,,0.0,2,b2998446-878c-4dce-8f77-08925e640fee,2026-06-03 05:46:01.231420
processed,q2_area,Z5,generator,90617.27213859558,1,a950e34c-2df4-48f6-b1f9-f9675d8d611c,2026-06-03 05:46:01.235706
recovered,q2_area,Z5,generator,90617.27213859558,1,a950e34c-2df4-48f6-b1f9-f9675d8d611c,2026-06-03 05:46:01.236858
processed,q3_density,Z3,cache,96296.79703712463,1,a16b8fb8-4229-457b-bc99-dcafeeaffca4,2026-06-03 05:46:01.237949
processed,q2_area,Z5,cache,63639.920473098755,2,373c0c3b-effc-4edd-846b-65f76dfa7dd6,2026-06-03 05:46:01.239009
dlq,q2_area,Z3,,0.0,3,86eaf5a5-1c50-4fc5-86aa-4cef61d950a9,2026-06-03 05:46:01.242050
processed,q5_confidence_dist,Z4,cache,53238.61885070801,0,b98af211-bef1-46dd-b826-ede214fa989a,2026-06-03 05:46:01.243302
processed,q5_confidence_dist,Z1,cache,50323.633909225464,0,de6e1229-e838-4921-8525-3a153d808be7,2026-06-03 05:46:01.244445
processed,q2_area,Z2,cache,49018.58043670654,0,1f2d49fd-5029-4c18-83d7-ec3ad5a20e89,2026-06-03 05:46:01.245504
processed,q2_area,Z3,cache,47914.24536705017,0,82e3de3b-76af-49a8-8625-1dd36dc42b66,2026-06-03 05:46:01.246604
processed,q4_compare,Z3,cache,44096.99201583862,0,27f7d840-3495-4bda-9aec-196d8b761dd1,2026-06-03 05:46:01.247690
processed,q3_density,Z4,cache,42591.01843833923,0,eac4f82b-ec8d-467b-b30e-a44b47c554c6,2026-06-03 05:46:01.248914
retry,q1_count,Z2,,0.0,1,a6567b8d-a5a6-4805-a45b-9a58d6ac0d30,2026-06-03 05:46:01.342309
processed,q4_compare,Z2,cache,23297.10555076599,0,c7235f0f-ecfb-4dba-bd75-2bcbac23ef30,2026-06-03 05:46:01.344680
processed,q2_area,Z3,generator,23102.363109588623,0,8e58eddf-32f1-4011-b1e5-403bb4da8548,2026-06-03 05:46:01.350679
processed,q3_density,Z5,cache,22551.43642425537,0,5be865e6-72e5-493a-ab6a-bee2c48c0b3d,2026-06-03 05:46:01.351935
retry,q1_count,Z2,,0.0,1,5670f42d-b66c-47fa-ac0d-8bbe74d39d2c,2026-06-03 05:46:01.529477
processed,q5_confidence_dist,Z5,cache,82722.1908569336,0,d4398b2c-01eb-4a87-98fb-04c07998e5c8,2026-06-03 05:46:01.531461
retry,q2_area,Z2,,0.0,1,502a0867-4ac3-4166-a67f-034d5a69e641,2026-06-03 05:46:01.752933
processed,q4_compare,Z3,cache,39881.37888908386,0,652dced4-fa3a-44a3-a075-3b709cad37d0,2026-06-03 05:46:01.754557
retry,q3_density,Z4,,0.0,1,45dddc30-fb50-4a16-8b4c-eb4b69612c39,2026-06-03 05:46:01.855943
processed,q4_compare,Z2,generator,95967.58842468262,0,6aeaead5-153c-4d45-8a5a-b25291c095a4,2026-06-03 05:46:01.865236
processed,q2_area,Z2,cache,95869.47441101074,0,644eddbb-7671-412c-8678-4f7fcc88a9c3,2026-06-03 05:46:01.867282
processed,q3_density,Z2,cache,93661.40246391296,0,d7d89080-3f62-4082-afa5-2fe19fd3b72f,2026-06-03 05:46:01.868813
processed,q1_count,Z3,cache,93261.0559463501,0,96e3559a-233f-40b2-bc6d-fe1dc8dd7679,2026-06-03 05:46:01.870678
processed,q2_area,Z4,cache,93061.73491477966,0,a21c663b-3343-440c-8d8e-e2e42b3df8ef,2026-06-03 05:46:01.872101
processed,q5_confidence_dist,Z3,cache,92409.98983383179,0,43043c98-90fc-426e-a284-e94f79532203,2026-06-03 05:46:01.873321
processed,q5_confidence_dist,Z4,cache,88794.20948028564,0,a02a06e3-9341-47ec-a630-db328985fd70,2026-06-03 05:46:01.874404
processed,q3_density,Z3,cache,88544.15082931519,0,624dc006-3229-42fd-a020-0165f38b0530,2026-06-03 05:46:01.875411
processed,q5_confidence_dist,Z5,cache,86585.58416366577,0,4836f4b2-f7e4-48df-b907-68012d43ab70,2026-06-03 05:46:01.876705
processed,q4_compare,Z3,cache,86136.42072677612,0,71b8fa67-2b91-4801-adf8-6bbf3c7cbe2f,2026-06-03 05:46:01.879616
processed,q1_count,Z3,cache,85785.93873977661,0,668119d2-5f71-402c-be60-d9103da50831,2026-06-03 05:46:01.880975
processed,q3_density,Z5,cache,84530.27415275574,0,78c25b56-67f1-44d7-acbf-7f9188191725,2026-06-03 05:46:01.882066
processed,q3_density,Z2,cache,82572.04794883728,0,f246b67c-f9a5-4f94-ada5-3398c05c5678,2026-06-03 05:46:01.883083
processed,q4_compare,Z4,cache,82120.98550796509,0,b76170bd-bfcc-4e27-a0c7-43a131806a0a,2026-06-03 05:46:01.884186
processed,q5_confidence_dist,Z5,cache,80062.7715587616,0,724f88c2-9051-4c13-9cd7-368d2ce448ad,2026-06-03 05:46:01.885463
processed,q5_confidence_dist,Z1,cache,79762.78638839722,0,4946a3dd-37f3-46b9-a296-3978ddf7c81e,2026-06-03 05:46:01.886725
retry,q4_compare,Z4,,0.0,1,13f1144e-1d60-4ad0-8ccf-07f2f68a1daa,2026-06-03 05:46:02.036250
processed,q2_area,Z1,cache,77653.5804271698,0,cc18b608-8fe9-4853-bf93-983bc372344f,2026-06-03 05:46:02.037936
processed,q1_count,Z5,generator,76504.28652763367,0,4efa2418-5fb2-4c06-a5bb-3c23e1c08f3c,2026-06-03 05:46:02.044323
processed,q5_confidence_dist,Z4,cache,74849.03120994568,0,d3c2fa8e-277f-4406-bd74-a7f9c663f7e7,2026-06-03 05:46:02.045732
processed,q1_count,Z1,cache,70378.58200073242,0,5338d7b3-7fcf-4de6-abab-80fa90aee801,2026-06-03 05:46:02.046871
processed,q4_compare,Z2,cache,70228.78384590149,0,2ef2d922-8f8e-4997-b42f-3178f9719c46,2026-06-03 05:46:02.047928
processed,q1_count,Z1,cache,69827.36086845398,0,0daab1db-21ca-4115-b63a-092dc1a1ae2a,2026-06-03 05:46:02.048971
processed,q4_compare,Z3,cache,69778.10025215149,0,21a4330c-b3f4-4f00-bfdb-d66c1772cbfd,2026-06-03 05:46:02.049992
processed,q3_density,Z1,cache,68873.84152412415,0,cdca550f-3495-4db6-b9d7-e41cbed061fd,2026-06-03 05:46:02.050983
processed,q5_confidence_dist,Z4,cache,68623.69084358215,0,0127f551-9885-4af0-b0a3-4d97dd4112fb,2026-06-03 05:46:02.052002
processed,q5_confidence_dist,Z1,cache,68524.32346343994,0,590ec8fe-346a-4b6b-a66b-d500f6690a89,2026-06-03 05:46:02.053139
processed,q2_area,Z3,generator,65666.18061065674,0,98e69dde-1650-4ca8-a361-52401c05780b,2026-06-03 05:46:02.058452
processed,q2_area,Z1,generator,64063.73882293701,0,8531acb0-c2e4-4668-b54e-f3ec8750b733,2026-06-03 05:46:02.065670
retry,q1_count,Z1,,0.0,1,d84efeb1-f617-493b-8d4c-a7a208786923,2026-06-03 05:46:02.259424
processed,q5_confidence_dist,Z5,cache,38277.9221534729,0,0b7969da-4e27-41df-bf87-e1b1979d4699,2026-06-03 05:46:02.261093
processed,q5_confidence_dist,Z1,cache,38128.79300117493,0,7c9a01df-f41d-49e7-bd55-87265f8c11b0,2026-06-03 05:46:02.262371
processed,q2_area,Z3,cache,36974.907875061035,0,019a2126-57ac-48ec-8ee1-f56c5133265b,2026-06-03 05:46:02.263856
processed,q1_count,Z1,cache,36725.279092788696,0,bea808a5-d7ea-494b-816c-1626709e7d23,2026-06-03 05:46:02.264991
processed,q1_count,Z3,cache,33411.332845687866,0,49ecf13d-9e7c-4612-ab4a-ba97d4b8916d,2026-06-03 05:46:02.266122
retry,q4_compare,Z4,,0.0,1,855168ef-9b62-48f3-af25-21bc70efc6a8,2026-06-03 05:46:02.392383
processed,q2_area,Z3,generator,78970.87812423706,0,74194da1-ef91-40ed-8e7f-a67fe83c093d,2026-06-03 05:46:02.401505
processed,q3_density,Z5,cache,77165.06433486938,0,4c3da877-63fd-4e3a-9668-d68e9a0371b2,2026-06-03 05:46:02.403334
processed,q5_confidence_dist,Z4,cache,76312.93725967407,0,ad865a32-c064-4f5e-b1a6-b997899fb729,2026-06-03 05:46:02.404932
processed,q2_area,Z1,cache,75962.97097206116,0,1a9bfacd-62c7-45ea-9fc7-64aa56474729,2026-06-03 05:46:02.406541
retry,q1_count,Z3,,0.0,1,e718e402-897b-4872-a02e-afbc7a5d99cf,2026-06-03 05:46:02.570704
processed,q5_confidence_dist,Z1,cache,63009.78755950928,0,e56ef926-9671-44cd-95ed-7bc1836a9a97,2026-06-03 05:46:02.572147
processed,q5_confidence_dist,Z3,cache,62608.856439590454,0,ba554df6-89fa-4ee7-b4c0-0718650430c7,2026-06-03 05:46:02.573258
processed,q1_count,Z5,cache,62308.39920043945,0,b787a5c5-38c2-4cae-8a29-893592a4fd92,2026-06-03 05:46:02.574358
processed,q4_compare,Z5,cache,60501.214265823364,0,eff06ae1-4366-406c-8054-88377b637fff,2026-06-03 05:46:02.575478
processed,q2_area,Z2,cache,59698.657751083374,0,5962ff99-966c-45ca-bfe1-c363f6b30277,2026-06-03 05:46:02.576558
processed,q5_confidence_dist,Z5,cache,57991.88017845154,0,2f2f1424-8779-4b80-8413-87e3b3996ce3,2026-06-03 05:46:02.577681
processed,q2_area,Z1,cache,57440.157413482666,0,15efb39b-0701-4451-9e68-5ef62e8f4e62,2026-06-03 05:46:02.578741
processed,q4_compare,Z5,cache,57089.36023712158,0,a44e8fe8-5cc9-4466-9d22-52a0d272745c,2026-06-03 05:46:02.580031
processed,q2_area,Z5,cache,56537.713289260864,0,97ff1fcf-0c77-4ca8-afe4-1a9a9fdc4570,2026-06-03 05:46:02.581119
processed,q5_confidence_dist,Z5,cache,55683.48145484924,0,666d4209-8d81-4fe9-89be-ff718cd31e6a,2026-06-03 05:46:02.582123
retry,q2_area,Z3,,0.0,1,99b25131-8bc1-4a31-b89b-d15ea5c16462,2026-06-03 05:46:02.770939
processed,q2_area,Z1,cache,30450.674533843994,0,7c8b11e1-4c54-4f7e-909f-d895cac3ef06,2026-06-03 05:46:02.772488
processed,q5_confidence_dist,Z3,cache,27438.480854034424,0,e3a57751-5764-4708-92e4-e237f002380b,2026-06-03 05:46:02.773576
processed,q2_area,Z1,cache,25832.76629447937,0,253c0662-27eb-4623-bba0-ef0ad7285199,2026-06-03 05:46:02.774656
processed,q1_count,Z4,cache,20157.641887664795,0,45624376-d426-49f7-8a40-faf2acfcbd66,2026-06-03 05:46:02.775789
processed,q5_confidence_dist,Z4,cache,19807.090282440186,0,2953bf25-5943-4336-9ac0-9e48da5547b5,2026-06-03 05:46:02.776893
processed,q3_density,Z5,cache,19406.05926513672,0,762087ab-0936-4ecb-8755-01e18a71efc2,2026-06-03 05:46:02.777907
retry,q4_compare,Z3,,0.0,1,d6878c27-e6c5-463e-b4b8-71cc4a3fd2fd,2026-06-03 05:46:02.911807
processed,q2_area,Z5,generator,76122.87783622742,0,08df371e-5640-4594-a85c-c85a0ee315fa,2026-06-03 05:46:02.917662
processed,q2_area,Z5,cache,73110.40425300598,0,bfbef9d3-ce2e-49ed-99cb-4389e22cd901,2026-06-03 05:46:02.919014
processed,q2_area,Z3,cache,72860.20064353943,0,b102a45e-2f28-47f0-a098-27236e8505c4,2026-06-03 05:46:02.920563
processed,q1_count,Z1,cache,72761.30557060242,0,917dec69-8313-46ee-8711-889059fcb0e7,2026-06-03 05:46:02.921915
processed,q1_count,Z3,generator,68794.88801956177,0,2d3f7f26-213f-4772-b27e-59fc4fe0f244,2026-06-03 05:46:02.926620
processed,q2_area,Z1,cache,67440.04535675049,0,0fae152f-7123-4e63-bdc1-99f39c54cead,2026-06-03 05:46:02.927836
processed,q3_density,Z4,cache,64020.26438713074,0,2090f3fd-7561-4b35-bd8b-e1f13ebd11e1,2026-06-03 05:46:02.928926
processed,q2_area,Z1,cache,63870.17846107483,0,35449c01-0f17-476b-9e1f-bebb1328b655,2026-06-03 05:46:02.930359
processed,q2_area,Z5,cache,63117.86675453186,0,607e5755-2408-41ef-ba83-67cdeb7e2f10,2026-06-03 05:46:02.931607
processed,q1_count,Z4,cache,62616.56904220581,0,d7f4f6d3-50c6-4eba-adc6-5c6af16a9b91,2026-06-03 05:46:02.932848
processed,q2_area,Z4,cache,62366.55139923096,0,ae3da555-d4de-42b8-8ece-cfb7a318567b,2026-06-03 05:46:02.933998
processed,q1_count,Z2,cache,61513.86046409607,0,d69ee388-4a98-4872-9d33-31852a362e4e,2026-06-03 05:46:02.935517
processed,q1_count,Z4,cache,59154.66499328613,0,e7f55116-190c-4bb2-9f70-ae792f88486c,2026-06-03 05:46:02.936792
processed,q2_area,Z1,cache,58100.894927978516,0,ec4efb27-bd0e-49ed-bdf4-456f133f6679,2026-06-03 05:46:02.938209
processed,q3_density,Z3,generator,54786.625623703,0,b8a1a0b7-8e8f-4995-9062-20f332651c5a,2026-06-03 05:46:02.942101
processed,q5_confidence_dist,Z3,cache,53431.354999542236,0,d678f28a-7f5c-42bf-a7c9-b4c9ecdd2cbc,2026-06-03 05:46:02.943663
retry,q1_count,Z5,,0.0,1,8366d1cb-6e47-4a0b-8ff0-fb0ff4e4a1a5,2026-06-03 05:46:03.086281
processed,q1_count,Z2,cache,49554.2688369751,0,dd7660f2-1672-490b-a50f-9b13aaa25453,2026-06-03 05:46:03.088051
processed,q3_density,Z2,cache,49103.67679595947,0,b057e9d4-2bee-4493-b591-0cd859b8e2da,2026-06-03 05:46:03.089301
processed,q4_compare,Z1,generator,48909.4340801239,0,6de35bb0-bd89-4275-afc5-93d6c113c8d1,2026-06-03 05:46:03.096498
processed,q3_density,Z2,generator,48814.02587890625,0,b888f5a3-e7cf-4eee-b710-7ce0ade8c7b9,2026-06-03 05:46:03.101018
processed,q3_density,Z2,cache,47207.75747299194,0,9b79770e-02e5-4e23-a940-8df4bd5eed54,2026-06-03 05:46:03.102307
processed,q4_compare,Z1,generator,43546.38957977295,0,84103ee2-cef2-4949-b166-c3c358402a6a,2026-06-03 05:46:03.109238
processed,q1_count,Z1,cache,42292.09756851196,0,1335f933-548d-4041-8c5d-51f91ab96f24,2026-06-03 05:46:03.110968
retry,q2_area,Z2,,0.0,1,002b7f8d-f208-42c4-8227-76fadd2ecab6,2026-06-03 05:46:03.282130
processed,q5_confidence_dist,Z1,cache,17148.680210113525,0,5fd1951a-b710-4301-a172-37368b28f9cc,2026-06-03 05:46:03.283911
retry,q1_count,Z2,,0.0,1,f487e2c3-f89c-4a43-ba2b-832cd28fb3e0,2026-06-03 05:46:03.448279
processed,q2_area,Z4,cache,52127.04038619995,0,51728254-452e-415b-9022-d38a0f7b999d,2026-06-03 05:46:03.449745
processed,q4_compare,Z5,cache,51475.09527206421,0,1de5361d-e4c3-4fb4-b344-d8cd4b07a798,2026-06-03 05:46:03.450894
processed,q3_density,Z3,cache,51425.89592933655,0,903e467e-aff5-48cc-8cc0-91650c863104,2026-06-03 05:46:03.451928
processed,q1_count,Z3,cache,47307.31463432312,0,f7ee298d-442f-45ea-bf0f-f1375a8106cc,2026-06-03 05:46:03.452997
processed,q4_compare,Z1,cache,47258.073568344116,0,72016c38-1d74-4f5e-acd7-73ffe48e120b,2026-06-03 05:46:03.453998
retry,q1_count,Z2,,0.0,1,001099b9-8303-4fa3-a7ce-e6c0777364ac,2026-06-03 05:46:03.615261
processed,q3_density,Z3,cache,39784.44051742554,0,1e3e91d5-1a02-4a52-8cbc-1501dba0b0d0,2026-06-03 05:46:03.617033
processed,q5_confidence_dist,Z5,cache,39334.03015136719,0,f9149143-d8fc-47ae-9abe-a542bee014cb,2026-06-03 05:46:03.618416
retry,q4_compare,Z2,,0.0,1,b5817caa-5c59-425e-8415-8d00f234de1f,2026-06-03 05:46:03.788594
processed,q3_density,Z2,cache,16148.346424102783,0,e179ea3e-c5c0-486a-a2ba-1e6380c98670,2026-06-03 05:46:03.790989
processed,q5_confidence_dist,Z4,cache,14139.252662658691,0,795e89d7-c62f-4161-bfed-ed051e6eeaa4,2026-06-03 05:46:03.792225
processed,q1_count,Z5,cache,13989.545106887817,0,dc72f8ef-a1ca-4cc9-918f-c0b926fbeee1,2026-06-03 05:46:03.793446
processed,q4_compare,Z3,cache,13940.50407409668,0,d53af5e3-bf50-4d2c-9f57-bfbe517c097d,2026-06-03 05:46:03.794920
retry,q3_density,Z1,,0.0,1,4660e0dd-e5fb-405d-8515-f9584b6378ca,2026-06-03 05:46:03.958070
processed,q5_confidence_dist,Z2,cache,46356.672286987305,0,fe4c9e01-7ed7-4c77-a09c-97cc3827c868,2026-06-03 05:46:03.959958
processed,q5_confidence_dist,Z5,cache,46107.32412338257,0,944edb12-c890-4252-8284-5e6110b88b81,2026-06-03 05:46:03.961471
processed,q4_compare,Z3,generator,45963.91177177429,0,5df9dd1d-d3b6-440c-8bfd-870d596c2219,2026-06-03 05:46:03.969174
processed,q5_confidence_dist,Z3,cache,45865.45968055725,0,6f67fc81-c4e4-4e8e-9aa9-5d7b129b7a00,2026-06-03 05:46:03.970595
processed,q3_density,Z1,cache,45515.241384506226,0,5dd21115-1580-4ce6-a565-05eb261f36bc,2026-06-03 05:46:03.972630
processed,q3_density,Z5,cache,42452.60143280029,0,d43f95d9-8a3a-413e-85e2-b4f13173f405,2026-06-03 05:46:03.974719
processed,q4_compare,Z5,cache,42002.665996551514,0,2b7a8f2f-3af5-4918-ab20-c97e1a8ad87f,2026-06-03 05:46:03.977223
processed,q2_area,Z5,cache,41804.31008338928,0,aed6ab36-52d6-4a85-9d91-2aeffe68307e,2026-06-03 05:46:03.979416
processed,q3_density,Z5,cache,40449.9876499176,0,c3b35f28-8976-4dee-af39-1a4580e31002,2026-06-03 05:46:03.981240
processed,q2_area,Z1,cache,39497.28083610535,0,a76df388-4182-44e8-aeae-9932da2424d4,2026-06-03 05:46:03.982415
retry,q4_compare,Z3,,0.0,1,78981d88-0642-48ea-996f-e22232c10f6f,2026-06-03 05:46:04.122848
retry,q4_compare,Z2,,0.0,1,6db54e33-6b29-41d9-88d4-89edc8c3b013,2026-06-03 05:46:04.299489
processed,q1_count,Z3,cache,58156.84747695923,0,710edbd4-06d9-4f82-a41b-725c63d56da1,2026-06-03 05:46:04.301907
processed,q3_density,Z2,cache,56599.87497329712,0,34b70e43-b9e4-4e53-b3cb-a33fbdcd6cb2,2026-06-03 05:46:04.303860
retry,q4_compare,Z4,,0.0,1,0ec99380-1e60-4446-8a7e-ec7242a92fbb,2026-06-03 05:46:04.486493
processed,q5_confidence_dist,Z2,cache,36889.00828361511,0,5d90c11e-d2af-4bf0-9dc5-c2a89fbf84ea,2026-06-03 05:46:04.488246
processed,q4_compare,Z1,cache,36539.34645652771,0,d21dde48-d861-44ef-aeab-1de48429848c,2026-06-03 05:46:04.490628
processed,q1_count,Z2,cache,35888.41462135315,0,37b96fdd-7639-4df5-873c-f39ebd18f17d,2026-06-03 05:46:04.492663
processed,q5_confidence_dist,Z4,cache,33631.90698623657,0,167d493d-1a19-46ee-9830-02564693bced,2026-06-03 05:46:04.496135
processed,q5_confidence_dist,Z4,cache,33382.62462615967,0,8032d279-9257-4e1f-9e42-ac03964b9d33,2026-06-03 05:46:04.497752
processed,q3_density,Z2,cache,31072.33428955078,0,a2553a00-e616-44cb-af54-a374d4f66e13,2026-06-03 05:46:04.499126
retry,q1_count,Z5,,0.0,1,0c02a8b9-1472-4afd-bb5b-8b682a8fcd9b,2026-06-03 05:46:04.628109
processed,q5_confidence_dist,Z1,cache,35724.45464134216,0,d8ad7a33-35d8-4427-ac55-6c041575b690,2026-06-03 05:46:04.630273
processed,q4_compare,Z4,cache,35324.68891143799,0,10f6096b-420a-4216-8a3e-ff0583af0268,2026-06-03 05:46:04.631679
processed,q2_area,Z5,cache,32212.892293930054,0,6eb0104c-f13d-4d81-8afe-f3551b0e10c5,2026-06-03 05:46:04.635307
processed,q4_compare,Z1,cache,31461.11750602722,0,ac69da6d-0795-4848-a413-7dd84fa609a4,2026-06-03 05:46:04.636785
processed,q5_confidence_dist,Z1,cache,26993.06058883667,0,e1611bb0-55bf-4fd2-be35-7c6f8af4b8f6,2026-06-03 05:46:04.638052
processed,q1_count,Z2,cache,89298.05016517639,0,e56a94c4-4991-419e-8735-378e31543d86,2026-06-03 05:46:04.639213
processed,q2_area,Z4,cache,88796.6935634613,0,2c70044a-ecd4-4605-af16-f2bf0a6e560e,2026-06-03 05:46:04.640279
processed,q4_compare,Z2,generator,88754.14037704468,0,fd92b53f-3b3f-4186-9677-38011591609c,2026-06-03 05:46:04.648378
processed,q4_compare,Z5,generator,81978.0490398407,0,ba6d93a2-bb1f-4ff1-881e-968b5a419104,2026-06-03 05:46:04.654616
processed,q2_area,Z4,cache,81125.648021698,0,d37db0e6-2720-496b-8ab9-fac145168fb6,2026-06-03 05:46:04.655925
processed,q3_density,Z2,cache,80021.97980880737,0,d8cc7842-9c1d-473f-83f9-f21ddfcbfe3b,2026-06-03 05:46:04.657029
retry,q1_count,Z2,,0.0,1,1fcdde06-8fb5-4f8a-8807-16a5fadbc617,2026-06-03 05:46:04.808813
processed,q5_confidence_dist,Z5,cache,55901.16596221924,0,ca64928a-28bf-4b8e-80b8-8c98c0630d1b,2026-06-03 05:46:04.810492
processed,q5_confidence_dist,Z2,cache,54796.46635055542,0,969c9688-09be-41de-9b08-fabc73c21060,2026-06-03 05:46:04.811716
processed,q4_compare,Z5,cache,54495.787382125854,0,0b1ed7bd-db81-4d29-b05b-162833c0a4b1,2026-06-03 05:46:04.812827
processed,q1_count,Z4,generator,54302.20818519592,0,31c0acfd-e71e-4edc-9963-f6e0e25abf45,2026-06-03 05:46:04.820899
processed,q2_area,Z3,cache,53600.04639625549,0,07d5567c-ec28-47f0-9ef8-5c7fea2837ab,2026-06-03 05:46:04.822287
processed,q4_compare,Z2,cache,48526.94892883301,0,0f496bcf-03ba-4299-b102-c2f515a8519a,2026-06-03 05:46:04.823381
processed,q3_density,Z3,cache,48226.52721405029,0,812384d8-6c97-4cd0-9fcb-e5be5a96ec24,2026-06-03 05:46:04.824508
processed,q1_count,Z3,cache,47825.568199157715,0,dde4959d-3445-4e86-9a74-531b49ae22e8,2026-06-03 05:46:04.826048
processed,q4_compare,Z3,cache,46270.084619522095,0,9d798d25-cbd4-497b-a532-6026e679d542,2026-06-03 05:46:04.828075
processed,q5_confidence_dist,Z3,cache,46121.28257751465,0,8c816a56-76dc-439f-9a48-c83a007144eb,2026-06-03 05:46:04.829972
processed,q2_area,Z5,cache,45922.15871810913,0,5d009d8f-d484-42bc-9b51-59ea1d0fec08,2026-06-03 05:46:04.831773
processed,q5_confidence_dist,Z4,cache,45019.52362060547,0,63011647-48c4-4dbe-bc25-412cff9b6a59,2026-06-03 05:46:04.833716
processed,q5_confidence_dist,Z2,cache,44619.6174621582,0,73bbef16-7c9a-4fbb-9d5f-ab47a07df03f,2026-06-03 05:46:04.835572
processed,q2_area,Z3,cache,43817.62981414795,0,5198f12b-ffde-4d64-98b5-56caf4c7737e,2026-06-03 05:46:04.837422
processed,q4_compare,Z1,generator,43524.34158325195,0,10cb1c2e-3751-4f1e-95cf-0c4296f35fb4,2026-06-03 05:46:04.845339
processed,q3_density,Z5,cache,43174.832820892334,0,ed0b3617-8778-400f-8b24-539c703c4b6f,2026-06-03 05:46:04.847530
processed,q1_count,Z2,cache,42825.19793510437,0,41b75fd5-d45b-4516-8a6e-961f917288c6,2026-06-03 05:46:04.849364
processed,q5_confidence_dist,Z4,cache,42726.457595825195,0,0e6b593d-2c2f-463f-8df3-72b5e08b7eb3,2026-06-03 05:46:04.851182
retry,q4_compare,Z2,,0.0,1,2990c9b7-36f2-445b-a2d5-88424f3b8135,2026-06-03 05:46:05.003749
retry,q2_area,Z3,,0.0,1,63f726bf-c502-43ea-820e-a342377d3429,2026-06-03 05:46:05.161247
processed,q5_confidence_dist,Z5,cache,79121.52290344238,0,0493697b-2712-41c6-ad4c-94a38c23043e,2026-06-03 05:46:05.163536
retry,q1_count,Z5,,0.0,1,885ec2f2-c939-4b8a-b57b-4228bede4335,2026-06-03 05:46:05.355785
processed,q2_area,Z4,cache,42479.64119911194,0,83ae7eac-9e79-4780-84a5-7e1cea024aaf,2026-06-03 05:46:05.358477
processed,q5_confidence_dist,Z4,cache,41879.30655479431,0,b8e9ee1e-0a35-4e01-9091-143690855274,2026-06-03 05:46:05.360615
processed,q2_area,Z2,cache,39972.97477722168,0,177e2f68-a392-41a9-b679-2e9cc83ffaf7,2026-06-03 05:46:05.362501
processed,q2_area,Z4,cache,38920.00961303711,0,35fb0686-e692-4b47-8bcb-2ab470545eed,2026-06-03 05:46:05.364370
retry,q4_compare,Z4,,0.0,1,abc97031-81d2-4263-9d2d-3a5123a92f2a,2026-06-03 05:46:05.509735
processed,q1_count,Z5,generator,28975.571393966675,0,2fd3f3f3-351d-4fbb-adf8-ff602ceaa00c,2026-06-03 05:46:05.516340
processed,q3_density,Z3,cache,26215.25812149048,0,e84d2c8d-9663-488d-beed-fa18b3d295c3,2026-06-03 05:46:05.518406
processed,q1_count,Z2,cache,68121.77395820618,0,471d6e94-1891-4d50-bcd1-815fdbcf8459,2026-06-03 05:46:05.519953
processed,q2_area,Z1,cache,67771.39782905579,0,dc7ec702-e1a5-4a46-9027-3fa7316a2467,2026-06-03 05:46:05.521866
processed,q3_density,Z4,cache,67220.35098075867,0,de10497d-1ee3-47fe-ba68-7955fa04406f,2026-06-03 05:46:05.523735
processed,q2_area,Z2,cache,65912.71090507507,0,93c34d41-d866-4c15-b557-41d28686c4a0,2026-06-03 05:46:05.525759
processed,q3_density,Z2,cache,64808.976888656616,0,a3c33c88-49f8-4228-ae3c-8a984bd08998,2026-06-03 05:46:05.527685
processed,q3_density,Z3,cache,64358.91842842102,0,b0bafb85-bc35-4850-a6b0-190ea5d80ade,2026-06-03 05:46:05.529554
processed,q5_confidence_dist,Z4,cache,60593.196630477905,0,bd6c784a-a1bb-4cda-9bb4-272c0db25af8,2026-06-03 05:46:05.531435
processed,q3_density,Z3,cache,56523.21791648865,0,b22aa6bc-8c45-4ef1-bdaa-4e99ce5d144a,2026-06-03 05:46:05.532721
processed,q4_compare,Z5,cache,56072.176694869995,0,fd6343d3-fd96-42e1-82b1-e7ad5555b632,2026-06-03 05:46:05.533880
processed,q4_compare,Z3,cache,55670.73702812195,0,29dc5f8a-adb5-45ea-8abe-dc240d0762f7,2026-06-03 05:46:05.534972
processed,q4_compare,Z5,cache,53861.820936203,0,ace7d357-0e9c-489a-887e-ede34ec8cf2f,2026-06-03 05:46:05.536053
processed,q3_density,Z2,cache,53058.879137039185,0,adbe4a29-595a-4174-9749-95eb91ff97dc,2026-06-03 05:46:05.537442
processed,q4_compare,Z2,generator,51960.697174072266,0,5e69a2b1-2f2f-4bd1-abe0-fd6d784ec7d5,2026-06-03 05:46:05.544659
processed,q3_density,Z3,cache,50304.63218688965,0,3e433089-72f7-4d4f-8d59-74041b7d76e3,2026-06-03 05:46:05.546149
processed,q2_area,Z5,cache,50054.67343330383,0,683da06f-2ab2-4af7-b374-c5bc7f01439c,2026-06-03 05:46:05.547506
retry,q3_density,Z1,,0.0,1,f653f1e8-fa5e-43b7-8b46-c3f2ae3a847f,2026-06-03 05:46:05.668575
processed,q5_confidence_dist,Z5,cache,78222.05758094788,0,94e9d112-0746-459f-a1b2-3b6fc9821af1,2026-06-03 05:46:05.669984
retry,q1_count,Z4,,0.0,1,35136836-96d3-45a1-a93e-53e82947b843,2026-06-03 05:46:05.870489
retry,q1_count,Z2,,0.0,1,99f0ffef-8add-4ce2-9154-5ced512d7bea,2026-06-03 05:46:06.051420
processed,q5_confidence_dist,Z4,cache,48349.50923919678,0,7b7c8fb7-9b13-49c5-9c0c-70d5c77f9304,2026-06-03 05:46:06.053287
processed,q2_area,Z3,generator,47550.822496414185,0,714603ce-7d9a-4f82-a751-9afbb3af75ba,2026-06-03 05:46:06.058004
processed,q5_confidence_dist,Z2,cache,46748.4655380249,0,a45550fb-7888-45d7-93f3-48ed9c68db86,2026-06-03 05:46:06.059436
processed,q4_compare,Z1,cache,43333.52041244507,0,af9f93b2-412f-43fd-bf08-2aedcd0be578,2026-06-03 05:46:06.060557
processed,q5_confidence_dist,Z1,cache,43133.57067108154,0,784ff765-5cf9-4878-a2ec-8e92325b07f5,2026-06-03 05:46:06.061636
processed,q5_confidence_dist,Z5,cache,41627.88128852844,0,88e1da2c-8848-4574-b681-4d738a875ee9,2026-06-03 05:46:06.063233
processed,q2_area,Z3,cache,38314.85843658447,0,5a29e826-58fc-43c2-a940-5a229e506d3a,2026-06-03 05:46:06.064392
processed,q1_count,Z1,generator,36963.08445930481,0,44f8723b-650c-4f79-b579-fa3a5c457ae9,2026-06-03 05:46:06.069118
processed,q5_confidence_dist,Z2,cache,34754.56190109253,0,6d6e4ad5-f295-401f-b9c8-9acc94b43985,2026-06-03 05:46:06.070457
processed,q2_area,Z3,cache,34252.73895263672,0,0012a030-4110-43cb-8f26-91fc01c41183,2026-06-03 05:46:06.071618
processed,q3_density,Z5,cache,33349.31993484497,0,fbec6f4a-faf3-46e5-bfb5-e1cbd8adab1b,2026-06-03 05:46:06.072696
processed,q2_area,Z2,generator,31395.024061203003,0,4f6b79c1-059b-4d01-b179-b49c1816f5bb,2026-06-03 05:46:06.077402
processed,q2_area,Z5,cache,31296.303510665894,0,1cae9704-7ec8-4b98-8e98-67783b1dd276,2026-06-03 05:46:06.079578
processed,q2_area,Z1,cache,31197.834968566895,0,ee453b72-fcda-4d9f-a02f-643bb77f2c63,2026-06-03 05:46:06.081382
processed,q2_area,Z2,cache,30697.389364242554,0,a49bfdfc-999a-4ef0-93f5-74d35c68fd83,2026-06-03 05:46:06.083315
processed,q2_area,Z1,cache,25626.854181289673,0,752337ab-118a-4146-925b-e7722f3e0ff5,2026-06-03 05:46:06.084915
processed,q5_confidence_dist,Z3,cache,25527.995824813843,0,d595fc33-966e-4183-a9c5-e4ec8b3b5e28,2026-06-03 05:46:06.086901
processed,q2_area,Z4,cache,67280.09796142578,0,9ece3db1-b52a-4e5f-96fc-7db9ad40ab7a,2026-06-03 05:46:06.088972
retry,q2_area,Z3,,0.0,1,182098d7-8dde-4e29-8928-5fee32e15278,2026-06-03 05:46:06.174044
processed,q4_compare,Z5,generator,74010.71834564209,0,60765fdb-9a12-4806-864f-7359fd703299,2026-06-03 05:46:06.182564
processed,q3_density,Z2,cache,73610.29362678528,0,91f821b2-62ae-443a-887e-f546773976ee,2026-06-03 05:46:06.184924
processed,q3_density,Z3,cache,72958.84847640991,0,033c2964-6b0a-402f-94c9-410633a6ab6c,2026-06-03 05:46:06.186843
processed,q5_confidence_dist,Z4,cache,71855.59749603271,0,930bf306-5e67-4010-baec-9b84dd7c5668,2026-06-03 05:46:06.188703
processed,q4_compare,Z5,generator,71311.31911277771,0,b2235f2a-5a4e-44c3-a96d-7860ceb12828,2026-06-03 05:46:06.196894
processed,q3_density,Z2,cache,69555.11713027954,0,b4d63978-f9c1-4ac2-a513-865b23284a38,2026-06-03 05:46:06.199133
processed,q4_compare,Z3,cache,64728.99913787842,0,01fbc04e-d8cf-4681-8027-d41e3a801be0,2026-06-03 05:46:06.200995
processed,q5_confidence_dist,Z4,cache,62972.790002822876,0,f12c49a3-ca86-4af7-8e8b-f24e5ca11bbc,2026-06-03 05:46:06.202792
processed,q3_density,Z4,cache,61216.17937088013,0,345a8188-f13a-4c5f-8764-00253b1af656,2026-06-03 05:46:06.204357
processed,q4_compare,Z3,cache,60111.92321777344,0,a28abe93-09d8-49b6-95cc-c9403c30bb22,2026-06-03 05:46:06.206156
processed,q4_compare,Z1,cache,59660.7940196991,0,1c6e68d9-ba53-4bb7-b0ef-a36a537ffa54,2026-06-03 05:46:06.207956
processed,q1_count,Z2,cache,58807.546854019165,0,81d268d8-04b5-4687-b1c4-7f9eafcbc3fc,2026-06-03 05:46:06.209766
retry,q1_count,Z1,,0.0,1,8b26410f-872b-4263-9a43-cf2c35833bc0,2026-06-03 05:46:06.375584
processed,q5_confidence_dist,Z1,cache,38477.04482078552,0,56aa3eb2-aa89-4902-8914-873e7bd7f3cb,2026-06-03 05:46:06.378050
processed,q3_density,Z3,cache,37122.91407585144,0,80722189-fb2a-43c1-8211-7ae541391fc0,2026-06-03 05:46:06.380030
processed,q5_confidence_dist,Z3,cache,36020.01690864563,0,39d92069-bb0b-4398-aed4-401cc1558c61,2026-06-03 05:46:06.381908
processed,q3_density,Z5,cache,34765.57278633118,0,ea915d1e-3698-4818-931b-74f469dec3c1,2026-06-03 05:46:06.383770
processed,q4_compare,Z4,cache,34515.90180397034,0,005028cb-da2b-4372-ae67-68adf9512198,2026-06-03 05:46:06.385760
processed,q5_confidence_dist,Z4,cache,33764.23645019531,0,1ee4d279-6a2b-4562-8d9d-c1c6ff7874f4,2026-06-03 05:46:06.387648
processed,q2_area,Z3,cache,33565.08445739746,0,1ca65f02-4986-4731-ab53-0a03bb2ee15e,2026-06-03 05:46:06.389499
processed,q3_density,Z5,cache,33165.03095626831,0,c2e1901d-0f1c-4f5a-9e3c-d3c1406e531b,2026-06-03 05:46:06.391511
processed,q3_density,Z2,cache,26286.707401275635,0,710ec23d-ee1c-4081-b474-286acbe13227,2026-06-03 05:46:06.393394
processed,q2_area,Z2,cache,24480.04174232483,0,6b649824-e14b-4d99-93cf-d80c598ac76e,2026-06-03 05:46:06.395174
processed,q3_density,Z2,cache,21969.694137573242,0,487239d1-7920-4b2d-bcb6-8b103d67abf2,2026-06-03 05:46:06.397083
retry,q4_compare,Z5,,0.0,1,0e2331bd-0a93-4a29-a311-c35e50e2cc9e,2026-06-03 05:46:06.593674
processed,q2_area,Z3,cache,63164.8325920105,0,f61f8bcf-dc71-46f8-849e-3ae09247df7d,2026-06-03 05:46:06.595998
processed,q1_count,Z3,cache,60956.127882003784,0,db100d50-6cf0-4742-9ea7-c8c5de2d07e4,2026-06-03 05:46:06.598096
processed,q5_confidence_dist,Z4,cache,60002.49147415161,0,75bcc097-4ff1-482e-af18-f608dc7a361d,2026-06-03 05:46:06.599829
processed,q2_area,Z3,cache,58646.7170715332,0,d32a05b0-2e2e-4d3a-9838-3f0bd3fc02bd,2026-06-03 05:46:06.601655
processed,q4_compare,Z1,cache,58548.062801361084,0,eb687a65-b6a5-4206-8246-7229e36e555e,2026-06-03 05:46:06.603438
processed,q1_count,Z2,cache,57243.68381500244,0,33f403d5-a232-47d4-903d-b2659b2ca300,2026-06-03 05:46:06.605363
processed,q4_compare,Z2,cache,56893.49102973938,0,3574048d-bc54-4bd6-aa35-f7f1c3ca4c07,2026-06-03 05:46:06.607290
processed,q4_compare,Z2,cache,54884.037017822266,0,e5681a30-15dd-48ab-86e6-76d3fe6489b5,2026-06-03 05:46:06.608581
processed,q3_density,Z3,cache,54234.84516143799,0,fc47b899-7047-4b91-97a7-09da1ec59331,2026-06-03 05:46:06.613172
processed,q2_area,Z2,cache,53734.22050476074,0,61dfd454-3b05-4f18-82ce-2c9786f2cdc4,2026-06-03 05:46:06.614814
retry,q3_density,Z1,,0.0,1,98cc6787-3cc1-47b8-a40d-b957db9383b0,2026-06-03 05:46:06.714462
processed,q1_count,Z4,generator,57057.2395324707,0,6dca3a05-c126-4bac-91a1-cb82adc29166,2026-06-03 05:46:06.720690
processed,q3_density,Z2,cache,56757.23838806152,0,07364acb-83b3-45fb-8abb-d39509a40368,2026-06-03 05:46:06.722914
processed,q2_area,Z3,cache,56356.868743896484,0,7e7993ae-8c9f-49bb-b404-e7cb554b9ef1,2026-06-03 05:46:06.724824
processed,q2_area,Z2,cache,54800.67229270935,0,290eca88-c999-44f8-92ab-95b570642619,2026-06-03 05:46:06.726756
processed,q4_compare,Z1,cache,52240.41676521301,0,aacdb8f3-11b0-4a47-9776-558ac3a2cf7f,2026-06-03 05:46:06.728695
retry,q4_compare,Z2,,0.0,1,68603ca9-2522-4d30-aafa-551db4cd4875,2026-06-03 05:46:06.901836
processed,q5_confidence_dist,Z1,cache,18457.250833511353,0,3eb61793-52ea-459a-9282-fd9b13fc0684,2026-06-03 05:46:06.903972
processed,q5_confidence_dist,Z2,cache,18207.847833633423,0,843e18c1-5932-47c4-8ab8-f0d416330850,2026-06-03 05:46:06.906180
retry,q2_area,Z4,,0.0,1,a1260c10-3b49-4ba4-b700-2b1c29f8411b,2026-06-03 05:46:07.119754
processed,q2_area,Z1,cache,51930.34744262695,0,a1635eb6-6e8f-40d0-a101-d5d5debaa6de,2026-06-03 05:46:07.122129
processed,q5_confidence_dist,Z4,cache,51078.18698883057,0,ae88e94f-cff5-41f7-990b-0f94c6e3fee8,2026-06-03 05:46:07.123820
processed,q3_density,Z5,cache,50074.86629486084,0,9d273725-12f6-46a5-aad9-87dab2190fec,2026-06-03 05:46:07.125641
processed,q4_compare,Z4,cache,48720.3369140625,0,dc55f523-57c3-484a-a3b0-93d6103c7c80,2026-06-03 05:46:07.127322
processed,q2_area,Z4,cache,47717.135429382324,0,74aa4872-7f03-431d-8c40-b4480266ba41,2026-06-03 05:46:07.129102
processed,q5_confidence_dist,Z4,cache,45859.99298095703,0,36bc7b57-1ab2-4b73-b4c7-eb378456a97a,2026-06-03 05:46:07.130853
processed,q1_count,Z1,cache,45359.69519615173,0,e0e3ab71-93de-4cea-a77a-138e090cd68f,2026-06-03 05:46:07.132372
processed,q4_compare,Z1,cache,45310.96649169922,0,30ce5094-279d-4dcc-a6f3-555251a8e38d,2026-06-03 05:46:07.134547
processed,q2_area,Z5,cache,43353.88422012329,0,7332b71a-574c-4a0c-8188-5dab8951296d,2026-06-03 05:46:07.136350
processed,q4_compare,Z4,cache,43054.44312095642,0,370bbe08-5a75-45a1-aaad-d5475bda0a1c,2026-06-03 05:46:07.138295
retry,q1_count,Z3,,0.0,1,e1777a58-c7ed-4e71-98de-95225509b7a0,2026-06-03 05:46:07.233554
processed,q1_count,Z5,cache,49682.60407447815,0,9ad80c1a-203e-4987-a8e8-166c5c4287a8,2026-06-03 05:46:07.235877
processed,q3_density,Z2,cache,46167.76514053345,0,fe99b4ed-a870-46da-90e4-6eff72d3b219,2026-06-03 05:46:07.237960
processed,q2_area,Z1,cache,46019.11735534668,0,5b5c1d3b-431c-443c-b184-f0767d03213f,2026-06-03 05:46:07.239845
retry,q4_compare,Z2,,0.0,1,4d0b86bd-efa9-4405-82ee-552a9bdbc263,2026-06-03 05:46:07.411050
processed,q2_area,Z3,cache,16653.01012992859,0,18199cf6-2d2b-48fe-976f-87d957288bae,2026-06-03 05:46:07.413535
processed,q5_confidence_dist,Z2,cache,57248.63624572754,0,3d3442cd-7280-4aa7-93ca-0a06fe922a7c,2026-06-03 05:46:07.415323
processed,q1_count,Z3,cache,56998.7895488739,0,6277794a-60ef-4cc2-832c-2f546d2ff6a6,2026-06-03 05:46:07.416837
processed,q5_confidence_dist,Z3,cache,55241.25075340271,0,3c4b344d-29f6-420d-8024-208bac631423,2026-06-03 05:46:07.418188
processed,q5_confidence_dist,Z4,cache,55142.06290245056,0,2234a2e5-7913-4a12-81b3-adc96b2ea09f,2026-06-03 05:46:07.419247
processed,q1_count,Z4,cache,52731.71663284302,0,0a71879e-0edf-423c-a305-67d994b493b4,2026-06-03 05:46:07.420567
processed,q3_density,Z2,cache,50723.17576408386,0,aaa26902-0a24-4248-9669-f22fa3f66fa2,2026-06-03 05:46:07.421840
processed,q5_confidence_dist,Z5,cache,50573.657274246216,0,ca4b028e-740a-40ba-9179-4073215d0d40,2026-06-03 05:46:07.423107
processed,q5_confidence_dist,Z4,cache,50524.65319633484,0,7dd03714-4a7a-4081-a169-a665f34e296f,2026-06-03 05:46:07.424366
processed,q4_compare,Z4,cache,48466.08471870422,0,ced2e12b-c8fb-46ef-81cf-3e50d4250b37,2026-06-03 05:46:07.425626
processed,q1_count,Z4,cache,47763.803243637085,0,48d5c6e8-9789-4f6e-abb3-bd7f3cd0f036,2026-06-03 05:46:07.426680
processed,q5_confidence_dist,Z2,cache,47664.35384750366,0,37764cdc-f833-4e6b-9e2b-04a3526959de,2026-06-03 05:46:07.427817
processed,q1_count,Z3,generator,46463.55485916138,0,0998ccc0-5eb0-4951-a8cc-9555d8ee6187,2026-06-03 05:46:07.432726
retry,q4_compare,Z5,,0.0,1,e82820f0-e5a5-42ed-98e7-b7942ec6ccda,2026-06-03 05:46:07.642828
processed,q3_density,Z4,cache,40899.05571937561,0,3b4a456d-308e-45a8-a989-507bc8e7787b,2026-06-03 05:46:07.644399
processed,q5_confidence_dist,Z4,cache,39644.88983154297,0,d7e8fed2-46e5-4ae5-9d8e-c77e142dd328,2026-06-03 05:46:07.645472
processed,q3_density,Z5,cache,39344.22826766968,0,325292f9-6e39-4d71-9f0b-c5991ee1c767,2026-06-03 05:46:07.646779
processed,q1_count,Z1,cache,38039.89124298096,0,47ebd378-5a10-461e-813e-31248201c2c8,2026-06-03 05:46:07.647831
processed,q5_confidence_dist,Z5,cache,37337.80550956726,0,2daff44d-3e49-4262-b296-8dcad66dcad6,2026-06-03 05:46:07.649176
processed,q2_area,Z2,cache,36284.14797782898,0,da0b83db-2606-4acb-abe8-538e842b06b8,2026-06-03 05:46:07.650414
processed,q2_area,Z2,cache,31462.769985198975,0,b2dc6bfd-9048-4726-a573-4fe73905582e,2026-06-03 05:46:07.651600
processed,q5_confidence_dist,Z2,cache,30409.53779220581,0,3fba61cb-482c-4be9-ad59-dce39818e00b,2026-06-03 05:46:07.652661
processed,q1_count,Z2,generator,29861.73152923584,0,6e7d2beb-3baa-4cb9-910b-8a28b6b1d947,2026-06-03 05:46:07.657405
processed,q2_area,Z3,cache,28556.82682991028,0,cf0ad7a4-6671-46cd-afb7-d3fa0ab9da08,2026-06-03 05:46:07.659082
processed,q2_area,Z5,cache,27504.05216217041,0,6776ef18-60f6-40b4-8556-c116e58c3bae,2026-06-03 05:46:07.660630
processed,q1_count,Z4,cache,27254.311084747314,0,3567487e-2ea5-4295-a4a0-93d734ee34ca,2026-06-03 05:46:07.662107
processed,q3_density,Z4,cache,26652.855396270752,0,bb35e36a-e49d-4021-9894-08b8e91334c4,2026-06-03 05:46:07.663457
processed,q4_compare,Z1,cache,68303.30467224121,0,f052a319-e43c-450e-b8a0-324793023e42,2026-06-03 05:46:07.664800
processed,q1_count,Z2,cache,68153.90634536743,0,455383df-1e27-4c13-b04f-adeab4565b8a,2026-06-03 05:46:07.666119
processed,q5_confidence_dist,Z4,cache,67954.27179336548,0,ce0e02b5-f514-4e62-b724-939b9308ae5a,2026-06-03 05:46:07.667365
retry,q3_density,Z2,,0.0,1,18057add-ea16-4eeb-9db8-1f101d41860a,2026-06-03 05:46:07.744863
processed,q1_count,Z5,generator,43064.263343811035,0,a2db5c26-d337-43a8-bbe3-c3deddee768d,2026-06-03 05:46:07.750423
processed,q5_confidence_dist,Z5,cache,42965.22855758667,0,b8083ee0-ecb4-4398-a926-53cc02b1650c,2026-06-03 05:46:07.751816
processed,q4_compare,Z4,generator,40912.57405281067,0,ab49bee5-cacd-46ff-bddd-a5d24ae9c40c,2026-06-03 05:46:07.758437
processed,q1_count,Z2,cache,40612.77914047241,0,d0e2ecb4-6761-48b4-81b6-2115a0226608,2026-06-03 05:46:07.759865
processed,q4_compare,Z5,cache,39508.912324905396,0,fd955127-90d7-4e66-990d-b1edc191c1e4,2026-06-03 05:46:07.761011
processed,q5_confidence_dist,Z1,cache,37953.22036743164,0,9b0b2853-2b52-4558-9b64-93b666c0c8e1,2026-06-03 05:46:07.762091
processed,q4_compare,Z1,cache,37602.7410030365,0,ce63c6f5-733b-45ce-8566-71fd09fd46ea,2026-06-03 05:46:07.763158
processed,q1_count,Z4,cache,37352.705240249634,0,103b5b7c-4bbd-49c7-974a-80ab1da971ac,2026-06-03 05:46:07.764235
processed,q3_density,Z4,cache,36248.27742576599,0,438408c8-9c33-4876-b1cd-1c30550e460b,2026-06-03 05:46:07.765317
processed,q2_area,Z5,cache,35746.30832672119,0,e724d1b2-da88-4b9d-9bc4-0267aad1fbc5,2026-06-03 05:46:07.766334
processed,q5_confidence_dist,Z5,cache,34039.45350646973,0,7306269c-0476-4462-9ed9-31cca42508ae,2026-06-03 05:46:07.767340
processed,q1_count,Z2,cache,33588.44828605652,0,d1c79168-5eed-4d2b-88fc-3add17ee45cb,2026-06-03 05:46:07.768396
processed,q1_count,Z2,cache,31530.553579330444,0,9fee9859-9cc4-4ee8-80c4-c71e93a40d7b,2026-06-03 05:46:07.769400
processed,q3_density,Z4,cache,29022.03392982483,0,4d71b4f5-ac70-4880-a1d7-cb829f9ecef4,2026-06-03 05:46:07.772230
processed,q2_area,Z1,cache,28520.95651626587,0,c4b58768-c401-4492-8461-1d0f8024d39e,2026-06-03 05:46:07.773267
processed,q4_compare,Z2,cache,28070.005178451538,0,2fd215d8-6e7d-4893-8bbc-0d1ab5a6fe24,2026-06-03 05:46:07.774852
processed,q4_compare,Z4,cache,78821.21467590332,1,3e6bc6e9-1919-4412-8679-e411a104cbd3,2026-06-03 05:46:07.776227
processed,q4_compare,Z4,cache,94395.751953125,1,79454714-8a32-4fe8-b8ea-ed9662d86f45,2026-06-03 05:46:07.777273
processed,q4_compare,Z3,cache,68015.08474349976,1,0703c6e3-4326-4cf5-9945-295a77459fef,2026-06-03 05:46:07.778321
processed,q2_area,Z4,generator,35410.863161087036,1,722d4846-7903-4c84-a4ff-83db3de57a24,2026-06-03 05:46:07.782748
recovered,q2_area,Z4,generator,35410.863161087036,1,722d4846-7903-4c84-a4ff-83db3de57a24,2026-06-03 05:46:07.783964
retry,q1_count,Z2,,0.0,1,57b965db-99e1-476e-80a7-c1a7b220ef5f,2026-06-03 05:46:07.938333
processed,q4_compare,Z5,cache,44810.680627822876,0,6b25fb8c-80f1-4c71-8bf3-38cf7bf78c99,2026-06-03 05:46:07.940149
processed,q2_area,Z1,cache,44712.07809448242,0,ad024d95-bf09-43ca-be6c-f9681ac2e8e2,2026-06-03 05:46:07.942184
processed,q4_compare,Z4,cache,43759.6755027771,0,16a6a008-5ed7-49c5-849d-9841c2e1176d,2026-06-03 05:46:07.943469
processed,q5_confidence_dist,Z5,cache,41852.56242752075,0,f0e78985-0f05-4732-9182-910eddb040ba,2026-06-03 05:46:07.944680
processed,q2_area,Z3,cache,40547.733545303345,0,7cb9565e-a304-4626-8677-99d4eef8b5be,2026-06-03 05:46:07.945736
processed,q5_confidence_dist,Z3,cache,37133.36753845215,0,b8fdbf22-5779-4df4-a047-674dc5f63458,2026-06-03 05:46:07.947093
retry,q3_density,Z4,,0.0,1,c741eea3-4f8b-47d6-b5c1-b7b4f2a1439e,2026-06-03 05:46:08.171781
processed,q2_area,Z5,cache,61375.09560585022,0,aa419441-6010-4dcd-bdf3-58e27d8d2d75,2026-06-03 05:46:08.173536
processed,q5_confidence_dist,Z1,cache,60672.455072402954,0,c005c0d7-72f6-4256-b292-361bae4e6ecd,2026-06-03 05:46:08.175143
processed,q2_area,Z3,cache,60573.79937171936,0,7f7e6656-7394-41a7-9cbd-9802ff3b0652,2026-06-03 05:46:08.177405
processed,q2_area,Z1,cache,60073.596477508545,0,0191b3e6-6a83-4812-b3f5-ce8416d69546,2026-06-03 05:46:08.179303
processed,q1_count,Z5,cache,58970.20721435547,0,29091e99-8621-410d-8cfc-bdae94d2f9be,2026-06-03 05:46:08.180702
processed,q3_density,Z2,cache,57915.33446311951,0,6430848c-74cb-424e-a7db-0a1be0197545,2026-06-03 05:46:08.182625
processed,q5_confidence_dist,Z3,cache,56660.468339920044,0,42969e05-092d-4e0d-b43f-a4dc921979e8,2026-06-03 05:46:08.184250
processed,q5_confidence_dist,Z3,cache,56611.79256439209,0,d9047dec-3121-4c84-914a-50ffacbbac2b,2026-06-03 05:46:08.186037
processed,q1_count,Z1,cache,55759.36484336853,0,fe72f3fc-a2df-4711-adc2-3faafb47dace,2026-06-03 05:46:08.187853
processed,q3_density,Z2,cache,53852.12540626526,0,36170f44-8082-4230-bc0c-4a029478f6a5,2026-06-03 05:46:08.189623
processed,q4_compare,Z1,cache,53803.67970466614,0,e4633ea4-9a8e-4373-8663-e7a5f086a39f,2026-06-03 05:46:08.191484
processed,q5_confidence_dist,Z4,cache,52649.83415603638,0,c83f4a28-1bb2-4f80-a448-6899bc66b060,2026-06-03 05:46:08.192992
processed,q3_density,Z3,cache,52551.09691619873,0,8122ef43-8063-4e32-b7a4-a6bd4c1bb391,2026-06-03 05:46:08.194941
processed,q1_count,Z3,cache,52352.04339027405,0,beadb307-c2ee-48e9-a962-bd31b4a6136c,2026-06-03 05:46:08.196515
processed,q1_count,Z3,cache,52202.77810096741,0,beda9746-ec66-4fe8-b97a-df3469a5b760,2026-06-03 05:46:08.198300
processed,q5_confidence_dist,Z3,cache,50847.89323806763,0,0fa39072-4f9e-43e6-a321-12ab9ff4de0e,2026-06-03 05:46:08.200102
processed,q3_density,Z4,cache,49091.381549835205,0,b7141c4b-d9ee-4e2d-95a8-5095f2b62379,2026-06-03 05:46:08.201999
processed,q2_area,Z2,cache,48239.020347595215,0,d1d8da11-e63c-41b7-85ec-6a36c5195b26,2026-06-03 05:46:08.203879
processed,q2_area,Z2,cache,47637.9451751709,0,13580a58-dcd7-4d8a-b0f7-4c9bc49c9180,2026-06-03 05:46:08.205676
processed,q2_area,Z1,cache,44928.99203300476,0,74929fea-ac1c-4463-9d48-e2d91ffa61ae,2026-06-03 05:46:08.209412
processed,q2_area,Z3,cache,44629.67562675476,0,c2029028-586c-4e24-b00f-760f5a05ce75,2026-06-03 05:46:08.211761
processed,q2_area,Z2,cache,42070.64151763916,0,bf6c0b59-8aae-4a1e-9317-cefbf6b1d37e,2026-06-03 05:46:08.213291
processed,q3_density,Z3,cache,40665.88234901428,0,c1ceaed4-3434-4148-81b8-d54bcaa10777,2026-06-03 05:46:08.214742
processed,q1_count,Z2,cache,39813.1890296936,0,dd755cf3-ebf3-4600-8470-388e7391a927,2026-06-03 05:46:08.216050
processed,q1_count,Z4,cache,38358.07299613953,0,f86567bf-d000-43e9-a060-70f7eb19fabb,2026-06-03 05:46:08.217164
processed,q4_compare,Z1,cache,35997.156858444214,0,472fa092-f128-4adf-84a6-4412b51b5e6d,2026-06-03 05:46:08.218620
processed,q2_area,Z2,cache,35094.42353248596,0,eba8801a-ffab-4edf-990c-b12c2b422ee8,2026-06-03 05:46:08.219762
processed,q2_area,Z3,cache,33187.20078468323,0,b9bbffa7-f27c-4dfb-8f67-0f4b1c775f84,2026-06-03 05:46:08.220943
processed,q1_count,Z4,cache,31581.422567367554,0,6f612dca-a5a8-4192-9f88-fcc81c22fca9,2026-06-03 05:46:08.222445
processed,q2_area,Z5,cache,31231.494665145874,0,f670a65a-6e4b-4dc0-a641-de5d901a51f3,2026-06-03 05:46:08.223788
processed,q4_compare,Z5,cache,31182.583332061768,0,f867962c-f44d-48fd-abb3-f4aecb8f39e3,2026-06-03 05:46:08.224957
processed,q3_density,Z1,cache,30782.034397125244,0,9fbb6218-8261-4a47-9f73-d596218c0609,2026-06-03 05:46:08.226823
processed,q5_confidence_dist,Z1,cache,29879.81367111206,0,e2d92d0f-f826-4089-9b23-39b4848d22f6,2026-06-03 05:46:08.228836
processed,q2_area,Z5,cache,29379.607915878296,0,acf7074c-774c-468f-8439-54ecb2c506d5,2026-06-03 05:46:08.230806
processed,q2_area,Z1,cache,28778.774738311768,0,3da2900f-bf9c-44d6-b20a-031fe120e30b,2026-06-03 05:46:08.232499
retry,q4_compare,Z1,,0.0,1,3d775fe5-1932-4ca4-ac33-5d8ae4a4c59b,2026-06-03 05:46:08.451427
processed,q5_confidence_dist,Z1,cache,34524.08266067505,0,1aeecd18-cf57-4273-a58e-9c51875fd61f,2026-06-03 05:46:08.453725
processed,q2_area,Z5,cache,34325.25849342346,0,205bae82-6fbf-4c97-a722-9ed55c1553c0,2026-06-03 05:46:08.455623
processed,q5_confidence_dist,Z4,cache,34075.97374916077,0,823bbded-aec1-4a31-9436-d1002e6bac8f,2026-06-03 05:46:08.457137
retry,q1_count,Z2,,0.0,1,9a004ef1-29e1-40bd-9fde-9bc2d52382a5,2026-06-03 05:46:08.737272
processed,q1_count,Z4,cache,87018.59712600708,1,a307fdd2-150c-423e-998f-a7cd8edd2ecd,2026-06-03 05:46:08.741081
processed,q3_density,Z4,cache,107871.23799324036,2,1f2d6113-01db-4782-9818-60e72cc7f277,2026-06-03 05:46:08.743045
processed,q2_area,Z2,cache,44510.41650772095,1,39d85b80-7e4d-41cd-bc81-15886baee5f3,2026-06-03 05:46:08.744795
retry,q4_compare,Z4,,0.0,2,855168ef-9b62-48f3-af25-21bc70efc6a8,2026-06-03 05:46:08.788121
processed,q4_compare,Z5,cache,89377.90656089783,1,c1063e03-a514-42d6-b6bd-41aac6cfb0e3,2026-06-03 05:46:08.789842
processed,q4_compare,Z1,generator,79139.34206962585,2,3995b1d0-26e8-40bc-85e9-7c5a787ca2eb,2026-06-03 05:46:08.797758
recovered,q4_compare,Z1,generator,79139.34206962585,2,3995b1d0-26e8-40bc-85e9-7c5a787ca2eb,2026-06-03 05:46:08.799081
processed,q1_count,Z3,cache,70547.68323898315,1,e718e402-897b-4872-a02e-afbc7a5d99cf,2026-06-03 05:46:08.800557
retry,q3_density,Z1,,0.0,1,d64efb4f-761f-4fcd-957c-9b855c77adba,2026-06-03 05:46:08.961841
processed,q5_confidence_dist,Z1,cache,32071.53010368347,0,00c29009-b1a0-42de-94b3-9ec8714435e3,2026-06-03 05:46:08.963613
processed,q5_confidence_dist,Z3,cache,31118.967533111572,0,e9052667-9454-47a0-86c4-d1bc0d151a58,2026-06-03 05:46:08.965254
processed,q1_count,Z5,cache,31020.127058029175,0,c704fa13-0014-440a-b1dd-3666c5adf8cc,2026-06-03 05:46:08.966678
processed,q2_area,Z5,cache,27907.228231430054,0,0fccaf24-b576-478e-9dc6-6f51d407e363,2026-06-03 05:46:08.967870
processed,q5_confidence_dist,Z5,cache,26551.904678344727,0,bc447517-dd3c-4ada-ab5c-3508010aba81,2026-06-03 05:46:08.969163
retry,q4_compare,Z2,,0.0,1,649cbfa3-4cf4-4a0f-a773-40c45f073d3b,2026-06-03 05:46:09.473743
retry,q1_count,Z5,,0.0,2,0c02a8b9-1472-4afd-bb5b-8b682a8fcd9b,2026-06-03 05:46:09.749905
processed,q3_density,Z1,generator,60142.66037940979,1,98cc6787-3cc1-47b8-a40d-b957db9383b0,2026-06-03 05:46:09.755418
recovered,q3_density,Z1,generator,60142.66037940979,1,98cc6787-3cc1-47b8-a40d-b957db9383b0,2026-06-03 05:46:09.756598
retry,q4_compare,Z1,,0.0,2,61d889a6-15f5-4469-8bb2-a6fd57f45786,2026-06-03 05:46:09.804549
processed,q1_count,Z3,cache,80549.84211921692,1,ba9c2374-00eb-49bd-bdfc-dce663c6c448,2026-06-03 05:46:09.806145
processed,q4_compare,Z3,cache,85825.10471343994,1,76d55e83-fd99-4e62-b8d5-975f3813ffe3,2026-06-03 05:46:09.807341
processed,q2_area,Z1,cache,37687.83450126648,1,275e7a0f-465e-42f7-9580-2bf5c209d9c6,2026-06-03 05:46:09.808430
retry,q4_compare,Z4,,0.0,1,9c032f9a-aad0-49d5-bc5d-a93e956c7d5f,2026-06-03 05:46:09.977957
processed,q4_compare,Z1,cache,22085.86597442627,0,9a9e3b71-9e81-4b8a-90f3-cca5369906e7,2026-06-03 05:46:09.979576
processed,q2_area,Z3,cache,21836.000204086304,0,007c0585-8666-41d8-9c9d-a6bd488b7b37,2026-06-03 05:46:09.980704
processed,q2_area,Z1,cache,21434.870958328247,0,d26b29c5-8748-47b2-a8ff-26ab4edf4667,2026-06-03 05:46:09.981765
processed,q3_density,Z1,cache,19474.931716918945,0,81dd3aa6-5df9-4ef5-bf77-e8581ce22b76,2026-06-03 05:46:09.982899
retry,q1_count,Z1,,0.0,1,caf014fc-b3a9-4ab5-9369-8f97be1f621e,2026-06-03 05:46:10.487031
processed,q4_compare,Z4,cache,19276.360988616943,0,d2154bbe-35c0-4e76-916a-f6edeea7fd06,2026-06-03 05:46:10.488924
processed,q5_confidence_dist,Z1,cache,18926.59282684326,0,b767d936-9b6f-4390-b24a-8941e64a68f0,2026-06-03 05:46:10.490393
processed,q3_density,Z3,cache,62185.46533584595,0,cbf715aa-c815-471c-8709-b17859c23764,2026-06-03 05:46:10.491596
processed,q5_confidence_dist,Z2,cache,62035.92801094055,0,7e7ca5a0-377f-4ae6-aa60-e7d591944792,2026-06-03 05:46:10.493328
processed,q5_confidence_dist,Z3,cache,61083.05549621582,0,5411839f-3bc2-4715-b36c-4f873d2f1209,2026-06-03 05:46:10.494885
processed,q1_count,Z1,generator,58373.791217803955,0,f8c48ad3-6624-46fa-a040-0d3dede3459f,2026-06-03 05:46:10.500851
processed,q2_area,Z4,cache,56667.28949546814,0,0cac4e8d-97e9-4e48-bbcc-7f775c47ff5d,2026-06-03 05:46:10.502506
processed,q1_count,Z3,cache,51694.96011734009,0,01ad836c-f216-4aba-8da4-9648ae39201c,2026-06-03 05:46:10.504081
processed,q5_confidence_dist,Z1,cache,51143.99600028992,0,54346d9b-52a7-41d9-8ddc-b2696fce16fe,2026-06-03 05:46:10.505721
processed,q5_confidence_dist,Z2,cache,50894.197940826416,0,0924cee3-a4a3-423f-8e5d-22d1e1696b8a,2026-06-03 05:46:10.507470
processed,q3_density,Z5,cache,47882.19356536865,0,87dc4c4d-5bce-461b-89bb-8484356b3ded,2026-06-03 05:46:10.509338
processed,q1_count,Z3,cache,47532.21344947815,0,6743dadf-d77a-4c60-ac03-17b6fa228c45,2026-06-03 05:46:10.511000
processed,q3_density,Z2,generator,44624.63998794556,0,ddf13dca-d8af-4043-a886-41d4ea44379a,2026-06-03 05:46:10.516210
processed,q5_confidence_dist,Z2,cache,41110.3150844574,0,d7adee5e-eaee-4b13-bcc3-c64fe0341050,2026-06-03 05:46:10.517708
processed,q1_count,Z4,cache,40961.063623428345,0,6ac8bd7d-ddea-4848-937e-5efa1d45daa4,2026-06-03 05:46:10.519077
retry,q2_area,Z4,,0.0,2,b5de074b-852d-456a-b006-aa7a738490ae,2026-06-03 05:46:10.760717
processed,q1_count,Z1,cache,86930.51362037659,1,e05a9110-c605-4bf4-91a2-e0b80fbc13da,2026-06-03 05:46:10.762198
processed,q2_area,Z1,cache,77837.83721923828,1,86f7fa7a-a734-41ef-a3cc-50377d53b5c6,2026-06-03 05:46:10.764339
processed,q2_area,Z3,cache,55825.688123703,1,7655cc9a-86cb-440a-a4fe-fc03855eb07d,2026-06-03 05:46:10.765826
retry,q3_density,Z4,,0.0,2,21bebfca-9405-4528-876d-a6d76990318e,2026-06-03 05:46:10.812358
processed,q4_compare,Z2,cache,59692.004442214966,1,70f5685c-83f9-41ef-8b09-c8c097ddf87f,2026-06-03 05:46:10.813857
retry,q2_area,Z4,,0.0,1,2603d7b5-6968-4294-bb05-cd1977a0053c,2026-06-03 05:46:11.023124
processed,q4_compare,Z2,cache,40261.20090484619,0,afe1f4e2-3bd2-43b4-87f8-3f9d6d3b5ba9,2026-06-03 05:46:11.024830
processed,q2_area,Z2,cache,37649.72543716431,0,9758054d-420f-4e5a-89ca-c00f88864fba,2026-06-03 05:46:11.026905
processed,q2_area,Z2,cache,35894.16241645813,0,bffdffbf-d82f-4ab8-993e-8be4279ebbff,2026-06-03 05:46:11.028709
processed,q2_area,Z3,cache,35343.39761734009,0,f11e101d-1c4a-421a-b9bd-83be37559394,2026-06-03 05:46:11.030699
processed,q1_count,Z2,cache,35094.377517700195,0,e7a93f14-3ecd-4bb4-a361-56556a290689,2026-06-03 05:46:11.032672
processed,q1_count,Z1,cache,34945.70088386536,0,056b50ae-79e6-4090-824d-e30c3121d251,2026-06-03 05:46:11.034655
processed,q3_density,Z2,cache,33139.920473098755,0,529948c9-24c9-4881-bf50-2cb8b4b474f5,2026-06-03 05:46:11.036541
processed,q3_density,Z3,cache,33041.35489463806,0,5f9fb16e-7de2-4932-8610-f44ddda99c85,2026-06-03 05:46:11.038367
processed,q2_area,Z5,cache,32590.800046920776,0,a829d1df-1a6f-4e0d-a37c-92debaa6475a,2026-06-03 05:46:11.040153
processed,q2_area,Z1,cache,30985.513925552368,0,df225bab-3fa0-4240-aed8-ef7aff96e7f2,2026-06-03 05:46:11.041973
processed,q4_compare,Z2,cache,26569.310903549194,0,80246c7f-8294-41c4-bba0-d56e168f4977,2026-06-03 05:46:11.047235
processed,q1_count,Z1,cache,26270.092248916626,0,14e0820a-77a2-478f-9468-5d8c298bb758,2026-06-03 05:46:11.048648
processed,q3_density,Z5,cache,24161.839962005615,0,6172d925-f58e-4bf2-9754-91de5f3e9467,2026-06-03 05:46:11.050574
processed,q2_area,Z1,cache,24013.00859451294,0,200ded3e-71c0-4c49-9649-51509c3ff572,2026-06-03 05:46:11.052350
processed,q4_compare,Z4,cache,23713.531017303467,0,020e53ed-528b-44f1-8c2e-7018a20d6e7e,2026-06-03 05:46:11.054225
processed,q1_count,Z4,cache,23061.61904335022,0,b259dc8f-9274-4608-b23e-a5b2a55af010,2026-06-03 05:46:11.056059
processed,q5_confidence_dist,Z5,cache,22309.565544128418,0,4ac5bb4b-3340-4df5-8cd5-198a020a37cf,2026-06-03 05:46:11.058217
processed,q2_area,Z4,cache,20953.97162437439,0,7e0dc8bf-4de8-476f-8ade-db7b98f53696,2026-06-03 05:46:11.059870
processed,q2_area,Z5,cache,20704.227924346924,0,7b6ec4b8-7a31-4784-b826-ba2d03591902,2026-06-03 05:46:11.061810
processed,q1_count,Z5,cache,64818.48216056824,0,76518d61-d895-4d80-8aea-17363500f8e8,2026-06-03 05:46:11.063618
processed,q4_compare,Z5,cache,64065.62423706055,0,434ed2e3-7c64-476c-91ec-7d1c83df9e0e,2026-06-03 05:46:11.065424
processed,q5_confidence_dist,Z5,cache,63765.67316055298,0,fa72d378-9c3d-4615-a992-2a6ed16d36fc,2026-06-03 05:46:11.067456
processed,q3_density,Z1,cache,63516.300678253174,0,9286081b-6405-4a9e-aa1b-1bed7d3fb659,2026-06-03 05:46:11.069426
retry,q1_count,Z5,,0.0,1,b839312b-ea27-4a85-8d87-dccb1ce2d15b,2026-06-03 05:46:11.574461
processed,q1_count,Z3,cache,61359.7195148468,0,caec8d0d-72de-4673-a824-1a55d2947bf6,2026-06-03 05:46:11.577063
processed,q1_count,Z3,cache,60507.041454315186,0,d174ca1d-60d2-4703-b398-a206acf7ba7a,2026-06-03 05:46:11.579090
processed,q5_confidence_dist,Z5,cache,58499.258041381836,0,76b6c806-4c77-4607-a983-f0209deaf6c6,2026-06-03 05:46:11.580951
retry,q4_compare,Z1,,0.0,2,6e748b47-701c-47d0-adf9-d2e6f8887afa,2026-06-03 05:46:11.770250
processed,q4_compare,Z3,generator,85084.7225189209,1,d6878c27-e6c5-463e-b4b8-71cc4a3fd2fd,2026-06-03 05:46:11.779530
recovered,q4_compare,Z3,generator,85084.7225189209,1,d6878c27-e6c5-463e-b4b8-71cc4a3fd2fd,2026-06-03 05:46:11.781642
processed,q1_count,Z1,cache,44485.42141914368,1,8b26410f-872b-4263-9a43-cf2c35833bc0,2026-06-03 05:46:11.783552
processed,q4_compare,Z5,generator,106798.8805770874,2,6403ec18-b349-4882-b79e-10b7f872fa1f,2026-06-03 05:46:11.790493
recovered,q4_compare,Z5,generator,106798.8805770874,2,6403ec18-b349-4882-b79e-10b7f872fa1f,2026-06-03 05:46:11.792626
processed,q4_compare,Z2,generator,99523.0815410614,1,e490830d-a79b-4f30-84f7-9d870fba006c,2026-06-03 05:46:11.799851
recovered,q4_compare,Z2,generator,99523.0815410614,1,e490830d-a79b-4f30-84f7-9d870fba006c,2026-06-03 05:46:11.801884
processed,q5_confidence_dist,Z3,cache,89277.61387825012,1,b61f6468-836b-44db-a579-d9cf386cdff7,2026-06-03 05:46:11.803676
processed,q4_compare,Z5,cache,73652.93073654175,2,d95b3cf2-fc03-41b4-8b15-c4c3878c70d0,2026-06-03 05:46:11.805517
processed,q4_compare,Z5,cache,81194.42129135132,2,dd5bc894-4e73-4fe4-b520-5b77abe98d9d,2026-06-03 05:46:11.807325
retry,q4_compare,Z4,,0.0,2,13f1144e-1d60-4ad0-8ccf-07f2f68a1daa,2026-06-03 05:46:11.818105
processed,q1_count,Z1,cache,48439.60404396057,1,d84efeb1-f617-493b-8d4c-a7a208786923,2026-06-03 05:46:11.820275
processed,q2_area,Z3,cache,42615.39816856384,1,99b25131-8bc1-4a31-b89b-d15ea5c16462,2026-06-03 05:46:11.822322
processed,q1_count,Z2,cache,61758.150577545166,1,f487e2c3-f89c-4a43-ba2b-832cd28fb3e0,2026-06-03 05:46:11.824169
retry,q4_compare,Z2,,0.0,1,840ed435-f647-4aca-a559-ec0efb8b3aa9,2026-06-03 05:46:12.085883
processed,q3_density,Z4,cache,54283.76269340515,0,9b440ea6-b1ca-4522-8203-2a12b5b40002,2026-06-03 05:46:12.087991
retry,q1_count,Z3,,0.0,1,6b0fefd1-92e2-41a1-9757-3255664f7421,2026-06-03 05:46:12.592675
processed,q2_area,Z2,cache,52127.54154205322,0,32562143-350d-40ae-8c48-78517cbcf3ad,2026-06-03 05:46:12.595154
processed,q2_area,Z3,cache,50673.287868499756,0,bf8fd3bd-9901-4422-aaa6-6933d0842f77,2026-06-03 05:46:12.596836
processed,q2_area,Z3,cache,50122.37024307251,0,540219c1-aef3-4215-b115-b5fe2ba900df,2026-06-03 05:46:12.598784
processed,q3_density,Z1,cache,46859.529972076416,0,9cd93c28-04a9-441d-bb76-f92f90f43fd0,2026-06-03 05:46:12.600598
retry,q4_compare,Z4,,0.0,2,6e6bc411-9520-43d5-ba99-b5da0638c592,2026-06-03 05:46:12.812172
processed,q3_density,Z2,cache,62999.89080429077,1,ef9441fd-2a94-403c-9abe-9377e66e7db4,2026-06-03 05:46:12.814877
processed,q1_count,Z1,cache,60036.49973869324,1,d8238cb1-e7ca-463b-8580-ea4a8fb08bc3,2026-06-03 05:46:12.816651
retry,q4_compare,Z3,,0.0,2,78981d88-0642-48ea-996f-e22232c10f6f,2026-06-03 05:46:12.829217
processed,q3_density,Z4,generator,95382.63511657715,1,951fa511-eeb7-4dea-a786-c372c99399f8,2026-06-03 05:46:12.835135
recovered,q3_density,Z4,generator,95382.63511657715,1,951fa511-eeb7-4dea-a786-c372c99399f8,2026-06-03 05:46:12.837075
processed,q4_compare,Z4,generator,90820.20378112793,1,feaf4da7-0ad6-4e78-81ef-8e6191683121,2026-06-03 05:46:12.843898
recovered,q4_compare,Z4,generator,90820.20378112793,1,feaf4da7-0ad6-4e78-81ef-8e6191683121,2026-06-03 05:46:12.845793
processed,q3_density,Z3,cache,81883.03446769714,1,9b9dddd2-73fd-4cca-97d9-f8e6c188dc63,2026-06-03 05:46:12.847623
processed,q1_count,Z3,cache,81482.52868652344,1,ff812c49-6838-4169-a45f-a17c071099e2,2026-06-03 05:46:12.849456
processed,q5_confidence_dist,Z4,cache,82439.3105506897,1,14455907-ea86-46af-aaaa-65b4b02f383f,2026-06-03 05:46:12.851294
processed,q2_area,Z3,cache,35559.117555618286,1,fd620573-9818-40c2-9208-d1ed78d245ad,2026-06-03 05:46:12.852561
processed,q3_density,Z4,cache,92236.80210113525,1,846a48fd-fe11-4730-ba9a-fe1794ac1504,2026-06-03 05:46:12.854522
dlq,q4_compare,Z5,,0.0,3,ffb8d6f1-23c0-4f3d-b8e6-27cb4bbf2cac,2026-06-03 05:46:12.858852
processed,q4_compare,Z3,generator,82907.60731697083,1,d72d73f3-5cdf-433f-af28-c42963860317,2026-06-03 05:46:12.867244
recovered,q4_compare,Z3,generator,82907.60731697083,1,d72d73f3-5cdf-433f-af28-c42963860317,2026-06-03 05:46:12.868684
retry,q4_compare,Z5,,0.0,1,7a260461-d65f-4442-bdbe-5c52e7f16258,2026-06-03 05:46:13.105765
processed,q2_area,Z4,cache,45910.197496414185,0,1a9b7240-2597-4c74-9d09-49d3c0e4611e,2026-06-03 05:46:13.108152
processed,q4_compare,Z2,cache,45862.15853691101,0,23c05fab-edc3-4b24-a125-2cc9bca42370,2026-06-03 05:46:13.110021
retry,q4_compare,Z3,,0.0,1,3a1bde16-b063-444d-94f8-dbbe173f6000,2026-06-03 05:46:13.615237
processed,q3_density,Z4,cache,43506.478786468506,0,7e0172f3-c45a-41cc-8b9f-19cefa399187,2026-06-03 05:46:13.616928
processed,q5_confidence_dist,Z2,cache,43056.15186691284,0,bb966c52-ae3b-4409-a644-c208b522881b,2026-06-03 05:46:13.619031
processed,q3_density,Z3,cache,39992.87796020508,0,8caa80fc-b2b9-4352-9ccf-2f8e9b865500,2026-06-03 05:46:13.620921
processed,q2_area,Z5,cache,39844.10905838013,0,ba731b4c-974c-44ae-ba5f-71e5464dd1fd,2026-06-03 05:46:13.622821
processed,q4_compare,Z5,cache,39594.86222267151,0,cd37532c-8439-4f48-9b74-8b53f126b628,2026-06-03 05:46:13.624302
processed,q5_confidence_dist,Z4,cache,39546.08988761902,0,5066b3e4-9dde-4b0f-920b-1b10900656f7,2026-06-03 05:46:13.626197
processed,q5_confidence_dist,Z4,cache,39296.90408706665,0,7d59ca01-d6e8-46b8-8f4a-16aaaa94c641,2026-06-03 05:46:13.627990
processed,q1_count,Z1,cache,36486.55724525452,0,683536e8-4e5c-4989-8599-3e1968701ebd,2026-06-03 05:46:13.629838
processed,q5_confidence_dist,Z2,cache,35132.01451301575,0,e2fee1ca-885c-47e0-aef3-ecd3e39775b4,2026-06-03 05:46:13.631538
processed,q1_count,Z4,cache,34028.96451950073,0,be29170b-855e-49a5-bcc3-e71d202afdbd,2026-06-03 05:46:13.633389
processed,q4_compare,Z5,cache,33679.23283576965,0,e1188b48-fb54-475b-9afc-8c43a9ad19ed,2026-06-03 05:46:13.635224
processed,q1_count,Z5,generator,32429.97670173645,0,7b14404e-41ed-4669-b3a0-a2151d49f9c6,2026-06-03 05:46:13.641431
processed,q5_confidence_dist,Z3,cache,32230.615615844727,0,bdd67459-03f0-481d-a1c7-0206959a537c,2026-06-03 05:46:13.643094
processed,q1_count,Z3,cache,30523.923873901367,0,0318c5bd-a39b-429a-893f-149b164bd0a3,2026-06-03 05:46:13.644959
processed,q4_compare,Z2,cache,29671.823024749756,0,4455f124-9977-470d-a386-a9b9b859d263,2026-06-03 05:46:13.646901
processed,q4_compare,Z5,cache,29422.372102737427,0,208dd69f-6caa-42b4-a4e5-98aa0a9ce003,2026-06-03 05:46:13.648746
processed,q3_density,Z2,cache,28771.20614051819,0,80217f98-ab24-42cc-9c6a-a3620ea78953,2026-06-03 05:46:13.650612
processed,q3_density,Z3,cache,27466.927766799927,0,764beff6-e593-4b48-a67d-a54963ac5521,2026-06-03 05:46:13.652558
processed,q2_area,Z5,cache,27368.457317352295,0,24774b4e-6e96-4e62-956f-945f22fe2f9b,2026-06-03 05:46:13.654425
processed,q4_compare,Z4,cache,26918.17831993103,0,b3d07dde-8a1c-4552-a323-b7e910a42a6d,2026-06-03 05:46:13.656230
processed,q5_confidence_dist,Z3,cache,26417.795658111572,0,abaae9d9-e015-4e83-8497-96a817664b9f,2026-06-03 05:46:13.658044
processed,q1_count,Z1,cache,24811.07187271118,0,644b9362-1e40-4fe5-899c-83acffd4f81b,2026-06-03 05:46:13.659630
processed,q2_area,Z4,cache,22200.429677963257,0,2b93e1e9-1848-4f8e-86ae-afc0103d58b8,2026-06-03 05:46:13.664190
processed,q1_count,Z3,cache,21599.429607391357,0,fd03cc1f-5440-4242-85f8-3cc7a74a00fb,2026-06-03 05:46:13.665522
processed,q4_compare,Z5,cache,21550.590753555298,0,9e773d26-5b0b-4be0-ba39-35a2ca72f1cc,2026-06-03 05:46:13.667394
processed,q4_compare,Z4,cache,21250.888347625732,0,7e20080f-0809-4071-b8af-958c4a1f5521,2026-06-03 05:46:13.669223
processed,q2_area,Z1,cache,102147.96376228333,0,5fa0552c-0b62-427c-92e0-bd13c9642855,2026-06-03 05:46:13.671031
processed,q1_count,Z2,cache,101898.51880073547,0,c26cd558-04fb-4d44-9192-f7c8de0e5388,2026-06-03 05:46:13.672840
processed,q5_confidence_dist,Z2,cache,100041.43261909485,0,c97e1d2e-2f17-41c9-a412-81663cff9f79,2026-06-03 05:46:13.674683
processed,q4_compare,Z1,cache,97983.10232162476,0,c0c93cff-e529-4f1c-9022-56a142e27dff,2026-06-03 05:46:13.676426
processed,q2_area,Z4,cache,96526.84450149536,0,7ada5e6d-7c9a-4841-9d4a-146a44818ba8,2026-06-03 05:46:13.678310
processed,q3_density,Z2,cache,95574.23973083496,0,96b6ae78-9c03-4ca3-a04b-87b3683cb22b,2026-06-03 05:46:13.680179
processed,q2_area,Z5,cache,94621.58513069153,0,58d7950f-fa1c-41c3-bc0a-dab85bdea7b2,2026-06-03 05:46:13.682059
processed,q2_area,Z1,cache,93618.77989768982,0,f6b225bc-50af-4fe1-919e-77a23f85e97f,2026-06-03 05:46:13.683914
processed,q4_compare,Z4,cache,93469.8338508606,0,96403107-3dd1-430c-8a84-bcdf3e442c7f,2026-06-03 05:46:13.685734
processed,q2_area,Z5,cache,93270.77794075012,0,33df5a93-1e07-4885-84af-b6955876fe0f,2026-06-03 05:46:13.687685
processed,q2_area,Z4,cache,91615.30685424805,0,da2ff077-12c0-4788-a529-b2a3ed02aad7,2026-06-03 05:46:13.688967
processed,q3_density,Z1,cache,91315.22798538208,0,45e717da-0f8f-48ea-948e-420d9a9a2e82,2026-06-03 05:46:13.690145
processed,q3_density,Z5,cache,90763.71645927429,0,91f93a9a-be5e-439f-a98c-2812bc3dd561,2026-06-03 05:46:13.691208
processed,q5_confidence_dist,Z5,cache,89207.85713195801,0,c33e46a1-12e1-45c4-9945-fc9981e73d13,2026-06-03 05:46:13.692272
processed,q2_area,Z3,cache,88204.49876785278,0,66df7f4f-fb81-498c-96c3-65ec4b12aad6,2026-06-03 05:46:13.693684
processed,q5_confidence_dist,Z4,cache,82831.4836025238,0,4d360f89-0353-44a6-809f-b8d42f6f7917,2026-06-03 05:46:13.695724
processed,q1_count,Z3,cache,82682.74426460266,0,b30dd147-5565-48bf-a8e5-6caae1a8071a,2026-06-03 05:46:13.697651
processed,q4_compare,Z5,cache,82634.31978225708,0,04b2a169-a15d-4420-8f6d-a34696d2b038,2026-06-03 05:46:13.699490
processed,q1_count,Z3,cache,79770.03598213196,0,38155ba3-ee2e-4e95-9c05-ccce24875d43,2026-06-03 05:46:13.701250
retry,q4_compare,Z4,,0.0,2,0ec99380-1e60-4446-8a7e-ec7242a92fbb,2026-06-03 05:46:13.821185
retry,q4_compare,Z1,,0.0,2,1f608258-7f2d-4d04-92a2-46eb8c044e90,2026-06-03 05:46:13.873241
processed,q2_area,Z3,cache,34521.76928520203,1,9a9df7e7-806f-4801-be2a-51681b6cab59,2026-06-03 05:46:13.875560
processed,q1_count,Z1,cache,85675.36067962646,1,8112523b-7d3c-495b-ba5d-4584535ff34e,2026-06-03 05:46:13.876870
processed,q1_count,Z1,cache,73411.05604171753,1,b47479db-29fc-49c7-8ccb-65e92edbefc1,2026-06-03 05:46:13.877983
retry,q4_compare,Z5,,0.0,1,3e042fe4-a13f-48ea-9512-22c25a650fc9,2026-06-03 05:46:14.205477
processed,q3_density,Z2,cache,77110.70609092712,0,9f258a54-0b08-4522-bab6-ef6dd9c2088f,2026-06-03 05:46:14.207048
processed,q1_count,Z4,cache,76759.82213020325,0,38dce396-6d60-4d15-b7eb-3985cb0c94fa,2026-06-03 05:46:14.208529
processed,q1_count,Z2,cache,76560.3461265564,0,dd8e12a2-0651-421d-a544-56659c0fac1a,2026-06-03 05:46:14.210392
processed,q3_density,Z3,cache,76159.86967086792,0,4e90de5a-0a97-44be-8a01-234d386f6e8e,2026-06-03 05:46:14.212008
processed,q1_count,Z3,cache,71737.14470863342,0,7d421181-7780-4d23-83c6-30e1d8afdb54,2026-06-03 05:46:14.213739
processed,q5_confidence_dist,Z1,cache,68824.87773895264,0,b24335a5-f02a-47b7-8c42-238a3a263efb,2026-06-03 05:46:14.215314
processed,q3_density,Z1,cache,68273.5710144043,0,5fca3aa5-14cb-4fee-9280-dcdc41fe339f,2026-06-03 05:46:14.216850
processed,q2_area,Z1,cache,67872.79772758484,0,faeecc5e-3b9e-4360-ae52-0aebcef311de,2026-06-03 05:46:14.218663
processed,q2_area,Z3,cache,67572.59321212769,0,c0bef7d6-e851-4e8c-b392-627d9e74a998,2026-06-03 05:46:14.220288
processed,q3_density,Z1,cache,67523.8778591156,0,cb8b24da-4636-41e6-a683-dfd8224436a3,2026-06-03 05:46:14.221673
processed,q5_confidence_dist,Z4,cache,65866.48893356323,0,1c520f48-21ae-499a-a07d-d2fdc812bc09,2026-06-03 05:46:14.223248
processed,q3_density,Z2,cache,65265.07377624512,0,e4d2ebdf-cc07-4d9c-ba02-9034480dbf37,2026-06-03 05:46:14.224760
processed,q5_confidence_dist,Z4,cache,65065.69504737854,0,4f02f851-4f15-4c24-855b-544328ae4333,2026-06-03 05:46:14.226250
processed,q3_density,Z2,cache,62804.3429851532,0,8a64df2f-23cf-4b49-8add-e686a67a794e,2026-06-03 05:46:14.227673
processed,q5_confidence_dist,Z2,cache,59439.66555595398,0,367a0c3e-d7df-4bef-862d-4a9598742131,2026-06-03 05:46:14.229229
processed,q5_confidence_dist,Z1,cache,58788.03539276123,0,1587cd61-85a7-4b9d-b7f0-d226fa75ff01,2026-06-03 05:46:14.230764
processed,q3_density,Z1,cache,58287.0659828186,0,78776647-e052-4437-857a-68db5e8cc3c1,2026-06-03 05:46:14.232047
processed,q1_count,Z5,cache,56780.99203109741,0,fb0cf13a-bc10-46e3-867e-4379334be312,2026-06-03 05:46:14.233545
processed,q5_confidence_dist,Z3,cache,55626.97768211365,0,7a76a78e-2248-4c09-8ac6-233fba9968d1,2026-06-03 05:46:14.235054
processed,q2_area,Z1,cache,53719.099044799805,0,c6cc6594-0527-4a80-85cf-0ba7f88c2fdc,2026-06-03 05:46:14.236541
processed,q1_count,Z5,cache,53368.94392967224,0,ccf1b6e8-2bd7-4692-a0a5-e8c050aa1966,2026-06-03 05:46:14.238060
processed,q1_count,Z2,cache,52516.77680015564,0,07d27d76-6b54-44cb-a21e-0067f4371126,2026-06-03 05:46:14.239552
processed,q5_confidence_dist,Z5,cache,50307.9354763031,0,21bd2373-7aa5-4b44-a224-3d8d82431827,2026-06-03 05:46:14.241003
processed,q5_confidence_dist,Z4,cache,47346.42934799194,0,b8fa3f70-52ec-4217-8b39-15fd89c6e4a9,2026-06-03 05:46:14.243113
processed,q4_compare,Z1,cache,47298.433780670166,0,eca7bdb9-c3e5-4f8a-a323-62dea3872ae3,2026-06-03 05:46:14.244888
processed,q1_count,Z3,generator,45194.884061813354,0,9581337c-117b-43ab-bb3b-768c7dbb2f63,2026-06-03 05:46:14.250713
processed,q5_confidence_dist,Z4,cache,45098.12641143799,0,03112029-1355-4e44-a9e1-3861d0a9b182,2026-06-03 05:46:14.254585
processed,q2_area,Z5,cache,44196.00009918213,0,1c180d5d-7973-4d28-aaef-8bef1a15053b,2026-06-03 05:46:14.256306
processed,q5_confidence_dist,Z2,cache,41483.83545875549,0,d1ff67ce-bcbf-40b3-b83a-a93271641f9e,2026-06-03 05:46:14.257519
processed,q5_confidence_dist,Z4,cache,40681.39362335205,0,12f17917-34b3-4177-ab96-f28c7e7f0fdf,2026-06-03 05:46:14.258673
processed,q1_count,Z4,cache,40582.0472240448,0,da480bf1-dea1-4eda-a155-de7054e6a922,2026-06-03 05:46:14.259800
processed,q4_compare,Z5,cache,39176.955223083496,0,42bb9455-85e6-4562-ad0a-ddbed777064c,2026-06-03 05:46:14.260900
processed,q2_area,Z4,cache,39027.34708786011,0,f3ff63ba-666e-4cda-a52b-48a822cb82ae,2026-06-03 05:46:14.261953
processed,q2_area,Z2,cache,38475.96454620361,0,30eedd58-e192-4e68-9afd-71cae9975ae6,2026-06-03 05:46:14.262988
processed,q5_confidence_dist,Z3,cache,37924.69787597656,0,6f88dfeb-84c2-4603-9c32-bb03cba0cc0b,2026-06-03 05:46:14.263992
processed,q1_count,Z2,cache,35866.47939682007,0,e9f08d02-7700-41b5-b0e6-36eb425c258d,2026-06-03 05:46:14.265042
processed,q5_confidence_dist,Z5,cache,35063.95721435547,0,860e204d-b0a5-4705-958a-b5d90719f288,2026-06-03 05:46:14.266034
processed,q1_count,Z3,cache,34462.366342544556,0,e84bb2c2-07ed-47ef-b5ff-e296529b7c7b,2026-06-03 05:46:14.267098
processed,q5_confidence_dist,Z2,cache,31248.0947971344,0,8f4bdb9e-198a-4262-aac3-8ae08d4877e9,2026-06-03 05:46:14.268274
processed,q4_compare,Z3,cache,30395.26915550232,0,62c31b2f-250e-4ba2-9024-8012b35d3334,2026-06-03 05:46:14.269567
processed,q4_compare,Z5,cache,27934.964656829834,0,1baae613-ea17-4dff-b5c2-8543f448fb61,2026-06-03 05:46:14.270812
processed,q4_compare,Z5,cache,25976.325035095215,0,533f4f4d-1962-4823-b8a7-af31837ed631,2026-06-03 05:46:14.272119
processed,q3_density,Z5,cache,24217.892169952393,0,1370363b-0202-45d0-8db8-fcf94337be3f,2026-06-03 05:46:14.273390
processed,q3_density,Z4,cache,104108.07037353516,0,58ba0255-21c2-4f69-97d0-a9f6309e7021,2026-06-03 05:46:14.274608
retry,q2_area,Z3,,0.0,1,81afd251-064c-42bb-94ca-0f0e8d14482c,2026-06-03 05:46:14.778421
processed,q2_area,Z1,cache,102905.44438362122,0,c1b2dcf0-0867-4aa2-8171-de735879a2b1,2026-06-03 05:46:14.780092
processed,q2_area,Z4,cache,102404.45733070374,0,76914a0f-f9bd-4d68-8c36-97c15d26f4f5,2026-06-03 05:46:14.781342
processed,q2_area,Z3,generator,101204.29968833923,0,c02a58e8-3b26-4b7a-a5ea-8640df77d2d7,2026-06-03 05:46:14.787027
processed,q2_area,Z5,cache,100854.26783561707,0,80a41e23-39b0-42ee-b0e5-6305d9acd873,2026-06-03 05:46:14.788466
processed,q1_count,Z5,cache,99850.55112838745,0,e5d439a4-b2a4-401a-b73d-d7b64f009321,2026-06-03 05:46:14.789973
retry,q1_count,Z2,,0.0,2,99f0ffef-8add-4ce2-9154-5ced512d7bea,2026-06-03 05:46:14.825390
processed,q1_count,Z3,cache,99184.51356887817,1,2182d768-9cc2-4454-aa32-21eaafe0f437,2026-06-03 05:46:14.827887
processed,q1_count,Z1,cache,57427.47616767883,1,4566964b-6dcb-4fa0-ac2a-462013872c98,2026-06-03 05:46:14.829763
processed,q2_area,Z3,cache,97178.06601524353,2,879b0088-5b2f-4cbd-96c9-8d0a2e611307,2026-06-03 05:46:14.831761
retry,q4_compare,Z4,,0.0,2,61b7974d-a5bf-46f3-8f6e-dbdd62b929bc,2026-06-03 05:46:14.881821
processed,q4_compare,Z2,generator,79852.92625427246,2,edccefc2-0b0d-4704-83f0-d008df9a31fe,2026-06-03 05:46:14.889021
recovered,q4_compare,Z2,generator,79852.92625427246,2,edccefc2-0b0d-4704-83f0-d008df9a31fe,2026-06-03 05:46:14.890334
processed,q2_area,Z2,cache,29359.52663421631,1,002b7f8d-f208-42c4-8227-76fadd2ecab6,2026-06-03 05:46:14.891508
processed,q4_compare,Z2,generator,22530.144453048706,1,6db54e33-6b29-41d9-88d4-89edc8c3b013,2026-06-03 05:46:14.898363
recovered,q4_compare,Z2,generator,22530.144453048706,1,6db54e33-6b29-41d9-88d4-89edc8c3b013,2026-06-03 05:46:14.900076
processed,q3_density,Z3,cache,81121.23012542725,1,a0358925-1331-476c-b54b-67f780c1204d,2026-06-03 05:46:14.901384
processed,q2_area,Z4,cache,101972.97763824463,1,956976d4-d870-483b-bbcf-127f38049948,2026-06-03 05:46:14.902566
dlq,q4_compare,Z2,,0.0,3,51a62d4f-9150-492c-9216-b36face70c03,2026-06-03 05:46:14.905708
processed,q4_compare,Z1,generator,67862.56289482117,1,5e622670-cd29-4460-8c3d-987040fa5743,2026-06-03 05:46:14.912914
recovered,q4_compare,Z1,generator,67862.56289482117,1,5e622670-cd29-4460-8c3d-987040fa5743,2026-06-03 05:46:14.914456
processed,q1_count,Z3,cache,57965.890884399414,1,9bff94e1-1f0b-42e7-99b9-208e541d82c8,2026-06-03 05:46:14.915971
processed,q1_count,Z2,generator,38531.09931945801,1,a6567b8d-a5a6-4805-a45b-9a58d6ac0d30,2026-06-03 05:46:14.920886
recovered,q1_count,Z2,generator,38531.09931945801,1,a6567b8d-a5a6-4805-a45b-9a58d6ac0d30,2026-06-03 05:46:14.922093
retry,q1_count,Z2,,0.0,1,2aa169a8-c171-462b-86f9-75a40fb712fd,2026-06-03 05:46:15.294146
processed,q5_confidence_dist,Z5,cache,96737.88690567017,0,18c89dc0-53ac-438d-81ac-99b99f59e14f,2026-06-03 05:46:15.295874
processed,q3_density,Z5,cache,95684.93032455444,0,1f5eb22e-9656-46ac-98d3-0bd08841d09a,2026-06-03 05:46:15.297747
processed,q2_area,Z4,cache,90613.69633674622,0,fb5ea7c4-e26f-45ef-b5d9-129789c20d3b,2026-06-03 05:46:15.299099
processed,q1_count,Z2,cache,90464.3087387085,0,821ccb6d-bc3f-43d6-94e1-e9b4386d885c,2026-06-03 05:46:15.300579
processed,q4_compare,Z2,cache,90214.67423439026,0,cebe2891-f8e0-45e4-a0f3-11ce9b8806b6,2026-06-03 05:46:15.301906
processed,q4_compare,Z1,cache,88960.39605140686,0,95b8f2f5-9fbc-449b-8d33-4d355ab5ce86,2026-06-03 05:46:15.303206
processed,q5_confidence_dist,Z2,cache,88710.57367324829,0,dcfd21a3-7901-43ff-a1d0-203779be0209,2026-06-03 05:46:15.304488
processed,q4_compare,Z4,cache,88259.6788406372,0,8b0084a3-219b-486c-904e-aaa2e73bb972,2026-06-03 05:46:15.305773
processed,q4_compare,Z5,generator,88016.1497592926,0,13185dad-3c08-4580-a2e5-eba02b67a867,2026-06-03 05:46:15.313929
processed,q3_density,Z5,cache,87214.51234817505,0,7231a36a-593e-4ed9-90de-15cf85a81545,2026-06-03 05:46:15.316290
processed,q4_compare,Z4,cache,87065.9704208374,0,dd4683e8-0c60-4d7d-b899-667b26e23c78,2026-06-03 05:46:15.318185
processed,q5_confidence_dist,Z2,cache,83399.66893196106,0,ffa56873-9ea0-487a-a6d6-7fb20333a598,2026-06-03 05:46:15.319997
processed,q2_area,Z5,cache,82999.0382194519,0,35f3ddae-73d8-4f43-95bc-3e7ea6f7b8cc,2026-06-03 05:46:15.321847
processed,q1_count,Z2,cache,81492.86794662476,0,801039d4-93e8-4a76-9f31-c8c4da9a159d,2026-06-03 05:46:15.323721
retry,q4_compare,Z1,,0.0,1,e0f826fe-ff03-4a66-bd7d-3195c8fedb85,2026-06-03 05:46:15.828794
processed,q2_area,Z1,cache,80191.80274009705,0,bd63d304-f37c-4be9-9c2b-18943f5aab25,2026-06-03 05:46:15.831148
processed,q3_density,Z5,cache,78585.45804023743,0,f9df986b-eb4b-4856-9836-9af6867d2774,2026-06-03 05:46:15.833063
processed,q4_compare,Z4,cache,76724.3881225586,0,40973825-60a9-427b-a94f-c2afaf42257b,2026-06-03 05:46:15.835159
retry,q4_compare,Z4,,0.0,2,306b7156-2829-4d94-8996-06cc1601e1b1,2026-06-03 05:46:15.835858
processed,q4_compare,Z2,cache,28999.113082885742,1,b5817caa-5c59-425e-8415-8d00f234de1f,2026-06-03 05:46:15.837502
processed,q4_compare,Z4,generator,66281.91804885864,1,47f8ec1b-dccb-45c1-8e2b-933140364c3c,2026-06-03 05:46:15.844508
recovered,q4_compare,Z4,generator,66281.91804885864,1,47f8ec1b-dccb-45c1-8e2b-933140364c3c,2026-06-03 05:46:15.846042
processed,q4_compare,Z3,generator,63977.65254974365,1,2ba81156-e210-48ce-8f68-51d103e72151,2026-06-03 05:46:15.853125
recovered,q4_compare,Z3,generator,63977.65254974365,1,2ba81156-e210-48ce-8f68-51d103e72151,2026-06-03 05:46:15.854603
processed,q2_area,Z2,generator,84642.5929069519,2,0f324a64-d9e9-4a76-9f16-d99c2f02915d,2026-06-03 05:46:15.858357
recovered,q2_area,Z2,generator,84642.5929069519,2,0f324a64-d9e9-4a76-9f16-d99c2f02915d,2026-06-03 05:46:15.859534
processed,q4_compare,Z4,generator,93088.1929397583,2,b2998446-878c-4dce-8f77-08925e640fee,2026-06-03 05:46:15.865626
recovered,q4_compare,Z4,generator,93088.1929397583,2,b2998446-878c-4dce-8f77-08925e640fee,2026-06-03 05:46:15.866832
processed,q4_compare,Z1,cache,94849.02286529541,2,d582ffab-6b74-440f-976d-38cd06450d56,2026-06-03 05:46:15.867971
processed,q4_compare,Z2,generator,68673.36535453796,1,1276e37a-541d-4b54-97e3-6e8a8bc0b78e,2026-06-03 05:46:15.874004
recovered,q4_compare,Z2,generator,68673.36535453796,1,1276e37a-541d-4b54-97e3-6e8a8bc0b78e,2026-06-03 05:46:15.875357
processed,q4_compare,Z2,cache,44812.129497528076,1,442ff0ce-2db3-4c36-a1dd-6724df11110c,2026-06-03 05:46:15.876898
processed,q2_area,Z2,cache,56365.94557762146,1,502a0867-4ac3-4166-a67f-034d5a69e641,2026-06-03 05:46:15.878215
processed,q1_count,Z5,cache,65008.75687599182,1,8366d1cb-6e47-4a0b-8ff0-fb0ff4e4a1a5,2026-06-03 05:46:15.879720
processed,q1_count,Z2,generator,107826.87711715698,1,ae8fa7e6-a114-4c36-b807-54506b8ce94b,2026-06-03 05:46:15.883334
recovered,q1_count,Z2,generator,107826.87711715698,1,ae8fa7e6-a114-4c36-b807-54506b8ce94b,2026-06-03 05:46:15.884449
processed,q3_density,Z3,cache,80196.74253463745,2,58e3e200-b70d-4553-8a7a-76ad018c3a59,2026-06-03 05:46:15.886168
processed,q3_density,Z3,cache,115267.27080345154,2,92ffe420-3430-4c3a-b2ed-32823a307c8a,2026-06-03 05:46:15.887506
processed,q4_compare,Z3,cache,40905.1673412323,1,12e0d39c-12b4-436f-97e1-52ddedf722a9,2026-06-03 05:46:15.888873
dlq,q4_compare,Z3,,0.0,3,3a831066-f4c1-4a02-ac25-145e630ea40c,2026-06-03 05:46:15.892549
processed,q1_count,Z2,cache,67235.84032058716,1,1fcdde06-8fb5-4f8a-8807-16a5fadbc617,2026-06-03 05:46:15.894069
processed,q1_count,Z5,cache,53620.29218673706,1,885ec2f2-c939-4b8a-b57b-4228bede4335,2026-06-03 05:46:15.895530
retry,q1_count,Z2,,0.0,2,5670f42d-b66c-47fa-ac0d-8bbe74d39d2c,2026-06-03 05:46:15.925968
processed,q3_density,Z1,cache,58826.799154281616,1,4660e0dd-e5fb-405d-8515-f9584b6378ca,2026-06-03 05:46:15.927841
processed,q2_area,Z3,cache,72347.8422164917,1,f3b0d8db-a21b-4709-b024-c211dff831b7,2026-06-03 05:46:15.929313
processed,q5_confidence_dist,Z3,cache,77325.7417678833,1,4413d0c9-c649-4ea8-8628-4836c8c5d344,2026-06-03 05:46:15.930490
processed,q1_count,Z4,cache,89287.65296936035,2,b67acf57-8a99-47f5-8f95-ae22d511f79a,2026-06-03 05:46:15.931897
processed,q1_count,Z3,cache,50144.13380622864,1,d95c36b0-2013-4311-b3e7-86f94b4fd21e,2026-06-03 05:46:15.935318
processed,q3_density,Z4,cache,46931.10966682434,1,9b0443e7-e0f2-468b-8546-468a9d6eb0cc,2026-06-03 05:46:15.936692
retry,q1_count,Z2,,0.0,1,3e30d830-7832-42b8-b381-2c112ae56504,2026-06-03 05:46:16.339666
processed,q2_area,Z3,cache,75924.33094978333,0,7a54eab4-b269-4e53-806f-1d5c540560db,2026-06-03 05:46:16.341189
processed,q1_count,Z1,cache,75825.13308525085,0,060b20b5-66f1-49e5-8541-10756fa18e83,2026-06-03 05:46:16.342379
retry,q4_compare,Z3,,0.0,1,6d6fa118-c402-4ab8-afd5-d757fb6c5001,2026-06-03 05:46:16.846851
processed,q2_area,Z3,cache,75125.66113471985,0,badde737-83c8-4074-80a8-63ad758fc915,2026-06-03 05:46:16.848918
processed,q2_area,Z3,cache,72314.59641456604,0,ee8c3f7f-32ec-4742-9de2-c7a8c44997ae,2026-06-03 05:46:16.850562
processed,q5_confidence_dist,Z1,cache,70959.18560028076,0,cf0fcf95-1d0a-4b46-8a88-307319f59d6d,2026-06-03 05:46:16.852265
processed,q4_compare,Z1,cache,69503.74698638916,0,aabbfc10-888c-400b-a4e8-0bf113c03d95,2026-06-03 05:46:16.855546
processed,q2_area,Z3,cache,68600.83961486816,0,87afb240-596a-40e9-acf2-824a83d443b8,2026-06-03 05:46:16.856925
processed,q5_confidence_dist,Z1,cache,64329.49948310852,0,009a7698-77a5-4f1d-bdf4-955f1b275f32,2026-06-03 05:46:16.858476
processed,q3_density,Z4,cache,64280.916929244995,0,4d08e1d4-b83b-4b44-97b5-73fce614fbc7,2026-06-03 05:46:16.860246
processed,q3_density,Z5,cache,62423.90251159668,0,c581d7bc-adab-4d08-a955-bf83d9a72446,2026-06-03 05:46:16.861927
processed,q1_count,Z5,cache,62325.151681900024,0,904a9ad9-7ece-4098-94f8-35640c9dc2f4,2026-06-03 05:46:16.863378
processed,q4_compare,Z5,cache,59563.11321258545,0,43880509-623c-4e99-9289-f2d395e383fc,2026-06-03 05:46:16.864775
processed,q2_area,Z2,cache,57605.188846588135,0,78400655-fcc5-4933-a56b-395dcbc294d7,2026-06-03 05:46:16.866018
processed,q5_confidence_dist,Z5,cache,56752.12049484253,0,c4c05828-40e7-433e-977f-acfe707ea47e,2026-06-03 05:46:16.867245
processed,q2_area,Z4,cache,55949.45430755615,0,ebaee248-eb32-413d-8b7f-639e11d886f0,2026-06-03 05:46:16.868339
processed,q1_count,Z1,cache,54544.28148269653,0,6b96810e-3f57-4c87-bc4b-6647e187140c,2026-06-03 05:46:16.869609
processed,q2_area,Z2,cache,53440.250635147095,0,79a1c7c4-52bd-4f54-bcce-b7b07edeebc2,2026-06-03 05:46:16.870827
processed,q5_confidence_dist,Z5,cache,50880.22303581238,0,0c75e590-ca9a-4d3d-b242-7d64d6574ec6,2026-06-03 05:46:16.872032
retry,q4_compare,Z5,,0.0,2,0e2331bd-0a93-4a29-a311-c35e50e2cc9e,2026-06-03 05:46:16.899688
processed,q4_compare,Z4,cache,34885.777950286865,0,88035f88-d7c8-4862-9d93-b0656b822b2b,2026-06-03 05:46:16.901457
processed,q5_confidence_dist,Z4,cache,34837.135791778564,0,09086ac7-aaee-40ad-a033-9fff0e4f32a9,2026-06-03 05:46:16.902780
processed,q2_area,Z1,cache,34788.21349143982,0,b3e74468-8077-4e41-b19e-6237282b913c,2026-06-03 05:46:16.904150
processed,q1_count,Z1,generator,33587.45360374451,0,1aa8c7e6-d38f-45c5-97ab-cad7efaafe80,2026-06-03 05:46:16.909698
processed,q5_confidence_dist,Z4,cache,31479.37250137329,0,0c571157-c706-4140-a8c0-298d4dc0c547,2026-06-03 05:46:16.910903
processed,q3_density,Z2,cache,28314.898252487183,0,66352c09-820c-4b1c-bafa-c26c7097f65c,2026-06-03 05:46:16.912051
processed,q4_compare,Z1,cache,27916.049480438232,0,148242a4-cdc8-496c-b463-a817a6cf958d,2026-06-03 05:46:16.915029
processed,q4_compare,Z1,cache,27665.717840194702,0,de4037a2-3222-4434-9988-c602fda4f3db,2026-06-03 05:46:16.916153
retry,q4_compare,Z4,,0.0,2,2638f292-f03d-4766-a4fc-3c7c6fa26872,2026-06-03 05:46:16.940838
processed,q2_area,Z5,cache,35429.481983184814,0,177ae21c-e825-4079-8797-978e7ab44a19,2026-06-03 05:46:16.942597
processed,q3_density,Z5,cache,34175.21405220032,0,c1acc464-6a86-4a39-b952-af7b8bf1f29a,2026-06-03 05:46:16.944656
retry,q3_density,Z1,,0.0,1,2c26f3af-0675-48a4-b9fd-7fc520b085c5,2026-06-03 05:46:17.376252
retry,q2_area,Z4,,0.0,1,e397de50-fd76-4722-9dcc-0a70176175cd,2026-06-03 05:46:17.420062
processed,q3_density,Z1,cache,26109.180688858032,0,10d4d0f2-d197-42cf-a861-9bfb20a0c4ad,2026-06-03 05:46:17.422265
processed,q4_compare,Z1,cache,26060.703992843628,0,6f9c851c-98d1-4728-9393-c10489a6447d,2026-06-03 05:46:17.423512
processed,q1_count,Z2,cache,24956.576824188232,0,12079621-e687-48c6-8399-678cd952921b,2026-06-03 05:46:17.424780
processed,q2_area,Z5,cache,24656.718492507935,0,87df70bd-cc3d-40c3-bd2e-6fcf88bc8bd3,2026-06-03 05:46:17.426186
processed,q4_compare,Z1,cache,23703.873872756958,0,0d8a2ad0-83c6-4759-8e9f-df2fcfd62ea5,2026-06-03 05:46:17.428363
processed,q1_count,Z2,cache,17426.81121826172,0,305ba215-cfc3-4656-9332-35e5956467fe,2026-06-03 05:46:17.430304
processed,q2_area,Z1,cache,17026.932954788208,0,ca561eff-8925-4d26-a9a0-f631b962d014,2026-06-03 05:46:17.432160
processed,q4_compare,Z5,cache,16677.121877670288,0,4d3a1b2e-79b9-4619-99f8-15ab851f0024,2026-06-03 05:46:17.433982
processed,q5_confidence_dist,Z4,cache,14167.591571807861,0,b888489c-3f6f-46d4-b305-2b40cf66a3cc,2026-06-03 05:46:17.435734
processed,q1_count,Z4,cache,13767.639636993408,0,2595f1ed-1dbb-4e8f-b5fc-67831fd64e27,2026-06-03 05:46:17.437620
processed,q3_density,Z1,cache,13367.534637451172,0,b5faecac-4773-4639-b575-7ef7c085f876,2026-06-03 05:46:17.439549
processed,q2_area,Z2,cache,12162.154197692871,0,a29b9f2e-8628-444c-b870-554fde02b001,2026-06-03 05:46:17.441477
processed,q1_count,Z1,cache,11660.947561264038,0,586c1120-44e6-401f-95b8-41a8af5ea2dc,2026-06-03 05:46:17.443436
processed,q3_density,Z5,cache,11562.339782714844,0,abf53bd2-e879-4510-b992-c8165c980238,2026-06-03 05:46:17.445301
processed,q3_density,Z1,cache,33421.87714576721,0,04d23642-e876-40d5-9622-fe813fda14f0,2026-06-03 05:46:17.447143
processed,q2_area,Z3,cache,31012.316465377808,0,99d3eb16-bda1-4682-b332-dd1de7e27be4,2026-06-03 05:46:17.449575
retry,q3_density,Z1,,0.0,1,f0be20ba-a5d4-4129-915d-ffb4c3364740,2026-06-03 05:46:17.449662
processed,q4_compare,Z1,cache,32924.166679382324,0,57b96881-7e0f-4c8d-a464-43356ecb9039,2026-06-03 05:46:17.452190
processed,q5_confidence_dist,Z1,cache,31720.741987228394,0,54a91157-8491-4301-ae7d-28fcef05b59a,2026-06-03 05:46:17.454109
processed,q5_confidence_dist,Z5,cache,30768.10121536255,0,018582cf-e333-4338-a348-43881ad58469,2026-06-03 05:46:17.455797
processed,q3_density,Z3,cache,30518.702030181885,0,6545868b-6725-4165-b70e-fce37993057f,2026-06-03 05:46:17.457726
processed,q5_confidence_dist,Z2,cache,29968.109130859375,0,81d1758e-8654-4e85-9647-9ff96e262df4,2026-06-03 05:46:17.459498
retry,q4_compare,Z3,,0.0,1,8afe2a10-bba1-469b-987e-a650ee0d5624,2026-06-03 05:46:17.881659
processed,q2_area,Z1,cache,50435.09244918823,0,f007c211-5a80-4574-a612-ca793bdb571b,2026-06-03 05:46:17.884266
processed,q4_compare,Z1,cache,49081.20250701904,0,2b842653-12c4-42d3-bf42-cbe23b9283ad,2026-06-03 05:46:17.886499
processed,q3_density,Z3,cache,48380.3596496582,0,f6e6161e-db49-4b85-a443-3db7f6a80da0,2026-06-03 05:46:17.888512
processed,q3_density,Z2,cache,47277.40144729614,0,bc66460e-eb58-49e0-9a31-e177f16e1e03,2026-06-03 05:46:17.890372
processed,q3_density,Z1,cache,46475.255489349365,0,b80c5987-54d8-4cb2-8525-3b496226a305,2026-06-03 05:46:17.892258
retry,q4_compare,Z1,,0.0,1,d584233f-d73c-46e0-b5f7-5b0d111b0393,2026-06-03 05:46:17.954968
processed,q4_compare,Z1,cache,28605.488777160645,0,2625d26b-4417-494a-81dd-fb81710d8418,2026-06-03 05:46:17.957122
processed,q3_density,Z5,cache,24485.912084579468,0,df957633-1ec2-4ed2-82d7-752633628aab,2026-06-03 05:46:17.959127
processed,q4_compare,Z3,cache,24337.199449539185,0,0212dc64-756e-481b-9539-e363ba76cc47,2026-06-03 05:46:17.960839
processed,q1_count,Z1,cache,24288.63549232483,0,6c053a9c-1c0e-4ee0-859f-38a46a3d1d6a,2026-06-03 05:46:17.962697
retry,q3_density,Z1,,0.0,1,2436cecb-39a1-4014-9fc0-e9f4fb60ef29,2026-06-03 05:46:17.963707
processed,q5_confidence_dist,Z2,cache,23838.494300842285,0,a1520ee5-3245-4de3-a7dd-901511d988b0,2026-06-03 05:46:17.964547
processed,q3_density,Z2,cache,27809.338331222534,0,6608b519-9a11-41fa-acea-9b00b2b774c9,2026-06-03 05:46:17.966028
processed,q1_count,Z4,cache,22784.969568252563,0,f2e6844b-8f24-44be-b373-a4b91754bcae,2026-06-03 05:46:17.966101
processed,q5_confidence_dist,Z3,cache,22886.935234069824,0,238ffe7f-0174-4a7c-bd95-79dc07521d18,2026-06-03 05:46:17.967891
processed,q3_density,Z1,cache,21832.11898803711,0,91f5d2a2-e333-46ec-80d1-e6ccf5a48bb5,2026-06-03 05:46:17.967935
processed,q1_count,Z2,cache,22286.15117073059,0,46a8a06e-6ad2-4a97-b19a-7969209e4124,2026-06-03 05:46:17.970715
processed,q4_compare,Z3,cache,21482.693910598755,0,522bd627-f691-425f-88b3-7e4d8ad90420,2026-06-03 05:46:17.970764
processed,q2_area,Z1,cache,19827.4188041687,0,3ca73e46-a150-438a-85bd-fcfd3fe36941,2026-06-03 05:46:17.972923
processed,q1_count,Z3,cache,21083.491563796997,0,0bd3e10b-8312-43c6-a72d-9c696c2595c9,2026-06-03 05:46:17.972953
processed,q5_confidence_dist,Z1,cache,20984.784841537476,0,3051175e-5f60-408d-a7d8-b19b34fbaff0,2026-06-03 05:46:17.974814
processed,q2_area,Z3,cache,18573.9483833313,0,4648bd8f-7cdb-4611-9e93-6e40b5aa081c,2026-06-03 05:46:17.974843
processed,q1_count,Z1,cache,18224.18713569641,0,55f29417-f369-43c2-9eec-a5b72fdd957b,2026-06-03 05:46:17.976167
processed,q5_confidence_dist,Z5,cache,17320.26720046997,0,e7704b5c-3494-45c5-b70d-f5b7f101dacf,2026-06-03 05:46:17.976781
processed,q5_confidence_dist,Z3,cache,17472.2421169281,0,810e44f2-d582-4cf8-97dc-b7068ae5f12f,2026-06-03 05:46:17.977713
processed,q4_compare,Z3,cache,15865.316390991211,0,245cc17d-ef08-420a-a64c-c5b95ca98207,2026-06-03 05:46:17.978555
processed,q4_compare,Z1,cache,17122.26963043213,0,2d4baccf-9f9e-4fc2-b234-061d0d829691,2026-06-03 05:46:17.979664
processed,q4_compare,Z2,cache,15264.3141746521,0,afeb5a34-b588-425f-a849-359c98f610f4,2026-06-03 05:46:17.979910
processed,q3_density,Z2,cache,17074.026107788086,0,1b738f37-a020-401d-80f1-bc2a07168d6f,2026-06-03 05:46:17.981377
processed,q5_confidence_dist,Z2,cache,14361.988544464111,0,61983848-7385-46d0-9df9-9941026226c2,2026-06-03 05:46:17.981433
processed,q2_area,Z1,cache,16472.580909729004,0,6ea2bd12-3b47-419d-934f-9cdadb70b035,2026-06-03 05:46:17.982901
processed,q2_area,Z2,cache,36871.88506126404,0,ac0ed2f2-6f3a-4d66-8747-f7b3f0377c62,2026-06-03 05:46:17.983352
processed,q5_confidence_dist,Z1,cache,16173.035860061646,0,19477183-db55-4802-b5c7-0ac19ab7af80,2026-06-03 05:46:17.984923
processed,q5_confidence_dist,Z1,cache,36421.60177230835,0,07b10166-6bac-42ce-b543-1a9098941d33,2026-06-03 05:46:17.984975
processed,q4_compare,Z3,cache,16024.102687835693,0,647cd5f4-4daf-4450-829e-2e1c66ac05c4,2026-06-03 05:46:17.986636
processed,q5_confidence_dist,Z4,cache,35167.18649864197,0,fcd80a51-77bd-47a8-9ce8-551d4a7ecec4,2026-06-03 05:46:17.986751
processed,q3_density,Z5,cache,12356.886863708496,0,c93fc849-6cb4-4835-8939-1d34b2ab57a7,2026-06-03 05:46:17.988036
processed,q5_confidence_dist,Z4,cache,35118.65282058716,0,6c51cd8e-e4d1-40ed-9cb4-08e3ee5d0f4e,2026-06-03 05:46:17.988066
processed,q3_density,Z5,cache,34717.74744987488,0,93de0362-2e56-465b-b9a3-abf309a27ada,2026-06-03 05:46:17.989407
processed,q2_area,Z4,cache,31604.678630828857,0,cb61f53b-83cf-4a8f-afb2-1e1886a2e9eb,2026-06-03 05:46:17.990651
processed,q5_confidence_dist,Z3,cache,31505.350351333618,0,08b17b5e-e583-47b5-87bb-6fdc09def82a,2026-06-03 05:46:17.991755
processed,q3_density,Z5,cache,28792.739391326904,0,92a0f6db-6510-498b-b6ee-58b5af2fcc4d,2026-06-03 05:46:17.992845
processed,q3_density,Z1,cache,28441.652297973633,0,a50e96a9-a07e-4395-8b35-32f204981498,2026-06-03 05:46:17.993958
processed,q3_density,Z2,cache,27990.055084228516,0,e41afd70-635e-429a-aa90-217eb15ececa,2026-06-03 05:46:17.995020
processed,q5_confidence_dist,Z2,cache,26733.866453170776,0,7b2d141b-6ffb-4581-9732-dcf65da1382b,2026-06-03 05:46:17.996467
processed,q3_density,Z3,cache,25831.093072891235,0,7728ec7f-2164-4118-80ea-2162875cddc0,2026-06-03 05:46:17.997619
processed,q4_compare,Z2,cache,23772.741079330444,0,1d28b875-4517-4cb8-a60c-a0775a484004,2026-06-03 05:46:17.998722
processed,q4_compare,Z1,generator,21468.05167198181,0,3b16ebf8-b135-4a1a-88b0-e86160a4409d,2026-06-03 05:46:18.005353
processed,q3_density,Z5,cache,21218.133687973022,0,74e90286-1538-46a4-b00f-222111cd0987,2026-06-03 05:46:18.006618
processed,q5_confidence_dist,Z1,cache,20867.76065826416,0,94e7e93d-6929-48b3-81fc-2a25c1190112,2026-06-03 05:46:18.007771
processed,q5_confidence_dist,Z5,cache,14439.8832321167,0,f78716da-1d23-4921-9c3d-1555d227f0c1,2026-06-03 05:46:18.008865
processed,q5_confidence_dist,Z3,cache,13838.06300163269,0,f10d82d3-8dc4-49c6-a8f5-b2f619f5a201,2026-06-03 05:46:18.010023
processed,q5_confidence_dist,Z2,cache,37051.037073135376,0,348e6cd2-c9b6-497d-8cf4-472ef287c477,2026-06-03 05:46:18.011169
processed,q5_confidence_dist,Z1,cache,36198.04763793945,0,54cbcf9a-7b20-47dd-9659-1c144696c756,2026-06-03 05:46:18.012593
processed,q4_compare,Z1,generator,35752.53200531006,0,af631df8-113b-4d82-b1f0-ab2cb45ec9de,2026-06-03 05:46:18.019251
processed,q4_compare,Z4,cache,34096.216917037964,0,604f377c-7ea0-442a-9b36-fa3cac69b336,2026-06-03 05:46:18.020649
processed,q1_count,Z1,cache,33394.081115722656,0,ed069022-8580-463f-9b57-e0f73cb65aff,2026-06-03 05:46:18.021768
processed,q3_density,Z5,cache,32139.38045501709,0,87b8503c-8791-4ea7-bb67-7463bfb400e1,2026-06-03 05:46:18.022869
processed,q5_confidence_dist,Z3,cache,30884.67836380005,0,6641f316-1742-4c9a-bcc2-69f1bc441ddf,2026-06-03 05:46:18.023979
processed,q2_area,Z5,cache,30835.559129714966,0,5169874f-0020-4c50-abcd-df5b7842979c,2026-06-03 05:46:18.025060
processed,q1_count,Z2,cache,29680.34553527832,0,cb5ff053-8fd6-49cc-bb03-a8394da5cb51,2026-06-03 05:46:18.026180
processed,q1_count,Z1,cache,28424.66449737549,0,1f016da6-9c5b-496c-ab61-26d97d295df1,2026-06-03 05:46:18.027602
processed,q3_density,Z3,cache,27722.187042236328,0,a8377341-fbb6-47bf-973a-24b9a4427c89,2026-06-03 05:46:18.029511
processed,q4_compare,Z5,cache,27474.84040260315,0,28619374-ead0-4d68-9940-cf3f5c5fc9b0,2026-06-03 05:46:18.033172
processed,q4_compare,Z4,cache,27023.577451705933,0,c0ef1924-ca45-467b-a9a3-1e91bed29376,2026-06-03 05:46:18.035129
processed,q1_count,Z4,cache,25367.605924606323,0,c1dbd5e3-d38d-4d41-87af-e219f1f8f466,2026-06-03 05:46:18.036902
processed,q5_confidence_dist,Z2,cache,24063.409328460693,0,8826c162-ea4d-4141-8c34-005c1020b9ae,2026-06-03 05:46:18.038813
processed,q3_density,Z4,generator,21456.35962486267,0,eaa12461-e798-4cc5-9794-4c11e2e5c842,2026-06-03 05:46:18.044264
processed,q2_area,Z3,cache,21005.945682525635,0,4c76b1a9-5f80-439e-afd0-c8fef5d058d1,2026-06-03 05:46:18.045609
processed,q4_compare,Z1,cache,20454.588890075684,0,690a88e5-cb3d-4511-a897-2f4fa49f36b9,2026-06-03 05:46:18.046751
processed,q2_area,Z1,cache,18848.366022109985,0,b3898a89-ee12-44f4-8c1f-9d092153d318,2026-06-03 05:46:18.047880
processed,q1_count,Z5,cache,16187.520503997803,0,9ad29438-34d3-4096-8c22-ddcb0f90fee7,2026-06-03 05:46:18.048977
processed,q1_count,Z4,cache,15184.095859527588,0,aa24dc32-7356-4427-9f2d-f0d08dd32a74,2026-06-03 05:46:18.050039
processed,q5_confidence_dist,Z1,cache,13678.033351898193,0,1a4966ed-eb26-4a69-8caf-1b1c7c92da81,2026-06-03 05:46:18.051136
processed,q4_compare,Z4,cache,37393.497705459595,0,ca45e3a0-11be-4637-b8f9-a719c6cefa8b,2026-06-03 05:46:18.052354
processed,q3_density,Z5,cache,36741.7688369751,0,0319792a-a0a8-4d9f-b859-a0a8f73e5c3b,2026-06-03 05:46:18.053682
processed,q2_area,Z4,cache,36692.829847335815,0,b52a6f10-5f25-4986-83a0-9078cba265f8,2026-06-03 05:46:18.055107
processed,q5_confidence_dist,Z5,cache,33127.11048126221,0,0fff4c0f-5cb6-44a1-93b7-469c1901ee73,2026-06-03 05:46:18.056225
processed,q2_area,Z5,cache,33078.0029296875,0,af560687-0be4-4ebe-b456-905c8764c7a7,2026-06-03 05:46:18.057281
processed,q1_count,Z2,cache,32426.01442337036,0,c841f121-f031-4a0c-9608-a4da89e318e7,2026-06-03 05:46:18.058585
processed,q4_compare,Z5,cache,29965.200424194336,0,e45d2481-b1fa-4ccd-8a24-016112cd0bbb,2026-06-03 05:46:18.059841
processed,q3_density,Z3,cache,29664.89601135254,0,9df0ffed-112d-4cdc-b8eb-7dc01ddd4298,2026-06-03 05:46:18.060973
processed,q2_area,Z3,cache,29414.703607559204,0,bad1967b-6771-47bf-b22c-dfb23ff1d153,2026-06-03 05:46:18.062000
processed,q2_area,Z3,cache,26449.222326278687,0,f74b04fc-a262-42d6-ac70-713ecbaf913f,2026-06-03 05:46:18.063160
processed,q3_density,Z1,cache,25546.338081359863,0,be557e88-aadd-4a77-aafd-7c11be5b44cd,2026-06-03 05:46:18.065102
processed,q1_count,Z2,cache,24292.445182800293,0,6d624237-dd8c-4e77-9093-a72c83afc145,2026-06-03 05:46:18.066978
processed,q1_count,Z3,cache,22636.221170425415,0,780ca6be-bb29-4b15-a58e-afdb2f417b20,2026-06-03 05:46:18.068312
processed,q5_confidence_dist,Z3,cache,22336.18426322937,0,a4322893-b10a-4a69-810e-d96deb2d0039,2026-06-03 05:46:18.070134
processed,q5_confidence_dist,Z2,cache,21785.434007644653,0,2ef1218c-c52c-46db-8b85-7abbd0f850c2,2026-06-03 05:46:18.071913
processed,q1_count,Z4,cache,21636.54065132141,0,dd8f7702-c90e-4b0c-a9fc-80d40827da5d,2026-06-03 05:46:18.073672
processed,q1_count,Z5,cache,20332.008361816406,0,e590e2e6-0659-4cb4-aa0f-49c523b09bd0,2026-06-03 05:46:18.075297
retry,q4_compare,Z1,,0.0,1,34796646-3737-4340-94ae-f01e53cb86ac,2026-06-03 05:46:18.397030
processed,q5_confidence_dist,Z2,cache,44570.34468650818,0,e6c7bcaf-9188-4219-b644-83f0b838eb20,2026-06-03 05:46:18.399508
processed,q1_count,Z3,cache,43919.56901550293,0,4570a382-e979-4713-84d3-b393c4ba4554,2026-06-03 05:46:18.401274
processed,q2_area,Z1,cache,43670.023918151855,0,17235d36-c90d-462d-bd88-940d06518d5f,2026-06-03 05:46:18.402499
processed,q1_count,Z5,cache,43470.33786773682,0,a8187c4e-ee86-43c5-9849-d9f4c2790cc4,2026-06-03 05:46:18.403627
processed,q5_confidence_dist,Z1,cache,41964.93601799011,0,fb90cb1a-fc9e-4189-837b-53c438dc9abb,2026-06-03 05:46:18.404741
processed,q1_count,Z5,cache,41714.98441696167,0,98770626-51f7-47d8-9535-dea3d7055b34,2026-06-03 05:46:18.405855
processed,q2_area,Z2,cache,39857.62524604797,0,1d17257f-04b9-499a-80f4-d2e1b46f08cb,2026-06-03 05:46:18.406946
processed,q5_confidence_dist,Z1,cache,38502.81476974487,0,09a6bbf5-363b-4e2d-b276-9e20b2e054f1,2026-06-03 05:46:18.408045
processed,q4_compare,Z5,cache,38051.913022994995,0,220815cf-6a6f-4902-ab87-967b4aa0fdc2,2026-06-03 05:46:18.409446
retry,q4_compare,Z3,,0.0,1,bedefd5d-f08f-424f-bdef-ac7ae47261e4,2026-06-03 05:46:18.492603
processed,q3_density,Z3,cache,11004.585027694702,0,c235ed62-619e-43f9-aa17-89b27e40709a,2026-06-03 05:46:18.494183
processed,q1_count,Z2,cache,36279.23393249512,0,5ca44c7a-8a9e-4a3a-af3d-ef3689417058,2026-06-03 05:46:18.495430
processed,q2_area,Z3,cache,36179.91542816162,0,606e0044-0a77-47cb-a871-35481ceb01c3,2026-06-03 05:46:18.496580
processed,q5_confidence_dist,Z1,cache,35427.3099899292,0,03ad9d17-b53f-421d-b537-cd29e78def8d,2026-06-03 05:46:18.497756
processed,q5_confidence_dist,Z5,cache,34725.26931762695,0,f38f9243-45b2-4f1c-b315-ca93c6071783,2026-06-03 05:46:18.499048
processed,q5_confidence_dist,Z5,cache,34676.30457878113,0,ac58f073-e38b-43a8-8a68-8ddb9d42c28a,2026-06-03 05:46:18.500474
processed,q2_area,Z4,cache,33170.54724693298,0,791050aa-dff2-4bc8-a17b-19c31765ce35,2026-06-03 05:46:18.501838
processed,q5_confidence_dist,Z5,cache,32920.81308364868,0,6a7a5c0d-d9a7-49eb-b854-367e20aa8de3,2026-06-03 05:46:18.503235
processed,q3_density,Z3,cache,29052.669763565063,0,bbf06167-0647-4196-a4be-69f294127394,2026-06-03 05:46:18.504758
processed,q1_count,Z2,cache,28098.54507446289,0,950e3c0e-711d-41dd-8034-2e599d8ec571,2026-06-03 05:46:18.505947
processed,q4_compare,Z4,generator,25191.443920135498,0,351b0b29-7151-493c-a943-92d2da46fb8b,2026-06-03 05:46:18.514199
processed,q1_count,Z2,cache,23688.234329223633,0,e038afc9-9055-485e-8b66-bdfca8398f75,2026-06-03 05:46:18.517607
processed,q5_confidence_dist,Z3,cache,23388.280630111694,0,9869b32b-4f2d-41c8-b0f2-abef56063e92,2026-06-03 05:46:18.518951
processed,q1_count,Z1,cache,22485.177755355835,0,fc95821f-bf4f-4070-89cf-68159d1d3445,2026-06-03 05:46:18.520375
processed,q1_count,Z1,cache,21281.139850616455,0,f6dba302-a926-4f64-af56-04c66fb087de,2026-06-03 05:46:18.521588
processed,q5_confidence_dist,Z5,cache,21232.102632522583,0,b841c489-aee0-4720-a4d0-480b787fb6d7,2026-06-03 05:46:18.522843
processed,q2_area,Z4,cache,20429.380416870117,0,f3bedafb-1a79-4061-ab54-e17275bf76e0,2026-06-03 05:46:18.523991
processed,q2_area,Z4,cache,18974.140167236328,0,054a2d3b-f6c5-43c9-8ad4-6b7bc01d075e,2026-06-03 05:46:18.525288
processed,q5_confidence_dist,Z3,cache,17920.802116394043,0,6911219c-5e68-46a9-a8f7-390b407beb96,2026-06-03 05:46:18.527096
processed,q2_area,Z1,cache,15360.98575592041,0,d3ec67fb-a7e1-47e5-b958-1b70609f0a3e,2026-06-03 05:46:18.528428
processed,q2_area,Z2,cache,12546.720266342163,0,c7517a20-b8aa-4d6c-a50e-d199d6e855f1,2026-06-03 05:46:18.529867
processed,q4_compare,Z4,cache,34456.032276153564,0,ea887f62-c842-4d06-aacc-741a8613f11e,2026-06-03 05:46:18.531051
processed,q1_count,Z2,cache,34406.991720199585,0,a4481979-e563-407e-a72f-e4d5dc3b01d5,2026-06-03 05:46:18.532235
processed,q3_density,Z1,generator,33807.809352874756,0,b7a84018-d502-45b3-97de-ba90b9e13540,2026-06-03 05:46:18.536318
processed,q4_compare,Z1,cache,33507.92670249939,0,eb6f4546-747e-40f3-8ee9-88bb5f388fbf,2026-06-03 05:46:18.537653
processed,q5_confidence_dist,Z3,cache,33358.423709869385,0,bc51c236-a5a6-4809-b72d-6e1a33645c79,2026-06-03 05:46:18.538881
processed,q1_count,Z4,cache,32857.43498802185,0,59209cb8-cc4b-4d5d-823c-6785c0e755ed,2026-06-03 05:46:18.540260
processed,q5_confidence_dist,Z2,cache,31753.702878952026,0,dee6bf6e-84f4-4957-878e-5af645325ddd,2026-06-03 05:46:18.541860
processed,q3_density,Z5,cache,30046.66566848755,0,3714773f-d065-45b4-acff-c21fd5ac8f56,2026-06-03 05:46:18.544400
processed,q4_compare,Z1,cache,29396.081686019897,0,06d95c14-1a2b-45dd-a1c7-d9d8a26b286e,2026-06-03 05:46:18.546688
retry,q4_compare,Z4,,0.0,1,806e2388-e6dc-4364-b21e-f4b92f7ec746,2026-06-03 05:46:18.580386
processed,q3_density,Z4,cache,18528.5964012146,0,c31dfe3e-6df6-44fe-a3a4-02a0374fbb1d,2026-06-03 05:46:18.581930
processed,q5_confidence_dist,Z4,cache,18429.53610420227,0,3b102f21-d289-46a4-8466-ec54ee2f9ee7,2026-06-03 05:46:18.583104
processed,q3_density,Z5,cache,16823.168516159058,0,c70965fd-823d-4fed-aa5c-e9060064d282,2026-06-03 05:46:18.584363
processed,q1_count,Z5,cache,16573.326349258423,0,cb38a058-64f0-4f73-bf9b-b4fec062ab9c,2026-06-03 05:46:18.585509
processed,q2_area,Z4,cache,16524.31035041809,0,b089daa0-f293-4980-ad05-4b5d6a49a222,2026-06-03 05:46:18.587019
processed,q3_density,Z1,cache,16224.305629730225,0,dabedbb8-fb85-4171-a497-9b40ddb7be03,2026-06-03 05:46:18.588400
processed,q1_count,Z3,cache,14065.486192703247,0,2e20be28-cb8d-4dd0-9c3e-10fabacc6cdd,2026-06-03 05:46:18.589517
processed,q1_count,Z3,cache,71842.8385257721,0,e9c62996-4aaf-499f-a877-13a9eabe570d,2026-06-03 05:46:18.590853
processed,q5_confidence_dist,Z4,cache,71492.08879470825,0,bfe8f29b-12b5-40c5-b01c-150383e57348,2026-06-03 05:46:18.592185
processed,q5_confidence_dist,Z4,cache,70086.28463745117,0,18517280-01f2-4e75-ab5b-0492e63d24cc,2026-06-03 05:46:18.593582
processed,q2_area,Z5,cache,69334.14363861084,0,8c07026b-aa0a-4649-9b3e-b854c514ef4b,2026-06-03 05:46:18.594851
processed,q2_area,Z4,cache,65866.44577980042,0,9d94910b-1cd2-408d-bc7f-4fa31c53f5d4,2026-06-03 05:46:18.596016
processed,q5_confidence_dist,Z5,cache,65365.21911621094,0,bc6ed818-087f-4714-9ee5-c1d85287049f,2026-06-03 05:46:18.597410
processed,q4_compare,Z3,cache,64361.91129684448,0,5c2b9f31-d270-4221-833e-c279597ddcba,2026-06-03 05:46:18.598754
processed,q5_confidence_dist,Z1,cache,63308.36772918701,0,c2e3b885-1e29-4472-9d9d-187c11f48a03,2026-06-03 05:46:18.600114
retry,q1_count,Z2,,0.0,1,c7f5ad2f-e4fa-4e30-9553-ff480eb68967,2026-06-03 05:46:18.913572
processed,q4_compare,Z4,cache,37150.877714157104,0,c7c2e0b7-7151-4b3c-9ea9-7ef98ffbe24c,2026-06-03 05:46:18.915379
processed,q3_density,Z2,cache,36750.736713409424,0,0fd47c2e-e388-4367-8554-375e7cea6290,2026-06-03 05:46:18.916912
processed,q5_confidence_dist,Z3,cache,34642.04692840576,0,98cef123-4a88-4fb7-8fef-d491747c1dd0,2026-06-03 05:46:18.918144
processed,q5_confidence_dist,Z4,cache,32834.76638793945,0,f55ed3fb-11f7-44d0-9847-c127a6b26ab7,2026-06-03 05:46:18.919231
processed,q1_count,Z2,cache,30725.311994552612,0,4184f7e8-db45-4a66-be21-57eb1731efe7,2026-06-03 05:46:18.920299
processed,q2_area,Z2,cache,29821.93946838379,0,bdbed0b4-7c50-4d19-a6f5-ff2aef4ee6f7,2026-06-03 05:46:18.921367
processed,q5_confidence_dist,Z5,cache,27157.886743545532,0,f0c9cd17-276d-4a39-835e-77af16f0f21d,2026-06-03 05:46:18.922795
processed,q2_area,Z5,cache,27058.85410308838,0,adf0e4f4-f86d-43ff-ad08-e3cdc1e30163,2026-06-03 05:46:18.924134
processed,q3_density,Z1,generator,60170.34387588501,1,7532055d-318f-4051-8916-1702c64adbe7,2026-06-03 05:46:18.928870
recovered,q3_density,Z1,generator,60170.34387588501,1,7532055d-318f-4051-8916-1702c64adbe7,2026-06-03 05:46:18.929982
processed,q2_area,Z3,cache,80072.65138626099,1,1027c4bc-763b-4015-9a27-ada7438a77cd,2026-06-03 05:46:18.931148
processed,q1_count,Z1,cache,50579.749584198,1,865ad9c8-3978-4804-ae6f-fb67b06b4353,2026-06-03 05:46:18.932565
processed,q1_count,Z2,cache,56859.74740982056,1,001099b9-8303-4fa3-a7ce-e6c0777364ac,2026-06-03 05:46:18.933949
processed,q2_area,Z4,generator,69878.9758682251,2,b5de074b-852d-456a-b006-aa7a738490ae,2026-06-03 05:46:18.939036
recovered,q2_area,Z4,generator,69878.9758682251,2,b5de074b-852d-456a-b006-aa7a738490ae,2026-06-03 05:46:18.940519
processed,q1_count,Z5,cache,91092.04053878784,1,ec128581-9c0b-4c52-840a-d937c817cf35,2026-06-03 05:46:18.942455
processed,q4_compare,Z3,cache,54056.73408508301,1,58b9c9bb-026c-422d-96dd-90a134414365,2026-06-03 05:46:18.944317
retry,q1_count,Z5,,0.0,1,e04e1839-d92d-480a-acbd-32083e797217,2026-06-03 05:46:19.051946
processed,q5_confidence_dist,Z1,cache,26434.680938720703,0,56acd6da-5a1d-495b-959f-e74250f2fe84,2026-06-03 05:46:19.054161
processed,q3_density,Z3,cache,25783.713817596436,0,ea9e198b-2199-44c5-b03d-9a93e72606f3,2026-06-03 05:46:19.055877
processed,q2_area,Z5,cache,25232.893705368042,0,0ad4062c-5eaa-402e-a39b-dd698595a095,2026-06-03 05:46:19.057437
processed,q3_density,Z3,cache,23174.510955810547,0,b9073736-c45d-4e7c-b150-91678c8c8a2e,2026-06-03 05:46:19.058746
processed,q5_confidence_dist,Z3,cache,22723.719596862793,0,b0b56fc7-97d8-4c17-abbe-8496de8b064c,2026-06-03 05:46:19.060217
processed,q4_compare,Z2,generator,20872.403860092163,0,daf2ba09-5580-4866-9f66-93a5df63cba3,2026-06-03 05:46:19.068249
processed,q5_confidence_dist,Z3,cache,19116.819620132446,0,647bc74e-dfc3-44fc-8b2f-224c08266ae6,2026-06-03 05:46:19.069810
processed,q1_count,Z1,cache,16305.405139923096,0,0affeacc-948f-47be-8032-1ef88b94318f,2026-06-03 05:46:19.071195
processed,q5_confidence_dist,Z5,cache,15955.241441726685,0,54d887ae-d87f-46e8-baea-8a976a3e5ec1,2026-06-03 05:46:19.072500
processed,q2_area,Z1,cache,12789.373397827148,0,ad9cb3ec-8077-42a6-a591-287926c26740,2026-06-03 05:46:19.073782
processed,q1_count,Z1,cache,12188.060998916626,0,23078ba7-ca4b-4d34-bceb-d0101b16a39d,2026-06-03 05:46:19.075066
processed,q3_density,Z1,cache,36156.609535217285,0,7fa5edc7-1a35-4de8-b61e-06af86da82f1,2026-06-03 05:46:19.076388
processed,q5_confidence_dist,Z4,cache,34499.99260902405,0,c3c4003b-9da7-434a-bb76-08a0578fe62d,2026-06-03 05:46:19.077694
processed,q1_count,Z2,cache,33597.0253944397,0,de36f11b-4e9b-4d18-b9db-b4b604b6afc3,2026-06-03 05:46:19.078947
processed,q4_compare,Z1,cache,33246.91367149353,0,b0fc7240-e0cb-4f39-8519-840f1844cf11,2026-06-03 05:46:19.080287
processed,q1_count,Z3,cache,32494.550943374634,0,a9b21a61-c8a6-4272-b501-f0037f290bf5,2026-06-03 05:46:19.081729
processed,q2_area,Z2,cache,29782.41515159607,0,7f795502-02de-4d98-96e3-5d4a53b21908,2026-06-03 05:46:19.083735
processed,q5_confidence_dist,Z2,cache,29180.683851242065,0,1614a1f3-9bca-448b-ae26-c991146b7a7b,2026-06-03 05:46:19.085624
processed,q1_count,Z1,cache,27372.626781463623,0,37a048f9-279f-4c7b-ba6d-2cda2aaa2ce5,2026-06-03 05:46:19.087530
processed,q5_confidence_dist,Z3,cache,27274.027347564697,0,3ae3e55e-d6c5-4776-a56c-4f8eeb7fc559,2026-06-03 05:46:19.089349
processed,q3_density,Z4,cache,25668.27917098999,0,aae60c0a-7252-4948-9d87-1d305038ac4d,2026-06-03 05:46:19.091237
processed,q3_density,Z4,cache,25569.660186767578,0,73a945bf-19ec-4118-845f-e21deb196530,2026-06-03 05:46:19.092631
processed,q2_area,Z3,cache,23461.020708084106,0,6c69254c-171a-4371-887d-ae888b827175,2026-06-03 05:46:19.094371
processed,q2_area,Z1,cache,19946.424961090088,0,629affe1-5530-40c3-9f9d-17f9bd6afee8,2026-06-03 05:46:19.096174
processed,q4_compare,Z4,cache,15779.576778411865,0,aa6941fc-7416-4058-a576-3adb782a4486,2026-06-03 05:46:19.098072
processed,q2_area,Z1,cache,15128.40723991394,0,92329140-ed41-47c7-9aa0-17a0cb2b79f2,2026-06-03 05:46:19.099932
processed,q5_confidence_dist,Z3,cache,11461.250066757202,0,c44025d2-7a22-47a6-add8-84e4c7e7ea79,2026-06-03 05:46:19.101769
processed,q5_confidence_dist,Z1,cache,11111.599683761597,0,e7f05aa3-b349-41bb-8867-522e159db2df,2026-06-03 05:46:19.104015
retry,q1_count,Z4,,0.0,1,616562b8-d930-4d99-9133-fa253863d431,2026-06-03 05:46:19.104052
processed,q3_density,Z3,cache,61854.185342788696,0,cca1cff2-8d2b-4cd4-8a8e-718d8191d788,2026-06-03 05:46:19.105488
processed,q4_compare,Z1,cache,80601.49550437927,0,0f73f6de-f351-41b5-b0d4-3fd1b817326a,2026-06-03 05:46:19.106124
processed,q3_density,Z5,cache,60800.599336624146,0,be259b2d-61a8-44b2-836b-3782ded4ca78,2026-06-03 05:46:19.106993
processed,q3_density,Z2,cache,78439.33296203613,0,57c441f4-22b3-4611-917b-b7eb9934cbb9,2026-06-03 05:46:19.107471
processed,q4_compare,Z1,cache,58741.92261695862,0,3408ec39-382e-4023-94c5-932e78f6126d,2026-06-03 05:46:19.108321
processed,q3_density,Z2,cache,58692.90471076965,0,fa8a10b9-bf18-4506-a1c5-bb9f8786a7e8,2026-06-03 05:46:19.109604
processed,q4_compare,Z3,cache,78241.65916442871,0,69351178-acf1-4fbc-a675-4ff1e4ff2c7d,2026-06-03 05:46:19.111016
processed,q5_confidence_dist,Z4,cache,58493.23868751526,0,07e5d9dd-f45a-462e-b167-30f2c2e17932,2026-06-03 05:46:19.111093
processed,q5_confidence_dist,Z4,cache,78042.59061813354,0,c4580250-e344-4215-8015-bb54d8a0c81d,2026-06-03 05:46:19.112561
processed,q3_density,Z5,cache,74377.10404396057,0,13bb371f-b887-45d9-9739-56c7607aac4a,2026-06-03 05:46:19.113731
processed,q2_area,Z2,cache,57994.55118179321,0,08e5ed66-aa32-490a-aa09-6bf1931dd33c,2026-06-03 05:46:19.114854
processed,q2_area,Z4,cache,73373.09122085571,0,c42f5bcf-ae1e-4d2d-a041-0334012cbbb3,2026-06-03 05:46:19.115126
processed,q5_confidence_dist,Z2,cache,56540.008783340454,0,c9e2b33c-a71a-4725-915c-76233b29f664,2026-06-03 05:46:19.117002
processed,q2_area,Z1,cache,71463.39344978333,0,ff435e0e-d703-4cb1-9a03-dbb39ba2b170,2026-06-03 05:46:19.117037
processed,q1_count,Z2,cache,71314.42594528198,0,bff689f0-d99f-44a8-97f6-a0384a020e5e,2026-06-03 05:46:19.118762
processed,q2_area,Z5,cache,55386.51084899902,0,5e1a43a5-c46b-400a-b9d2-e350c4837281,2026-06-03 05:46:19.118792
processed,q2_area,Z2,cache,70562.5638961792,0,7855f734-829f-4718-9017-7950e545e8f5,2026-06-03 05:46:19.120166
processed,q4_compare,Z2,cache,54584.69343185425,0,8da4a9d8-8cb2-4899-90b6-0d5f60ab9a7c,2026-06-03 05:46:19.120193
processed,q4_compare,Z5,cache,70312.74652481079,0,fd10fab3-89ec-4e0e-b6ac-da5a57b7ef05,2026-06-03 05:46:19.121577
processed,q2_area,Z2,cache,49764.53113555908,0,dceffb2e-dfdb-42f5-b376-d91691ec6b77,2026-06-03 05:46:19.121606
processed,q2_area,Z5,cache,45796.55885696411,0,0cf0f6fb-971b-471c-93ac-5a1c9c9d85d9,2026-06-03 05:46:19.123179
processed,q1_count,Z4,cache,66795.41397094727,0,829b6d0d-6ead-42ee-aaea-c1c9d4804ff1,2026-06-03 05:46:19.123211
processed,q2_area,Z3,cache,45647.59039878845,0,148494db-0f36-43b7-b303-f689ab8732c5,2026-06-03 05:46:19.124734
processed,q4_compare,Z4,cache,65440.5243396759,0,774bba22-ea94-4ccf-8cee-7ebdff193037,2026-06-03 05:46:19.124763
processed,q3_density,Z4,cache,63532.93180465698,0,245dd41b-7e82-432f-9420-1364e98e963c,2026-06-03 05:46:19.126437
processed,q4_compare,Z4,cache,42384.82761383057,0,37e5af44-34b6-4d7f-b8d4-2efdb21e1f5e,2026-06-03 05:46:19.126475
processed,q5_confidence_dist,Z5,cache,62328.62305641174,0,d8e0bbfe-79c3-4a13-ae2c-05b513677640,2026-06-03 05:46:19.128018
processed,q2_area,Z4,cache,40227.02217102051,0,b4f7d06a-5c77-4e24-84bf-a3daba48ffb4,2026-06-03 05:46:19.128896
processed,q2_area,Z3,cache,61074.58424568176,0,8414382a-1c26-4f13-8c0f-3187768f91e3,2026-06-03 05:46:19.129786
processed,q2_area,Z1,cache,58463.143825531006,0,316f7d66-9fab-4884-893c-a2080173a022,2026-06-03 05:46:19.131622
processed,q3_density,Z1,cache,56707.21673965454,0,1770636d-497a-43eb-8082-375ad17363de,2026-06-03 05:46:19.133338
processed,q4_compare,Z3,cache,55804.55255508423,0,c6b1f88d-79e2-4b47-a783-2dc51a1bac46,2026-06-03 05:46:19.134543
processed,q3_density,Z5,cache,54750.9708404541,0,1ed39f0a-b055-4462-99f9-c818510e82d5,2026-06-03 05:46:19.135631
processed,q2_area,Z1,cache,54199.64241981506,0,86d50e44-3170-4d7e-9f92-82956f45121d,2026-06-03 05:46:19.136687
processed,q2_area,Z2,cache,53296.74577713013,0,a053a5e6-7b7f-4085-b0ec-304462d1c94f,2026-06-03 05:46:19.137966
processed,q5_confidence_dist,Z3,cache,52795.71342468262,0,6e689483-8aaa-4384-8ec4-2b7a8dd14fb6,2026-06-03 05:46:19.139241
processed,q1_count,Z2,cache,52495.62907218933,0,5787b989-9317-4a7f-a2ff-f3b095420a30,2026-06-03 05:46:19.140274
processed,q1_count,Z3,cache,51442.03567504883,0,068d5305-2e15-44b7-83bc-a7ffb4040c84,2026-06-03 05:46:19.141265
processed,q2_area,Z2,cache,48881.447076797485,0,bbfa21d2-2b23-4f3f-81a3-05ee340fa724,2026-06-03 05:46:19.142309
processed,q2_area,Z2,cache,46168.92862319946,0,029d4ff9-54cd-4653-a9f6-524e11ed9913,2026-06-03 05:46:19.144117
processed,q2_area,Z1,cache,45869.253158569336,0,adbe54ac-4731-4b6c-99dc-d0ff4b99a604,2026-06-03 05:46:19.145448
processed,q3_density,Z4,cache,45267.953872680664,0,2f8aab06-4d4a-4b4f-a349-68be3eec1f53,2026-06-03 05:46:19.146749
processed,q3_density,Z4,cache,43963.44041824341,0,9dba9e8e-de04-4da7-bc78-96d8a469b042,2026-06-03 05:46:19.148158
processed,q5_confidence_dist,Z4,cache,43864.41898345947,0,39b5a565-1016-4d62-988c-7ca818a324d7,2026-06-03 05:46:19.149634
processed,q2_area,Z4,cache,43263.2200717926,0,338c3bcb-6fab-4d86-92c9-cb60a6f2f486,2026-06-03 05:46:19.150918
processed,q1_count,Z5,cache,40502.22158432007,0,3c7b25d3-3b8b-41e6-8027-33d006314238,2026-06-03 05:46:19.152216
processed,q3_density,Z2,cache,40202.16464996338,0,db514a02-dcb3-4af5-bb0d-ec4330534d33,2026-06-03 05:46:19.153465
processed,q2_area,Z2,cache,40002.556562423706,0,34c31905-e423-443c-af36-a7779e5e784e,2026-06-03 05:46:19.154698
processed,q3_density,Z5,cache,39652.249574661255,0,0e7d7e65-2bfe-40ad-a7a5-3afc0ec40fb8,2026-06-03 05:46:19.155784
processed,q3_density,Z1,cache,38900.07305145264,0,bf804149-9c03-4c0b-8d92-fcd9e8ee8a12,2026-06-03 05:46:19.156819
processed,q3_density,Z3,cache,36690.57106971741,0,15e39cfd-80a8-41a2-8379-b540f5c129dc,2026-06-03 05:46:19.157823
processed,q5_confidence_dist,Z4,cache,35736.76300048828,0,2ee2033b-99aa-411d-92f8-5e1e3177c2f4,2026-06-03 05:46:19.159145
processed,q2_area,Z4,cache,35587.4559879303,0,dd21d53b-6508-42da-b750-e2fa156e1ca8,2026-06-03 05:46:19.160455
processed,q5_confidence_dist,Z1,cache,34483.58392715454,0,db47682d-ea4a-4de9-b5ae-e84efce51f4a,2026-06-03 05:46:19.161713
processed,q2_area,Z5,cache,32927.582025527954,0,f1710d01-dac8-4b6c-9f16-5655366b861b,2026-06-03 05:46:19.162975
processed,q2_area,Z1,cache,29762.693166732788,0,bd2d92a1-5e4a-4a92-adc2-52b38f2d6d94,2026-06-03 05:46:19.164391
processed,q3_density,Z3,cache,28506.701946258545,0,13876089-d981-4298-9f23-a5e2d0e4b230,2026-06-03 05:46:19.165808
processed,q2_area,Z3,cache,28457.770109176636,0,93a33fc6-6ff0-460a-b474-4ba120f0cc40,2026-06-03 05:46:19.166902
processed,q3_density,Z3,cache,27755.04779815674,0,b5cb6119-8dba-44ab-9c86-ac1899e26e0d,2026-06-03 05:46:19.167950
processed,q2_area,Z2,cache,27203.52339744568,0,9bace62d-5d79-440e-a795-ace25fcf48ea,2026-06-03 05:46:19.168989
processed,q3_density,Z3,cache,26149.669885635376,0,f4d1fa63-fb90-4aee-96ca-dd33535443ac,2026-06-03 05:46:19.169975
processed,q4_compare,Z1,cache,26100.40545463562,0,e861ab4b-9d7a-4b45-a77b-6f3633b7001f,2026-06-03 05:46:19.170978
processed,q5_confidence_dist,Z2,cache,25247.410774230957,0,19af5419-1826-4366-a857-f1a75d0a5881,2026-06-03 05:46:19.172025
processed,q3_density,Z1,cache,24846.515655517578,0,8f8d439b-12e3-4d18-88e9-12c20e38aad2,2026-06-03 05:46:19.173044
processed,q5_confidence_dist,Z2,cache,24294.909715652466,0,7d67b7e3-f356-489e-ba73-a1168b059681,2026-06-03 05:46:19.174305
processed,q3_density,Z3,cache,21734.047651290894,0,9702ff89-54ef-4984-80fb-46431b161275,2026-06-03 05:46:19.175597
processed,q2_area,Z1,cache,21134.25302505493,0,612eedb3-42ee-4a58-8921-201203dd1d1b,2026-06-03 05:46:19.179035
processed,q4_compare,Z4,cache,20935.007095336914,0,c189d773-385a-401b-ab28-0bdd805ea159,2026-06-03 05:46:19.180372
processed,q2_area,Z3,cache,20635.064840316772,0,73068489-42f5-45a1-b8b2-1ea51f1aa416,2026-06-03 05:46:19.181882
processed,q3_density,Z4,cache,20535.941123962402,0,6e7d1fb0-8d63-4734-a32f-24d53851b960,2026-06-03 05:46:19.183114
processed,q2_area,Z5,cache,20185.60004234314,0,51e85982-9938-4856-8a40-f90cc4c4dcf7,2026-06-03 05:46:19.184616
processed,q1_count,Z1,cache,17474.89023208618,0,6bd418c5-039e-43d9-9fa7-8c878523c5bf,2026-06-03 05:46:19.185788
processed,q1_count,Z5,cache,16220.457315444946,0,51fba613-fb91-467b-894b-c6516eabdbbe,2026-06-03 05:46:19.186827
processed,q4_compare,Z5,cache,15819.766283035278,0,29668921-a816-4084-86d5-03ca65893732,2026-06-03 05:46:19.187984
processed,q2_area,Z2,cache,14464.165449142456,0,0117f1fc-a4f5-489f-9437-af4f69a97d38,2026-06-03 05:46:19.190003
processed,q5_confidence_dist,Z2,cache,14113.865613937378,0,2a0d6643-17e3-4624-b071-4684b0083245,2026-06-03 05:46:19.191887
processed,q5_confidence_dist,Z1,cache,14015.107154846191,0,08d190e4-ee6c-4d61-9ab9-3da9a2f71506,2026-06-03 05:46:19.193617
processed,q3_density,Z5,cache,12358.384847640991,0,61ecbc1e-44ec-4135-a11a-1dbf2a7107d1,2026-06-03 05:46:19.195566
processed,q4_compare,Z2,cache,11858.115911483765,0,56943248-10e9-43aa-9712-2f8616a41053,2026-06-03 05:46:19.196933
processed,q3_density,Z5,cache,78078.40394973755,0,36673655-85d9-44fc-b574-b55baa5c89f5,2026-06-03 05:46:19.198843
processed,q1_count,Z5,cache,76472.92280197144,0,de071e9c-845f-41ad-89b1-8d5313ec2d47,2026-06-03 05:46:19.200725
processed,q4_compare,Z5,cache,76424.54838752747,0,12d85f87-735c-4ba9-b3be-e1c50401dd3c,2026-06-03 05:46:19.202574
processed,q1_count,Z3,cache,75924.12495613098,0,f84a64c3-cb79-4df8-a7db-5e13d3b3baa3,2026-06-03 05:46:19.204176
processed,q2_area,Z1,cache,74971.35305404663,0,bb1201d4-9b50-4022-b7fe-713eb57e2b2f,2026-06-03 05:46:19.206124
processed,q1_count,Z5,cache,73968.30129623413,0,876792e1-7973-4479-9c13-c526e4ad9843,2026-06-03 05:46:19.208128
processed,q1_count,Z2,generator,70455.45864105225,0,3040c661-fd85-4193-ba2b-6a0016a26cbb,2026-06-03 05:46:19.214049
processed,q1_count,Z4,cache,67943.17746162415,0,8acb204d-3aca-4dc2-9da8-63e2daf25b07,2026-06-03 05:46:19.216171
processed,q3_density,Z3,cache,66538.24043273926,0,3c7b90f8-c8dc-4f36-85d4-fa547236c7a3,2026-06-03 05:46:19.218031
processed,q1_count,Z5,cache,66389.31560516357,0,b1761f7f-605a-4a9c-af5f-04a2249a506d,2026-06-03 05:46:19.219934
processed,q5_confidence_dist,Z2,cache,64582.88550376892,0,29fe427f-1e9d-47a2-b396-6c417c54f788,2026-06-03 05:46:19.221923
processed,q3_density,Z1,cache,64484.35997962952,0,c1897fd2-6511-4681-b516-99174a1e847a,2026-06-03 05:46:19.223723
processed,q2_area,Z1,cache,63531.511545181274,0,b7c1693b-0b88-47b2-8338-ab65ba60fda3,2026-06-03 05:46:19.225679
processed,q2_area,Z1,cache,62980.78942298889,0,1bf3daa0-c4f6-468f-9b01-9678aad5ba4b,2026-06-03 05:46:19.227576
processed,q3_density,Z5,cache,60219.359159469604,0,ea2780dc-2c8c-43cc-b772-a20a332e0dd7,2026-06-03 05:46:19.229456
processed,q4_compare,Z5,generator,58516.45612716675,0,430dfb22-1aa4-40a3-8c38-f5dfb4107b16,2026-06-03 05:46:19.234732
processed,q5_confidence_dist,Z2,cache,57865.43941497803,0,d944d6ee-aa4a-498d-a4da-f17f13d78aeb,2026-06-03 05:46:19.236839
processed,q1_count,Z4,cache,57817.15798377991,0,8a0e6727-bb51-4f4f-944a-8fb01e6493cc,2026-06-03 05:46:19.238706
processed,q3_density,Z3,cache,54905.58576583862,0,4ae05dd2-1fc4-4b92-afe5-08b05ca80fef,2026-06-03 05:46:19.240492
processed,q3_density,Z5,cache,54254.52446937561,0,5dbbee48-9a8e-4d24-82f4-6ff11e8292a7,2026-06-03 05:46:19.242371
processed,q2_area,Z1,cache,53603.62362861633,0,655bbfe0-4b3b-4222-96f1-c11f6a3957d1,2026-06-03 05:46:19.244099
processed,q4_compare,Z1,cache,52449.984073638916,0,c3ed4e11-e090-4d75-ac69-d97e24429ccf,2026-06-03 05:46:19.245417
processed,q4_compare,Z5,generator,51101.8180847168,0,b01d491e-3698-40fd-ba04-66be69101c9f,2026-06-03 05:46:19.253478
processed,q5_confidence_dist,Z1,cache,50601.15361213684,0,341d8c8e-225c-4404-9970-e8b1b68fbf0b,2026-06-03 05:46:19.255657
processed,q2_area,Z1,cache,50552.908182144165,0,0e7a7f38-ef76-4597-8e15-4c50e3e6bfcd,2026-06-03 05:46:19.257485
processed,q4_compare,Z2,cache,46736.334800720215,0,0fdfbfb5-041a-4146-bca8-b81acd4d871f,2026-06-03 05:46:19.259358
processed,q5_confidence_dist,Z2,cache,46386.39855384827,0,d31e6ad1-d5c5-48f6-9597-2f82fd901100,2026-06-03 05:46:19.260850
processed,q2_area,Z5,cache,43826.42483711243,0,4e04233c-5681-46b8-9e51-4534bb2f4e9f,2026-06-03 05:46:19.262015
processed,q4_compare,Z5,cache,43626.66869163513,0,070ba0c2-1a57-4e92-8f4a-b863c142fb47,2026-06-03 05:46:19.263153
processed,q1_count,Z2,cache,43226.171016693115,0,c61b43fc-e3a4-4531-8ee7-1227575547cb,2026-06-03 05:46:19.264316
retry,q4_compare,Z5,,0.0,1,1259b8cd-47cc-4b7e-9cba-5de4df87363e,2026-06-03 05:46:19.633651
processed,q4_compare,Z1,cache,38373.50034713745,0,b1ca7532-5fad-41b3-af0c-67ae7f329cff,2026-06-03 05:46:19.635142
processed,q5_confidence_dist,Z2,cache,34506.171464920044,0,c776ca4a-91c7-4bac-9a0a-68ef6e975c9b,2026-06-03 05:46:19.636251
processed,q4_compare,Z2,cache,34406.74686431885,0,35382c0b-5435-4260-8b46-d07f724de936,2026-06-03 05:46:19.637272
processed,q1_count,Z4,cache,30589.197635650635,0,0791937d-4c67-497a-bd56-ba5d7e626870,2026-06-03 05:46:19.638273
processed,q2_area,Z3,generator,29033.426761627197,0,d14361bb-5161-4321-a597-14cf3ccadd10,2026-06-03 05:46:19.641956
processed,q5_confidence_dist,Z4,cache,28833.290100097656,0,f5230396-2731-44d5-9911-15e6f9fd0378,2026-06-03 05:46:19.643277
processed,q1_count,Z2,cache,27377.452611923218,0,0a6ff7b6-cf10-46f6-b7ce-1d5925290b21,2026-06-03 05:46:19.644537
processed,q1_count,Z2,cache,25570.34397125244,0,9b4bd4fb-4777-4588-874b-d1d3a22dfc75,2026-06-03 05:46:19.645961
processed,q2_area,Z2,cache,24717.61465072632,0,920d793a-4067-4f08-b62b-57f5a258a508,2026-06-03 05:46:19.647394
processed,q3_density,Z2,cache,24417.540550231934,0,0a0f0bcb-10ec-4ac3-9ca8-7812a223e4ba,2026-06-03 05:46:19.648765
processed,q2_area,Z2,cache,23263.43536376953,0,d7fdad2f-2726-4557-8a16-a6b911552da3,2026-06-03 05:46:19.649903
processed,q3_density,Z1,cache,21857.81764984131,0,126dc995-578e-4e3d-a29b-5df96044a909,2026-06-03 05:46:19.651046
processed,q5_confidence_dist,Z4,cache,21808.765411376953,0,d4599c82-afea-4b3a-86a3-8a94ef7271b4,2026-06-03 05:46:19.652545
processed,q5_confidence_dist,Z3,cache,21257.767915725708,0,b05a7ad7-842f-4e9a-befd-bd003d397210,2026-06-03 05:46:19.653912
processed,q5_confidence_dist,Z1,cache,20857.232570648193,0,ad5b8203-8aac-4865-b285-c28284bae104,2026-06-03 05:46:19.654980
processed,q2_area,Z1,cache,17091.394424438477,0,48e7801a-08db-4ce3-ac6a-894bcda345ac,2026-06-03 05:46:19.656022
processed,q1_count,Z4,cache,68686.06448173523,0,3e859824-3980-4d22-b2ec-94d5e8cf33d6,2026-06-03 05:46:19.657336
processed,q2_area,Z1,cache,65924.1304397583,0,48698acd-20b2-4ed5-953b-1b7a4e09e30c,2026-06-03 05:46:19.658652
processed,q4_compare,Z1,cache,63162.29295730591,0,6332640e-f564-4158-be74-b7b5d018fc1e,2026-06-03 05:46:19.660020
processed,q3_density,Z1,cache,62008.1205368042,0,162fa08f-762c-4634-bd0f-e7800aa776ed,2026-06-03 05:46:19.661417
processed,q3_density,Z4,cache,59748.46053123474,0,6b339a7c-bfb7-42c7-bf12-4356160841ae,2026-06-03 05:46:19.662700
processed,q1_count,Z2,cache,58895.59316635132,0,a460f80a-bfbb-466f-bb1c-e9139b6ea676,2026-06-03 05:46:19.664064
retry,q4_compare,Z3,,0.0,1,d85e38f9-d38a-46de-8dd6-13087e4d63ab,2026-06-03 05:46:19.768128
processed,q4_compare,Z4,cache,41672.4853515625,0,7c0516b3-1f0b-4724-94ea-c7b94c4df53d,2026-06-03 05:46:19.769637
processed,q4_compare,Z4,cache,41070.76644897461,0,d01c3734-6a13-4eb7-9763-a011dc86cdfc,2026-06-03 05:46:19.771104
processed,q5_confidence_dist,Z2,cache,39766.53289794922,0,a2176b2a-650c-4789-bba3-0feecd52320f,2026-06-03 05:46:19.772567
processed,q2_area,Z4,cache,37256.10160827637,0,cf3af990-cac7-4008-a764-09f2e257b9fb,2026-06-03 05:46:19.773926
processed,q3_density,Z5,cache,37207.20362663269,0,163af8fe-7147-40a7-ab08-fe00e578b4cf,2026-06-03 05:46:19.775249
processed,q2_area,Z1,cache,36605.52668571472,0,56029d49-edeb-4f77-9d19-e30618de10b0,2026-06-03 05:46:19.776435
processed,q3_density,Z3,cache,35602.66470909119,0,c70928e1-ab52-4de4-ac45-433032b14080,2026-06-03 05:46:19.778242
processed,q2_area,Z1,cache,33996.33264541626,0,64692def-c5bd-4619-8291-4317bc3ce4b5,2026-06-03 05:46:19.779400
processed,q2_area,Z2,cache,33243.884563446045,0,8af8c307-6862-4fe0-a245-4046e98e0ab6,2026-06-03 05:46:19.780770
processed,q1_count,Z3,cache,32190.3395652771,0,290e3519-c3ba-4e86-898d-540b98284781,2026-06-03 05:46:19.782123
processed,q5_confidence_dist,Z2,cache,31839.560508728027,0,eaaeae7e-bab8-4f50-a64a-3b26272acaae,2026-06-03 05:46:19.783426
processed,q4_compare,Z3,cache,28120.389223098755,0,9db6593a-9f8e-4bb3-96b6-14e3d6191460,2026-06-03 05:46:19.784730
processed,q2_area,Z3,cache,27217.387676239014,0,7103427b-6356-46e8-aaa8-60fd99705622,2026-06-03 05:46:19.786010
processed,q1_count,Z5,cache,23701.993227005005,0,ab7711bc-8c42-429f-b168-96a5df776ed9,2026-06-03 05:46:19.787280
processed,q4_compare,Z3,cache,23150.710344314575,0,7abed815-aff3-4b57-bdb0-641e05780416,2026-06-03 05:46:19.788570
processed,q5_confidence_dist,Z1,cache,21092.44465827942,0,0ab0aa15-650e-46e3-8e4c-2b6a4470c2f8,2026-06-03 05:46:19.789904
processed,q5_confidence_dist,Z2,cache,21043.531894683838,0,646adc8e-7c06-47d6-bfdc-f815d7ddcf25,2026-06-03 05:46:19.791543
processed,q3_density,Z2,cache,19337.919235229492,0,667c1be8-afef-4864-a89d-3dff75fbebdb,2026-06-03 05:46:19.793147
processed,q5_confidence_dist,Z5,cache,18636.33894920349,0,e858cc77-8eb6-49fe-8741-8a89561ad881,2026-06-03 05:46:19.795068
processed,q5_confidence_dist,Z3,cache,18236.117124557495,0,d667cdf8-2754-4516-a9ab-2c6d96f943ad,2026-06-03 05:46:19.796569
processed,q3_density,Z3,cache,17383.77332687378,0,401742a0-0a96-4320-be10-2538bae15035,2026-06-03 05:46:19.798435
processed,q2_area,Z4,cache,14571.300983428955,0,f54a75a6-f994-4205-b2f5-76227d78066b,2026-06-03 05:46:19.800189
processed,q4_compare,Z3,cache,12814.084768295288,0,a42e9bc4-cd7a-4722-aad8-e292c81c3929,2026-06-03 05:46:19.801357
processed,q4_compare,Z4,cache,11961.559534072876,0,658f9cdf-f822-42d2-9375-1b0568e67f22,2026-06-03 05:46:19.802401
retry,q4_compare,Z5,,0.0,2,ef0dbe82-b3ec-4afb-bdc4-2ac19abc2f4a,2026-06-03 05:46:19.949381
processed,q2_area,Z3,cache,88433.38108062744,1,182098d7-8dde-4e29-8928-5fee32e15278,2026-06-03 05:46:19.951179
processed,q4_compare,Z4,generator,32165.53020477295,1,9c032f9a-aad0-49d5-bc5d-a93e956c7d5f,2026-06-03 05:46:19.958732
recovered,q4_compare,Z4,generator,32165.53020477295,1,9c032f9a-aad0-49d5-bc5d-a93e956c7d5f,2026-06-03 05:46:19.961003
processed,q4_compare,Z4,cache,100952.73399353027,2,13f1144e-1d60-4ad0-8ccf-07f2f68a1daa,2026-06-03 05:46:19.963032
processed,q3_density,Z1,cache,45335.23678779602,1,d64efb4f-761f-4fcd-957c-9b855c77adba,2026-06-03 05:46:19.967752
processed,q4_compare,Z3,generator,43987.69545555115,1,e545302d-590c-41e0-8d8f-bd7082d75045,2026-06-03 05:46:19.976372
recovered,q4_compare,Z3,generator,43987.69545555115,1,e545302d-590c-41e0-8d8f-bd7082d75045,2026-06-03 05:46:19.978417
dlq,q4_compare,Z3,,0.0,3,78981d88-0642-48ea-996f-e22232c10f6f,2026-06-03 05:46:19.982679
processed,q3_density,Z4,cache,39224.87187385559,1,45dddc30-fb50-4a16-8b4c-eb4b69612c39,2026-06-03 05:46:19.984302
processed,q2_area,Z3,cache,94044.7051525116,1,63f726bf-c502-43ea-820e-a342377d3429,2026-06-03 05:46:19.986173
processed,q3_density,Z1,cache,93745.31269073486,1,f653f1e8-fa5e-43b7-8b46-c3f2ae3a847f,2026-06-03 05:46:19.987982
processed,q3_density,Z4,cache,72235.77499389648,2,21bebfca-9405-4528-876d-a6d76990318e,2026-06-03 05:46:19.989853
processed,q4_compare,Z4,cache,41793.8072681427,2,6e6bc411-9520-43d5-ba99-b5da0638c592,2026-06-03 05:46:19.991754
processed,q1_count,Z2,cache,85409.5025062561,1,e3c3f67c-3a4f-4354-aa93-3c013ccc448e,2026-06-03 05:46:19.993680
processed,q3_density,Z5,cache,78674.29780960083,1,8096e679-25f2-45f7-901e-d6d4da2f526e,2026-06-03 05:46:19.995729
processed,q4_compare,Z4,generator,92404.73508834839,2,1875a0be-0b93-497e-850b-6ae1d678824a,2026-06-03 05:46:20.004250
recovered,q4_compare,Z4,generator,92404.73508834839,2,1875a0be-0b93-497e-850b-6ae1d678824a,2026-06-03 05:46:20.006077
processed,q2_area,Z4,cache,65168.14136505127,1,a1260c10-3b49-4ba4-b700-2b1c29f8411b,2026-06-03 05:46:20.008029
processed,q3_density,Z2,cache,56830.143213272095,1,18057add-ea16-4eeb-9db8-1f101d41860a,2026-06-03 05:46:20.009957
processed,q4_compare,Z1,generator,70705.55353164673,2,1f608258-7f2d-4d04-92a2-46eb8c044e90,2026-06-03 05:46:20.016764
recovered,q4_compare,Z1,generator,70705.55353164673,2,1f608258-7f2d-4d04-92a2-46eb8c044e90,2026-06-03 05:46:20.018728
processed,q4_compare,Z1,cache,27301.048040390015,0,9b9b3745-5edf-446a-b36d-2bca5beb7074,2026-06-03 05:46:20.020723
processed,q3_density,Z5,cache,25846.282482147217,0,52589710-e38e-456a-a778-e60131aa9524,2026-06-03 05:46:20.022551
processed,q4_compare,Z5,cache,25646.99625968933,0,ab1285cd-ac59-41db-a08a-5859274734f2,2026-06-03 05:46:20.024408
processed,q5_confidence_dist,Z2,cache,25598.66952896118,0,88b75824-15b1-4834-a382-d4ae304a622d,2026-06-03 05:46:20.026071
processed,q1_count,Z3,cache,21179.441452026367,0,323bd2de-bf69-494d-bd6b-7fe9cf6fa894,2026-06-03 05:46:20.027712
processed,q1_count,Z1,cache,18117.33651161194,0,453b262a-e657-4228-bcd4-c5e96b9306f9,2026-06-03 05:46:20.029563
processed,q3_density,Z4,cache,16160.340785980225,0,8a1e41e3-f557-4c2f-94d0-0341e41aaf2a,2026-06-03 05:46:20.031435
processed,q5_confidence_dist,Z2,cache,16011.578559875488,0,a56218ac-ad7c-4062-9cb4-2268f08ccbde,2026-06-03 05:46:20.033349
processed,q1_count,Z5,cache,15913.030862808228,0,ccdb0188-5708-490c-801f-93b59dec75c3,2026-06-03 05:46:20.035422
processed,q5_confidence_dist,Z5,cache,14607.1138381958,0,355ef15f-380a-4ce9-a277-cbcbcbce204d,2026-06-03 05:46:20.037301
processed,q4_compare,Z4,cache,12498.984575271606,0,347edcbf-bfeb-4a3e-b79e-7d53604bdb10,2026-06-03 05:46:20.039031
processed,q3_density,Z4,cache,12350.076675415039,0,49a0cc4c-249f-43b2-81f0-ca637d589295,2026-06-03 05:46:20.040790
processed,q1_count,Z1,cache,9538.759231567383,0,b0dee8c6-3937-427d-ab9f-329e5f665f9e,2026-06-03 05:46:20.042610
processed,q4_compare,Z5,cache,9389.940023422241,0,cd29a976-f6f6-4323-bc63-8360e4111bfd,2026-06-03 05:46:20.044423
processed,q5_confidence_dist,Z5,cache,8135.829210281372,0,172701d8-2b83-4ab3-90c8-379b4ce01871,2026-06-03 05:46:20.045714
processed,q4_compare,Z5,cache,6328.111171722412,0,3a5795b0-66dd-4846-bb59-a58fb5f8a06d,2026-06-03 05:46:20.047108
processed,q3_density,Z1,cache,6078.334808349609,0,de34524b-52d1-4002-bf54-b82a6dcc5a4e,2026-06-03 05:46:20.048511
processed,q1_count,Z5,cache,27230.401754379272,0,99028bad-4286-41b5-ac6b-788e041466b5,2026-06-03 05:46:20.050277
processed,q4_compare,Z3,cache,26679.453134536743,0,82c88f54-7a60-40bc-81de-875ba6db213a,2026-06-03 05:46:20.051969
processed,q1_count,Z5,cache,16333.603620529175,0,8e062840-000e-405e-bf69-86a2a7aa3557,2026-06-03 05:46:20.053326
processed,q2_area,Z4,cache,16133.9271068573,0,95c37972-97c7-42d4-9eff-653343ff6b61,2026-06-03 05:46:20.055213
processed,q4_compare,Z5,generator,14682.109117507935,0,75b0ce78-cfea-4762-87ce-02ce0e5a08a2,2026-06-03 05:46:20.061777
processed,q4_compare,Z5,cache,13979.92753982544,0,3a306275-c427-4a97-94d0-d2b33a8780e0,2026-06-03 05:46:20.063764
processed,q3_density,Z1,cache,12927.233695983887,0,7e13fce8-1949-454c-ab1b-4f92770f248a,2026-06-03 05:46:20.065599
processed,q5_confidence_dist,Z4,cache,12878.828287124634,0,8a592985-c4b7-4c7e-989e-c2948418b1b6,2026-06-03 05:46:20.067368
processed,q1_count,Z4,cache,12328.23371887207,0,7a040626-86cb-47fc-a972-34d35ec8ec67,2026-06-03 05:46:20.069142
processed,q2_area,Z3,cache,11224.606990814209,0,dc5c398a-5500-4b41-864a-e8a60489062f,2026-06-03 05:46:20.070886
processed,q1_count,Z1,cache,10623.690366744995,0,468e29f1-7ed6-4abd-b506-c0c0b4d5b4c2,2026-06-03 05:46:20.072669
processed,q3_density,Z5,cache,9821.781635284424,0,93ab3ab3-9e4b-48bd-b338-0351712f747f,2026-06-03 05:46:20.074425
processed,q2_area,Z5,cache,8517.59672164917,0,23f6149e-e3de-45ba-a9f9-1656ea200567,2026-06-03 05:46:20.076559
processed,q2_area,Z4,cache,27107.972621917725,0,bfdc2988-f5e4-46cc-b861-f77a612ebec4,2026-06-03 05:46:20.078734
processed,q2_area,Z1,cache,26506.988525390625,0,4af241e2-9765-4767-9e20-eb3d9894c99a,2026-06-03 05:46:20.080274
processed,q1_count,Z1,cache,24147.22180366516,0,0f218f37-c1fd-4445-8e9f-4ff7dcdbfe93,2026-06-03 05:46:20.082156
processed,q4_compare,Z4,cache,22441.047430038452,0,9fad87b3-20fd-4347-9f83-bffa471bbd85,2026-06-03 05:46:20.084067
processed,q1_count,Z1,cache,21488.576412200928,0,c418df46-6853-4e2a-a334-47ce0c600384,2026-06-03 05:46:20.085925
processed,q2_area,Z3,cache,20636.792421340942,0,15fdac37-ea19-4488-932d-b83a742b57c9,2026-06-03 05:46:20.087759
processed,q2_area,Z2,cache,20489.38512802124,0,ee5ebecf-9f4a-47a1-a5ba-3c863c43feb9,2026-06-03 05:46:20.090635
processed,q5_confidence_dist,Z2,cache,20189.279317855835,0,7fa41a1f-18ea-4bdb-a563-10a078e9944d,2026-06-03 05:46:20.091979
processed,q5_confidence_dist,Z1,cache,18834.573984146118,0,4f0c790a-5af8-41af-b96d-861819d1365e,2026-06-03 05:46:20.093292
processed,q1_count,Z3,cache,15469.736814498901,0,ea971676-1487-4d59-a49c-61861aa66744,2026-06-03 05:46:20.094362
processed,q2_area,Z4,cache,15118.64447593689,0,6626ebe9-6fac-462f-afc8-31461c9c570c,2026-06-03 05:46:20.095627
processed,q3_density,Z2,cache,14767.67349243164,0,4b0ca41e-9662-485a-b6cf-2e64b1d2f442,2026-06-03 05:46:20.096980
processed,q1_count,Z1,cache,14618.072032928467,0,c8342472-bdf1-4fb3-98e4-5fb6ff45d1f5,2026-06-03 05:46:20.098240
processed,q4_compare,Z1,cache,14518.7509059906,0,e319eb2e-f86f-473e-acca-565a6abbcff5,2026-06-03 05:46:20.099549
processed,q4_compare,Z4,cache,13967.142343521118,0,0a8d3c66-e985-4d59-a7e4-946f28e5a740,2026-06-03 05:46:20.100951
processed,q5_confidence_dist,Z1,cache,12662.888050079346,0,387bc3e5-cb43-47b1-a908-58d9bf6afb0e,2026-06-03 05:46:20.102234
processed,q2_area,Z5,cache,11659.234762191772,0,4970cd6b-574e-4e19-9ea8-0cd309fbec73,2026-06-03 05:46:20.103666
processed,q4_compare,Z3,cache,10907.418727874756,0,1aa3063b-5278-4bbb-af9b-82c1810c8297,2026-06-03 05:46:20.104977
processed,q1_count,Z4,cache,10808.243751525879,0,556fef19-d74b-4c41-8917-559b39261bfc,2026-06-03 05:46:20.106247
processed,q1_count,Z3,cache,10558.393955230713,0,e7c8bb50-8118-40ff-87c9-454650ce21e0,2026-06-03 05:46:20.107511
processed,q2_area,Z1,cache,10358.787059783936,0,7d53ac52-6f10-4ed5-a1ca-04d0a63419ee,2026-06-03 05:46:20.108802
processed,q2_area,Z4,cache,10209.307193756104,0,5c82c835-0983-4e4f-b078-0520bc159fa0,2026-06-03 05:46:20.110259
processed,q1_count,Z4,cache,8754.262685775757,0,3985751d-1e4e-4a23-85b9-b95339a4f028,2026-06-03 05:46:20.111570
processed,q5_confidence_dist,Z1,cache,8705.401182174683,0,5ef7ab14-e6c9-4a16-a83d-7b5c6c553390,2026-06-03 05:46:20.112954
processed,q3_density,Z1,cache,7098.692893981934,0,4e415b16-12cf-412d-b13d-fa38eaef1704,2026-06-03 05:46:20.114236
processed,q3_density,Z3,cache,6547.21736907959,0,c5d84407-c64e-4d08-b464-7b496f17cbce,2026-06-03 05:46:20.115470
processed,q3_density,Z5,cache,5996.006727218628,0,5419a824-d02c-433f-8cdd-e4aa91137510,2026-06-03 05:46:20.116562
processed,q5_confidence_dist,Z2,cache,27248.021364212036,0,26df5d4c-b5d3-4e9b-b0ca-441068bb294a,2026-06-03 05:46:20.117988
processed,q4_compare,Z4,cache,25340.728521347046,0,4bcfbae1-4aec-42c0-b402-a5cc5ebe0445,2026-06-03 05:46:20.119724
processed,q1_count,Z2,cache,23885.189056396484,0,b72774e5-3879-4ba8-b1a7-39ba51b1bb65,2026-06-03 05:46:20.121156
processed,q3_density,Z2,cache,23384.150505065918,0,6ce99f86-2ff4-4978-8025-a0c9f2c175b8,2026-06-03 05:46:20.122787
processed,q4_compare,Z2,generator,20026.339769363403,0,4cfc0c06-c22a-4698-b50e-38606b20dde3,2026-06-03 05:46:20.130190
processed,q5_confidence_dist,Z1,cache,17868.04175376892,0,88e160ce-45aa-4860-8299-38bdf299da63,2026-06-03 05:46:20.131635
processed,q5_confidence_dist,Z3,cache,16613.989114761353,0,663fc004-0f79-48dd-8d80-3d4687d09d57,2026-06-03 05:46:20.132766
processed,q2_area,Z2,cache,16363.911151885986,0,4064591a-48b1-437b-b600-b9d794cd85f0,2026-06-03 05:46:20.134167
processed,q1_count,Z3,cache,12043.34020614624,0,4a5298d1-cafd-4f95-8f98-a922707364da,2026-06-03 05:46:20.135496
processed,q1_count,Z1,cache,9733.741044998169,0,a2e05e0a-51f6-4bea-99d3-f7dd5838c91e,2026-06-03 05:46:20.136800
processed,q3_density,Z5,cache,8529.55174446106,0,357ac14a-a2a6-468e-a132-dd77b74372e6,2026-06-03 05:46:20.138072
processed,q4_compare,Z1,generator,8385.344982147217,0,ad07a7bb-f1cd-4c35-8ec2-06fd7af24576,2026-06-03 05:46:20.144857
processed,q1_count,Z4,cache,8336.874961853027,0,c18885f3-e57a-4c59-81b2-249abb4c519e,2026-06-03 05:46:20.146238
processed,q3_density,Z3,cache,8287.935256958008,0,b25991ef-7282-4e43-99a5-80cf579eb362,2026-06-03 05:46:20.147397
processed,q1_count,Z5,cache,7836.9269371032715,0,45d89995-0842-435d-bc2d-fed739806bf7,2026-06-03 05:46:20.148557
processed,q4_compare,Z2,cache,7536.264896392822,0,b035bb17-a974-4b77-9447-640bd4b277fd,2026-06-03 05:46:20.149661
processed,q1_count,Z4,cache,7034.87491607666,0,30474073-3fe6-463e-a2a8-da82a20a3914,2026-06-03 05:46:20.151045
processed,q1_count,Z5,cache,26930.75656890869,0,a3a64a27-b15b-4d43-9570-08cfa3d5aa3c,2026-06-03 05:46:20.152397
processed,q3_density,Z4,cache,23314.81647491455,0,49ad1416-6e0d-4f04-8c44-69d051d700b7,2026-06-03 05:46:20.153682
processed,q2_area,Z2,cache,22763.704299926758,0,597eccf9-b77f-44e7-b0d0-fce2a86c6896,2026-06-03 05:46:20.154975
processed,q2_area,Z5,cache,22664.478540420532,0,99fd17ed-190b-4f73-9bde-e1d7a1081337,2026-06-03 05:46:20.156086
processed,q1_count,Z3,cache,22213.28377723694,0,abf6a9e1-1362-448e-9f18-d961fc890d62,2026-06-03 05:46:20.157142
processed,q1_count,Z1,cache,22164.108276367188,0,3114ae76-c3e5-4a7f-ad31-4dc543423334,2026-06-03 05:46:20.158264
processed,q5_confidence_dist,Z3,cache,19905.50136566162,0,436f947d-230c-4c94-a135-f9813fc275f0,2026-06-03 05:46:20.159646
processed,q1_count,Z3,cache,18952.77714729309,0,478cb119-69af-418b-87b9-4ac40747e91d,2026-06-03 05:46:20.161702
processed,q4_compare,Z3,generator,18809.829235076904,0,231b1eef-6791-46bb-9c9f-fca6885d66f1,2026-06-03 05:46:20.169889
retry,q1_count,Z5,,0.0,1,28a3b9b6-544b-4e9d-8185-ac82dc43b842,2026-06-03 05:46:20.170176
processed,q3_density,Z3,cache,17104.369401931763,0,ed2e722e-6462-4447-b781-bd558badfb4f,2026-06-03 05:46:20.171332
processed,q1_count,Z3,cache,55033.6811542511,0,c34ec4b7-5d08-4884-a4ca-bb50deb363e4,2026-06-03 05:46:20.171884
processed,q2_area,Z5,cache,16754.31513786316,0,8c876e0e-a3b1-4379-b3d5-a4f83b0037ad,2026-06-03 05:46:20.172926
processed,q2_area,Z3,cache,54733.880043029785,0,7bba3f7c-e997-49e3-8a99-61b9272120a8,2026-06-03 05:46:20.173533
processed,q2_area,Z3,cache,15901.6273021698,0,eaa3e854-b3d7-4ac7-ae86-a1448c0b725c,2026-06-03 05:46:20.174499
processed,q5_confidence_dist,Z1,cache,53580.323696136475,0,7984ea44-84bb-4e27-9b10-1725d9cf2ac1,2026-06-03 05:46:20.175448
processed,q4_compare,Z1,cache,52527.642250061035,0,b1ab6b70-159e-4035-8282-b62cee0e348a,2026-06-03 05:46:20.177300
processed,q2_area,Z4,cache,12035.518169403076,0,fac55620-df5e-4405-9ec2-f7e94a205273,2026-06-03 05:46:20.178220
processed,q2_area,Z4,cache,51625.057220458984,0,caa3cc6a-8b5a-47fb-99e7-de9129eea78c,2026-06-03 05:46:20.178803
processed,q4_compare,Z2,cache,7314.820766448975,0,1ec93de3-36c2-4253-b4c3-fd768b826d37,2026-06-03 05:46:20.179523
processed,q2_area,Z5,cache,51425.65178871155,0,02641795-cea2-48e7-82cf-8b9a38dc6277,2026-06-03 05:46:20.180176
processed,q3_density,Z1,cache,73030.50780296326,0,5721a121-5985-491c-aec6-00411badae8f,2026-06-03 05:46:20.180752
processed,q4_compare,Z4,cache,50523.10085296631,0,0c5b3c72-29a1-41fc-91cf-0295c302f245,2026-06-03 05:46:20.181354
processed,q3_density,Z2,cache,72931.09321594238,0,196f60ff-a4c3-48f0-818f-08b51be46765,2026-06-03 05:46:20.181936
processed,q2_area,Z1,cache,48514.51253890991,0,9c2ba50a-6960-4628-8841-586616e106b4,2026-06-03 05:46:20.182824
processed,q3_density,Z3,cache,71575.44255256653,0,358829bc-fd4c-4cea-a5e6-84522493b710,2026-06-03 05:46:20.183626
processed,q4_compare,Z3,cache,48264.74595069885,0,0868e1a4-2947-4799-afd8-17e68b0e58f9,2026-06-03 05:46:20.184800
processed,q1_count,Z2,cache,69565.8311843872,0,37622d31-9f53-4d93-a8df-ca4ac5623d69,2026-06-03 05:46:20.184846
processed,q4_compare,Z5,cache,44650.19631385803,0,14539ebd-b992-47ca-bc76-1f738120a17c,2026-06-03 05:46:20.186530
processed,q5_confidence_dist,Z5,cache,69517.22955703735,0,f62ea9e9-1128-4c3e-9bf6-2d06a471f7a3,2026-06-03 05:46:20.187352
processed,q1_count,Z1,cache,41889.7430896759,0,25c50576-219f-4ad0-94a0-524c7299a126,2026-06-03 05:46:20.188290
processed,q2_area,Z4,cache,66152.69780158997,0,0ef4d655-82d6-4dd2-95c1-823c7a57ddaa,2026-06-03 05:46:20.188981
processed,q3_density,Z1,cache,39279.85620498657,0,44ae7ed1-4f04-4e50-975c-e149fb65babb,2026-06-03 05:46:20.190303
processed,q5_confidence_dist,Z2,cache,66054.0988445282,0,bc84ef67-23b2-43fa-9015-eae5f11de1b4,2026-06-03 05:46:20.190855
processed,q4_compare,Z1,cache,39030.391454696655,0,133d01ab-c592-4406-b90f-8348b7cdd160,2026-06-03 05:46:20.191482
processed,q5_confidence_dist,Z5,cache,65151.67260169983,0,c5ca76c2-ebb6-45da-a58f-671f553210c8,2026-06-03 05:46:20.192341
processed,q3_density,Z3,cache,38730.37576675415,0,32a5ae07-c00b-45a0-8b3c-5e18ed2e7e76,2026-06-03 05:46:20.193415
processed,q5_confidence_dist,Z5,cache,64851.757764816284,0,8bd7a415-7b66-4065-8d10-bcfd79136ee6,2026-06-03 05:46:20.193995
processed,q3_density,Z4,cache,38330.0518989563,0,fe891327-eb03-493d-9fd5-83d037731550,2026-06-03 05:46:20.194685
processed,q5_confidence_dist,Z4,cache,64099.77173805237,0,97ba6e6d-bc26-4aa4-ae61-d422f0e0fd6c,2026-06-03 05:46:20.195342
processed,q2_area,Z2,cache,63447.73888587952,0,e57c73d4-ccde-465a-8b6b-47ddec061d1e,2026-06-03 05:46:20.196582
processed,q3_density,Z1,cache,62042.460441589355,0,ddbe6f96-63fb-4026-9d92-05b62ebf4a51,2026-06-03 05:46:20.198095
processed,q2_area,Z3,cache,60988.800048828125,0,c7cf99cd-fb22-4de6-9e20-6e51dae279a9,2026-06-03 05:46:20.199604
processed,q1_count,Z1,cache,60487.71286010742,0,b1423613-6615-4b50-bea4-f9d4843d0159,2026-06-03 05:46:20.201540
processed,q4_compare,Z3,generator,37835.21842956543,0,a5ca7b6a-5374-4a59-8c8d-ea2a81599952,2026-06-03 05:46:20.202523
processed,q2_area,Z3,cache,60037.79315948486,0,bbc71b2d-4f2d-421b-aade-bdb71a5edc5f,2026-06-03 05:46:20.203572
processed,q3_density,Z2,cache,37485.23664474487,0,1798ded2-e4f5-4cb3-b14a-78fb3ad62bdb,2026-06-03 05:46:20.204416
processed,q2_area,Z1,cache,58582.8697681427,0,e10e8e3a-319f-4123-acb3-0dde3ed38292,2026-06-03 05:46:20.204919
processed,q5_confidence_dist,Z2,cache,55168.51258277893,0,be08ae58-cf8a-46be-908e-18cdab7e1f0a,2026-06-03 05:46:20.206036
processed,q2_area,Z4,cache,36985.37039756775,0,a2a25366-f984-465d-9b3f-de321afe0ae2,2026-06-03 05:46:20.206678
processed,q5_confidence_dist,Z3,cache,54717.703342437744,0,c6e0a664-893a-414e-ae72-79a907e38e51,2026-06-03 05:46:20.207249
processed,q5_confidence_dist,Z5,cache,36584.8228931427,0,7c6f8bce-90ea-4d49-8195-eb83938ed2ca,2026-06-03 05:46:20.207916
processed,q1_count,Z5,cache,50751.05619430542,0,c5856222-fd7c-4b65-8c8d-6c10b32b502c,2026-06-03 05:46:20.208629
processed,q2_area,Z3,cache,35882.69257545471,0,96d791f8-1aca-4cff-9e39-23a7b53ff128,2026-06-03 05:46:20.209178
processed,q3_density,Z3,cache,50451.130390167236,0,47dc1393-89b8-4f86-9208-6ee241e7be5c,2026-06-03 05:46:20.209816
processed,q1_count,Z5,cache,35130.41663169861,0,51836b21-299e-415f-87bd-d91ea8680c6f,2026-06-03 05:46:20.210549
processed,q5_confidence_dist,Z5,cache,49698.91381263733,0,0297be64-0b4e-4ea7-8fa3-84ed0747805e,2026-06-03 05:46:20.211020
processed,q4_compare,Z2,cache,32921.67925834656,0,59552d2d-9bdd-42d5-8d0e-0c1e9164d572,2026-06-03 05:46:20.211659
processed,q3_density,Z3,cache,49549.487352371216,0,19de0ac0-bd9a-4c4d-9b66-f2939292e576,2026-06-03 05:46:20.212209
processed,q3_density,Z4,cache,32470.29685974121,0,2b5ef5bd-fcbe-40b7-b772-bbb0070640e7,2026-06-03 05:46:20.212815
processed,q5_confidence_dist,Z2,cache,45782.21940994263,0,5b5ec44e-a393-457a-aeb5-1535867db9fc,2026-06-03 05:46:20.213390
processed,q3_density,Z1,cache,31315.473318099976,0,cbf28b21-7ef1-4451-9dca-398b79691952,2026-06-03 05:46:20.213947
processed,q4_compare,Z5,cache,44728.73950004578,0,fb83aa4f-edb8-49f0-a9d5-a0299e23bb75,2026-06-03 05:46:20.214602
processed,q2_area,Z4,cache,31266.43180847168,0,2e1a30c9-5a6f-48c6-9a9b-b276b2ec7060,2026-06-03 05:46:20.215233
processed,q4_compare,Z2,cache,44378.477811813354,0,ea26db15-7578-4154-a66f-24d79668adf8,2026-06-03 05:46:20.216162
processed,q4_compare,Z1,cache,30513.186931610107,0,8358ca2e-5a98-4333-a23e-04defcc28f18,2026-06-03 05:46:20.216639
processed,q1_count,Z5,cache,43928.218126297,0,f424e725-3d61-4f22-a8c1-fefc2fbc2071,2026-06-03 05:46:20.217350
processed,q1_count,Z5,cache,29156.532526016235,0,d5a73cc6-fc7a-47b1-996e-ce37559c72b2,2026-06-03 05:46:20.217818
processed,q5_confidence_dist,Z1,cache,42874.826192855835,0,8bf025fc-8349-40ec-aee1-a20aafa2ab7d,2026-06-03 05:46:20.218416
processed,q3_density,Z2,cache,28303.659677505493,0,a25fc1f6-c22b-451b-99ae-8dc309544639,2026-06-03 05:46:20.218966
processed,q2_area,Z1,cache,42725.23212432861,0,be9a0ba6-5145-4d0d-a5a6-cfef99f48f41,2026-06-03 05:46:20.219569
processed,q3_density,Z5,cache,24938.838958740234,0,bcef34f8-42db-4be0-992c-928346c06c73,2026-06-03 05:46:20.220520
processed,q2_area,Z2,cache,42676.38063430786,0,31690c29-42cc-460c-93dd-0d8e681aa864,2026-06-03 05:46:20.221171
processed,q4_compare,Z1,cache,21273.241996765137,0,37f53b21-693c-4678-b6c7-9d40876e52ee,2026-06-03 05:46:20.221741
processed,q1_count,Z3,cache,42527.177572250366,0,612511ee-0490-4ecf-af27-b8561fedebb2,2026-06-03 05:46:20.222359
processed,q1_count,Z1,cache,21123.741388320923,0,b17ea39c-dc16-465f-9e49-aa7ce84b3ef0,2026-06-03 05:46:20.222846
processed,q4_compare,Z4,cache,40569.31829452515,0,095605c1-6bb5-4110-b175-8cb93a750e74,2026-06-03 05:46:20.223419
processed,q2_area,Z4,cache,17609.044790267944,0,66dd91ce-ff17-4af3-aee0-2cd067c09a6d,2026-06-03 05:46:20.223940
processed,q3_density,Z4,cache,38259.53912734985,0,07154cb1-1cad-4032-8228-e763122f3a66,2026-06-03 05:46:20.224478
processed,q1_count,Z5,cache,17409.245014190674,0,06bb49e9-b93e-4276-967c-ee1ac1d1b3eb,2026-06-03 05:46:20.224963
processed,q1_count,Z4,cache,36552.31261253357,0,31faa375-3847-42f1-aef5-e3126e7df15d,2026-06-03 05:46:20.225549
processed,q1_count,Z2,cache,35850.21352767944,0,3f1bc493-f434-481c-a172-ce88b86646b5,2026-06-03 05:46:20.227054
processed,q4_compare,Z4,cache,45646.484375,1,abc97031-81d2-4263-9d2d-3a5123a92f2a,2026-06-03 05:46:20.228462
processed,q4_compare,Z2,cache,34948.83942604065,1,68603ca9-2522-4d30-aafa-551db4cd4875,2026-06-03 05:46:20.230152
retry,q1_count,Z5,,0.0,1,435fe411-1f1c-4c4d-be01-531c99c627e6,2026-06-03 05:46:20.731230
processed,q2_area,Z2,cache,33040.40551185608,0,af0765b7-0d4a-4a5b-9ebf-0eed6bd34ad2,2026-06-03 05:46:20.733096
processed,q4_compare,Z2,cache,32891.11638069153,0,6ebd359a-390b-4bc2-9e33-9bbadb693574,2026-06-03 05:46:20.734587
processed,q5_confidence_dist,Z3,cache,31233.70051383972,0,768ee426-b5b0-4e95-a5da-afda0048e444,2026-06-03 05:46:20.735986
processed,q5_confidence_dist,Z2,cache,30782.41991996765,0,e8add9b7-3f80-4d69-8369-40051b0b6003,2026-06-03 05:46:20.737375
retry,q4_compare,Z2,,0.0,2,649cbfa3-4cf4-4a0f-a773-40c45f073d3b,2026-06-03 05:46:20.808709
processed,q4_compare,Z5,cache,86778.8598537445,1,3e042fe4-a13f-48ea-9512-22c25a650fc9,2026-06-03 05:46:20.810474
processed,q1_count,Z3,cache,61651.47519111633,1,6b0fefd1-92e2-41a1-9757-3255664f7421,2026-06-03 05:46:20.812057
processed,q4_compare,Z1,cache,47286.22770309448,1,3d775fe5-1932-4ca4-ac33-5d8ae4a4c59b,2026-06-03 05:46:20.813891
processed,q1_count,Z2,cache,41261.39783859253,1,9a004ef1-29e1-40bd-9fde-9bc2d52382a5,2026-06-03 05:46:20.815407
retry,q1_count,Z5,,0.0,2,e04e1839-d92d-480a-acbd-32083e797217,2026-06-03 05:46:21.234302
processed,q1_count,Z2,cache,58207.31568336487,1,57b965db-99e1-476e-80a7-c1a7b220ef5f,2026-06-03 05:46:21.236633
retry,q4_compare,Z5,,0.0,1,4147c736-62ad-4e6d-ab3d-ff84c847b5e3,2026-06-03 05:46:21.241952
processed,q1_count,Z5,generator,71478.97529602051,1,b839312b-ea27-4a85-8d87-dccb1ce2d15b,2026-06-03 05:46:21.243085
processed,q3_density,Z3,cache,28926.40471458435,0,18da5e6f-b069-48e9-865c-4e935146f37c,2026-06-03 05:46:21.244615
recovered,q1_count,Z5,generator,71478.97529602051,1,b839312b-ea27-4a85-8d87-dccb1ce2d15b,2026-06-03 05:46:21.245487
processed,q2_area,Z5,cache,25060.54186820984,0,f7015aa3-ec65-476d-ab64-225fad9105ec,2026-06-03 05:46:21.246732
processed,q1_count,Z2,cache,81986.10401153564,1,3e30d830-7832-42b8-b381-2c112ae56504,2026-06-03 05:46:21.247663
processed,q3_density,Z4,cache,22902.419090270996,0,6c2920b2-5e22-4f6a-b9c0-26d4ad71fcc6,2026-06-03 05:46:21.248564
processed,q4_compare,Z2,cache,30992.539405822754,1,4d0b86bd-efa9-4405-82ee-552a9bdbc263,2026-06-03 05:46:21.249675
processed,q3_density,Z3,cache,22753.580331802368,0,08a23f63-5278-47e8-9372-393957336668,2026-06-03 05:46:21.250647
retry,q4_compare,Z3,,0.0,1,a5eb1216-7052-4014-bb86-3365acac6285,2026-06-03 05:46:21.755626
processed,q5_confidence_dist,Z4,cache,20699.58519935608,0,3a8ad46f-04b3-401d-85da-0ddee39fd427,2026-06-03 05:46:21.757830
processed,q1_count,Z1,cache,20651.342153549194,0,f63d7400-e1d8-4da2-adac-ebcacd6fd3c8,2026-06-03 05:46:21.759862
processed,q3_density,Z2,cache,20301.48696899414,0,4277df59-3cf2-46f7-9c55-1e7ffd16bbb5,2026-06-03 05:46:21.761680
processed,q4_compare,Z4,cache,19601.23610496521,0,149f838b-ed63-42df-80dc-9cb2b6c17ab3,2026-06-03 05:46:21.764888
processed,q2_area,Z1,cache,19101.16744041443,0,96c63a9b-aeb1-44a3-b4bd-bda8df98d2a9,2026-06-03 05:46:21.766853
processed,q5_confidence_dist,Z2,cache,17445.369005203247,0,e70fd521-0d99-485f-8989-c150c642e419,2026-06-03 05:46:21.768682
processed,q3_density,Z5,cache,13828.687191009521,0,5173b6f9-1070-426e-9818-b26c2d0c496e,2026-06-03 05:46:21.770461
processed,q1_count,Z3,cache,13026.371002197266,0,ad6a2bc4-2d09-436b-93c4-d67f9906dc1c,2026-06-03 05:46:21.772276
processed,q5_confidence_dist,Z3,cache,10516.944408416748,0,4ed9527d-e859-4e7b-8fa4-a5d235e7085f,2026-06-03 05:46:21.774311
processed,q5_confidence_dist,Z3,cache,9413.714170455933,0,111f8147-5815-442a-b598-5efdb3ea28ca,2026-06-03 05:46:21.776220
processed,q3_density,Z5,cache,8259.675025939941,0,fb89fd59-cd83-4a71-9a5d-e72894db870a,2026-06-03 05:46:21.778063
processed,q4_compare,Z3,cache,80259.86170768738,1,6d6fa118-c402-4ab8-afd5-d757fb6c5001,2026-06-03 05:46:21.781681
processed,q3_density,Z1,cache,38059.55934524536,1,f0be20ba-a5d4-4129-915d-ffb4c3364740,2026-06-03 05:46:21.783505
processed,q1_count,Z5,cache,58957.21912384033,1,28a3b9b6-544b-4e9d-8185-ac82dc43b842,2026-06-03 05:46:21.785156
processed,q1_count,Z2,cache,40926.79738998413,1,c7f5ad2f-e4fa-4e30-9553-ff480eb68967,2026-06-03 05:46:21.787084
processed,q1_count,Z2,cache,65391.45231246948,2,99f0ffef-8add-4ce2-9154-5ced512d7bea,2026-06-03 05:46:21.788724
processed,q3_density,Z1,cache,34248.79002571106,1,2436cecb-39a1-4014-9fc0-e9f4fb60ef29,2026-06-03 05:46:21.790535
processed,q1_count,Z2,cache,104188.9476776123,1,2aa169a8-c171-462b-86f9-75a40fb712fd,2026-06-03 05:46:21.792195
processed,q4_compare,Z4,cache,22443.478107452393,1,806e2388-e6dc-4364-b21e-f4b92f7ec746,2026-06-03 05:46:21.794223
retry,q4_compare,Z5,,0.0,2,7a260461-d65f-4442-bdbe-5c52e7f16258,2026-06-03 05:46:21.819825
processed,q2_area,Z4,cache,30659.66820716858,1,e397de50-fd76-4722-9dcc-0a70176175cd,2026-06-03 05:46:21.821917
retry,q1_count,Z4,,0.0,2,616562b8-d930-4d99-9133-fa253863d431,2026-06-03 05:46:22.254902
processed,q1_count,Z5,cache,55209.99050140381,2,0c02a8b9-1472-4afd-bb5b-8b682a8fcd9b,2026-06-03 05:46:22.256746
processed,q1_count,Z1,cache,31297.452926635742,1,caf014fc-b3a9-4ab5-9369-8f97be1f621e,2026-06-03 05:46:22.258942
processed,q4_compare,Z4,generator,45673.79927635193,2,61b7974d-a5bf-46f3-8f6e-dbdd62b929bc,2026-06-03 05:46:22.264555
recovered,q4_compare,Z4,generator,45673.79927635193,2,61b7974d-a5bf-46f3-8f6e-dbdd62b929bc,2026-06-03 05:46:22.266575
processed,q1_count,Z4,cache,55573.02522659302,1,35136836-96d3-45a1-a93e-53e82947b843,2026-06-03 05:46:22.268477
processed,q1_count,Z3,cache,66525.96735954285,1,e1777a58-c7ed-4e71-98de-95225509b7a0,2026-06-03 05:46:22.270258
processed,q4_compare,Z4,cache,98942.24119186401,2,855168ef-9b62-48f3-af25-21bc70efc6a8,2026-06-03 05:46:22.272114
retry,q4_compare,Z3,,0.0,2,d85e38f9-d38a-46de-8dd6-13087e4d63ab,2026-06-03 05:46:22.798944
processed,q5_confidence_dist,Z3,cache,8378.807067871094,0,28e06353-37ad-4bcb-bba9-6b48a949a15e,2026-06-03 05:46:22.801415
processed,q5_confidence_dist,Z4,cache,7928.9586544036865,0,e1eab20a-ead4-4e30-b87f-2234f2863e14,2026-06-03 05:46:22.803288
processed,q3_density,Z5,cache,4664.165019989014,0,a1e66b71-691a-4e3a-bdd9-37b6b51bd72f,2026-06-03 05:46:22.804564
processed,q5_confidence_dist,Z5,cache,2053.5831451416016,0,677d5891-9fd6-4fc6-b7d3-f44c882890c5,2026-06-03 05:46:22.806422
processed,q4_compare,Z1,generator,5928.401470184326,0,1a355dbd-4f6c-4f6a-a45d-ee9b927f16a8,2026-06-03 05:46:22.813306
processed,q2_area,Z3,cache,5779.551267623901,0,cd15ff57-324f-42dc-8220-5eaaa662b014,2026-06-03 05:46:22.815240
processed,q1_count,Z2,cache,4525.3705978393555,0,6df69901-01fc-4d4b-97ab-f8da6c14a018,2026-06-03 05:46:22.816450
processed,q5_confidence_dist,Z1,cache,1763.8614177703857,0,ac928610-1814-4c13-826d-cc330ef738cb,2026-06-03 05:46:22.818374
processed,q5_confidence_dist,Z4,cache,1112.4622821807861,0,57bcde73-779e-4912-ab8a-0b737e63da4a,2026-06-03 05:46:22.819660
processed,q3_density,Z5,cache,8097.8453159332275,0,94f85766-fd3c-4c9f-9574-3ceef43a7bb7,2026-06-03 05:46:22.821506
processed,q5_confidence_dist,Z1,cache,7697.890281677246,0,ae23be39-a824-4bd3-88ee-aafc6ec68905,2026-06-03 05:46:22.823363
processed,q1_count,Z5,cache,6442.617416381836,0,830afa9e-10eb-4d64-bab9-d414fd33522c,2026-06-03 05:46:22.825178
retry,q4_compare,Z3,,0.0,2,8afe2a10-bba1-469b-987e-a650ee0d5624,2026-06-03 05:46:22.826266
processed,q4_compare,Z3,cache,3681.4026832580566,0,2b7f9645-5eab-422a-a9fd-7b04ca53a0cf,2026-06-03 05:46:22.826886
processed,q4_compare,Z3,cache,1975.3882884979248,0,f97f09f3-6c67-4235-aaf6-99ae27c1b36a,2026-06-03 05:46:22.828844
dlq,q4_compare,Z1,,0.0,3,61d889a6-15f5-4469-8bb2-a6fd57f45786,2026-06-03 05:46:22.829795
processed,q1_count,Z1,cache,1826.5597820281982,0,17b891cb-a7d2-41a1-88d3-e97841ddaf67,2026-06-03 05:46:22.830786
processed,q4_compare,Z1,cache,48550.54068565369,2,6e748b47-701c-47d0-adf9-d2e6f8887afa,2026-06-03 05:46:22.831499
processed,q3_density,Z3,cache,1728.1715869903564,0,d292cc5d-b643-480e-a478-e63560f9c5dd,2026-06-03 05:46:22.832811
processed,q4_compare,Z1,cache,49908.29014778137,1,34796646-3737-4340-94ae-f01e53cb86ac,2026-06-03 05:46:22.832863
processed,q2_area,Z5,cache,7155.85732460022,0,9d7d3049-b8fa-488d-b295-b1986654a144,2026-06-03 05:46:22.834721
processed,q2_area,Z1,cache,5047.309398651123,0,65583c85-22ab-4c72-b97d-7a805077e2ed,2026-06-03 05:46:22.836962
processed,q5_confidence_dist,Z3,cache,4346.270799636841,0,07af79b3-ed17-41f8-b4ba-cc809e69097c,2026-06-03 05:46:22.839216
processed,q1_count,Z4,cache,2490.3154373168945,0,295efdc7-dcc7-457b-9a8a-d708510d4387,2026-06-03 05:46:22.840903
processed,q4_compare,Z3,generator,55493.401288986206,1,3a1bde16-b063-444d-94f8-dbbe173f6000,2026-06-03 05:46:22.841882
processed,q3_density,Z3,cache,6359.713554382324,0,875fe3d9-f542-40e6-867e-113c35cb6b54,2026-06-03 05:46:22.842565
recovered,q4_compare,Z3,generator,55493.401288986206,1,3a1bde16-b063-444d-94f8-dbbe173f6000,2026-06-03 05:46:22.843276
processed,q1_count,Z2,cache,5557.427406311035,0,281340f9-98c3-4a8c-810f-c67495f571ef,2026-06-03 05:46:22.844152
processed,q5_confidence_dist,Z2,cache,4102.004289627075,0,0bc3a9f4-8623-4361-b05f-92851c4ea98a,2026-06-03 05:46:22.847979
processed,q4_compare,Z2,cache,3603.800058364868,0,04dc9bfd-e798-4fb4-84c2-3a05ac31a1ea,2026-06-03 05:46:22.849535
processed,q4_compare,Z4,generator,56606.878995895386,2,0ec99380-1e60-4446-8a7e-ec7242a92fbb,2026-06-03 05:46:22.850072
processed,q4_compare,Z3,cache,3454.622983932495,0,5f4d30c0-102b-47fa-9f8b-5e1f1d890b2a,2026-06-03 05:46:22.850791
recovered,q4_compare,Z4,generator,56606.878995895386,2,0ec99380-1e60-4446-8a7e-ec7242a92fbb,2026-06-03 05:46:22.851254
processed,q4_compare,Z4,cache,3154.4413566589355,0,79ff35cf-c1ad-43fa-86f3-6d28fed3e096,2026-06-03 05:46:22.851944
processed,q4_compare,Z5,cache,81230.25155067444,2,0e2331bd-0a93-4a29-a311-c35e50e2cc9e,2026-06-03 05:46:22.852494
processed,q4_compare,Z3,cache,2050.4374504089355,0,b5a9e98d-b9e1-4224-b952-dc66869fa37a,2026-06-03 05:46:22.853051
processed,q2_area,Z4,cache,52944.279193878174,1,2603d7b5-6968-4294-bb05-cd1977a0053c,2026-06-03 05:46:22.853619
processed,q2_area,Z3,cache,1599.323034286499,0,c713ace7-4cde-4392-a13f-c6577e5c56a1,2026-06-03 05:46:22.854135
processed,q4_compare,Z1,cache,88622.57885932922,1,e0f826fe-ff03-4a66-bd7d-3195c8fedb85,2026-06-03 05:46:22.854701
dlq,q4_compare,Z4,,0.0,3,2638f292-f03d-4766-a4fc-3c7c6fa26872,2026-06-03 05:46:22.857813
processed,q3_density,Z1,cache,56666.36037826538,1,2c26f3af-0675-48a4-b9fd-7fc520b085c5,2026-06-03 05:46:22.859029
retry,q4_compare,Z3,,0.0,2,bedefd5d-f08f-424f-bdef-ac7ae47261e4,2026-06-03 05:46:23.276950
processed,q2_area,Z3,cache,111906.5375328064,1,81afd251-064c-42bb-94ca-0f0e8d14482c,2026-06-03 05:46:23.278874
retry,q4_compare,Z5,,0.0,1,b18fd953-cfe7-47db-99f5-d6d33fff937e,2026-06-03 05:46:23.358458
processed,q3_density,Z4,cache,28028.36847305298,0,c069bcc3-8042-4f5d-9dcb-6c7f6beaaabe,2026-06-03 05:46:23.360269
processed,q1_count,Z3,cache,26673.54393005371,0,9cf66acf-d643-49ce-b64a-4e62b3336c24,2026-06-03 05:46:23.361799
processed,q2_area,Z2,cache,26022.08709716797,0,a074b6c4-c652-41e7-b125-4e3acac27f45,2026-06-03 05:46:23.363289
processed,q4_compare,Z4,cache,24315.535306930542,0,79ac7eed-b74a-40aa-ac88-19a83b87f15c,2026-06-03 05:46:23.364676
processed,q1_count,Z3,cache,24065.927743911743,0,5338d565-c315-42f2-89df-2be8f1956923,2026-06-03 05:46:23.365989
processed,q5_confidence_dist,Z3,cache,22409.837245941162,0,d8c57b86-c200-470a-a00a-9040d46268d0,2026-06-03 05:46:23.367268
processed,q1_count,Z5,cache,22059.502840042114,0,a4766159-cd39-4157-a7ea-dcdb3a7f7ba9,2026-06-03 05:46:23.368596
processed,q5_confidence_dist,Z5,cache,21709.03968811035,0,9bbcae4c-bff0-49e4-ba82-4c271208062b,2026-06-03 05:46:23.369818
processed,q4_compare,Z4,cache,21157.681941986084,0,91fd1c10-43c3-4cb0-89c7-b224de8e966c,2026-06-03 05:46:23.371252
processed,q4_compare,Z1,cache,20355.680227279663,0,b9e6e1b5-3387-4a18-ae85-a07dd2df8a5c,2026-06-03 05:46:23.372524
processed,q3_density,Z2,cache,18950.202703475952,0,84e8fdf8-994a-4b45-a294-3bd466e7524e,2026-06-03 05:46:23.373813
processed,q1_count,Z1,cache,18599.30944442749,0,e8957f38-23ba-4d42-8451-9acdd8f2cbe9,2026-06-03 05:46:23.374977
processed,q3_density,Z4,cache,17344.867944717407,0,fd53a19b-f072-43c9-af54-47c561bcf7bf,2026-06-03 05:46:23.378373
processed,q3_density,Z5,cache,16794.174432754517,0,007d642e-b7f7-4ad0-aeed-1f06217344d6,2026-06-03 05:46:23.379959
processed,q1_count,Z3,cache,16143.228530883789,0,bd28eeec-e755-4266-a088-ca042a1e8eca,2026-06-03 05:46:23.382378
processed,q1_count,Z2,cache,15191.098928451538,0,e508ffe6-2deb-43a8-8e7d-9b486e077c08,2026-06-03 05:46:23.384294
processed,q3_density,Z1,cache,15042.243719100952,0,770e7c0a-e82e-40f1-a33f-8fcbc04dc772,2026-06-03 05:46:23.386124
processed,q4_compare,Z2,cache,14692.188501358032,0,7aa49c38-0986-4406-acf1-b675c2e16d07,2026-06-03 05:46:23.387919
processed,q3_density,Z5,cache,13789.917945861816,0,14e9a522-2b0b-4331-8e61-332a40c300b4,2026-06-03 05:46:23.389369
processed,q3_density,Z3,cache,13288.991212844849,0,b97d4dd5-67dc-437c-a553-1906f612552e,2026-06-03 05:46:23.390721
processed,q4_compare,Z1,cache,13240.11492729187,0,90a44cfc-8c06-4e81-8efe-26b853de7779,2026-06-03 05:46:23.392054
processed,q1_count,Z4,cache,11332.748174667358,0,76e6e0ed-2249-4f87-bcb4-65dbd901eb06,2026-06-03 05:46:23.393480
processed,q5_confidence_dist,Z2,cache,10630.460977554321,0,36eb35f1-42d9-4584-99f4-45154fafcf8c,2026-06-03 05:46:23.394862
processed,q4_compare,Z4,cache,9727.45394706726,0,35fa4b8d-ccae-4572-8e8c-8cdf5e923630,2026-06-03 05:46:23.396340
processed,q2_area,Z1,cache,7266.565799713135,0,a1880cbb-69f8-4e7a-b5a6-7c61e28d4abc,2026-06-03 05:46:23.397712
processed,q2_area,Z1,cache,6463.999032974243,0,c441cb1f-c09d-4376-b250-da629cc5e3a6,2026-06-03 05:46:23.399060
processed,q3_density,Z4,cache,6063.423156738281,0,a1c6c478-fe14-4e92-939d-e2987e5a3c91,2026-06-03 05:46:23.400396
processed,q4_compare,Z2,cache,5763.3957862854,0,0a5a8c83-d511-4fd4-8043-d3f8654743bf,2026-06-03 05:46:23.401667
processed,q1_count,Z1,cache,5212.137460708618,0,0cc6c19e-aa84-4f95-a6f6-3bebafdc9f40,2026-06-03 05:46:23.402928
processed,q4_compare,Z3,cache,4961.960792541504,0,5a864968-68a0-4d06-ac25-fad7d28e5eaa,2026-06-03 05:46:23.404253
processed,q5_confidence_dist,Z4,cache,29380.352020263672,0,9bd6f563-5f9d-448b-bef7-ae0ce30883a8,2026-06-03 05:46:23.405533
processed,q3_density,Z2,cache,28426.787853240967,0,e14a5116-c1b3-4f9d-a22b-20ef84b7b6a7,2026-06-03 05:46:23.406673
processed,q1_count,Z1,cache,27825.03318786621,0,492a4b4e-3578-4010-a5b8-08e22fa5b1e4,2026-06-03 05:46:23.407774
processed,q3_density,Z1,cache,27574.962854385376,0,3c66ad62-6384-410b-849e-d761ff354a32,2026-06-03 05:46:23.408883
processed,q2_area,Z4,cache,25717.31662750244,0,e183a09c-77d7-4045-ab86-bf57b90ccb19,2026-06-03 05:46:23.409976
processed,q2_area,Z5,cache,23709.479093551636,0,53372aaa-a870-4ec5-a97f-1e5304fdf799,2026-06-03 05:46:23.411030
processed,q2_area,Z5,cache,23107.948541641235,0,39706bde-b90d-4248-a313-a54ca477eb1a,2026-06-03 05:46:23.412111
processed,q5_confidence_dist,Z2,cache,20949.002742767334,0,8218d822-31fb-42ae-affd-991460f2277a,2026-06-03 05:46:23.413162
processed,q4_compare,Z2,generator,19599.874019622803,0,274a645e-8646-486d-b199-5f65b146b1bf,2026-06-03 05:46:23.420581
processed,q1_count,Z4,cache,18948.148488998413,0,25615b3b-ffb9-480a-b689-f32818a652ff,2026-06-03 05:46:23.422329
processed,q3_density,Z3,cache,18849.111080169678,0,b948c757-1bca-4636-ac20-fba7790305d0,2026-06-03 05:46:23.423673
processed,q4_compare,Z3,cache,17241.015911102295,0,12cc5f41-2235-49c7-8140-5f9a7f20b7d6,2026-06-03 05:46:23.424955
processed,q4_compare,Z4,cache,16137.60757446289,0,9c5bca3e-a6a7-4e56-b07c-0070f1892ccf,2026-06-03 05:46:23.426223
processed,q3_density,Z5,cache,15837.537288665771,0,2b4c739d-58ba-49aa-a987-f8aca50ce1af,2026-06-03 05:46:23.427665
processed,q4_compare,Z3,cache,14331.865072250366,0,48a21e22-5291-4840-b5aa-67126eb20b93,2026-06-03 05:46:23.429051
processed,q2_area,Z5,cache,7852.414846420288,0,7a504f81-dcd6-43b3-8edf-2e85352b179e,2026-06-03 05:46:23.430186
processed,q3_density,Z2,cache,7652.2557735443115,0,fd9d4c2a-d39e-409c-a05f-708dc137d7bf,2026-06-03 05:46:23.431260
processed,q3_density,Z4,cache,6346.88138961792,0,d9dc2f8a-ba99-4fe3-8c72-84382fa36dc5,2026-06-03 05:46:23.432329
processed,q4_compare,Z2,cache,6046.456098556519,0,11775e1d-650b-4fbd-bf06-7453c16c15ba,2026-06-03 05:46:23.433344
processed,q3_density,Z1,cache,5846.590995788574,0,6744ecd5-c18f-4c78-8d8a-379ddc0abf0e,2026-06-03 05:46:23.434337
processed,q1_count,Z3,cache,5395.571708679199,0,7fb3363a-c34d-4280-8378-5a36d39c500f,2026-06-03 05:46:23.435378
processed,q2_area,Z4,cache,3638.594150543213,0,6ddb65d7-ddb4-4e72-9e1c-415691104a0f,2026-06-03 05:46:23.436402
processed,q2_area,Z4,cache,3438.6942386627197,0,c357a8bd-f848-4ab6-ae45-2ce66fc952d4,2026-06-03 05:46:23.437398
processed,q3_density,Z4,cache,2284.1033935546875,0,ca89c26a-0444-409d-9d1c-57572de4050e,2026-06-03 05:46:23.438398
processed,q2_area,Z5,cache,2134.413480758667,0,19b526f0-18e4-4b69-a244-46a04a1abb3c,2026-06-03 05:46:23.439392
processed,q1_count,Z4,generator,68052.59251594543,2,616562b8-d930-4d99-9133-fa253863d431,2026-06-03 05:46:23.444705
recovered,q1_count,Z4,generator,68052.59251594543,2,616562b8-d930-4d99-9133-fa253863d431,2026-06-03 05:46:23.445788
processed,q2_area,Z3,cache,383.7575912475586,0,79c61f6d-4aa9-4560-8157-e354067a0108,2026-06-03 05:46:23.446901
processed,q2_area,Z4,cache,1439.5906925201416,0,cac9cfa5-8000-4ea6-80cb-37ba0ced0fd8,2026-06-03 05:46:23.447967
processed,q4_compare,Z1,cache,1641.4918899536133,0,d63f229b-857d-4205-8054-d98c8d53a0dd,2026-06-03 05:46:23.448988
processed,q4_compare,Z1,cache,186.01155281066895,0,4f338e7a-b570-4e6c-aa22-085d505d7464,2026-06-03 05:46:23.450016
processed,q5_confidence_dist,Z5,cache,8627.517938613892,0,d0e9e378-740c-43fb-ad2d-84145f23d12f,2026-06-03 05:46:23.451013
processed,q2_area,Z4,cache,6316.369533538818,0,7e185b69-a163-4acf-8422-d8ebd3dba891,2026-06-03 05:46:23.452020
processed,q4_compare,Z2,cache,4810.240983963013,0,49260d1a-e573-448f-80ea-afb37137941d,2026-06-03 05:46:23.453051
processed,q3_density,Z2,cache,4007.772207260132,0,ea9dbfc1-9de1-419d-a26f-09ce44bb8783,2026-06-03 05:46:23.454065
processed,q5_confidence_dist,Z1,cache,3004.35209274292,0,e6582e83-ac85-462d-94f5-12ce28cf4033,2026-06-03 05:46:23.455091
processed,q5_confidence_dist,Z4,cache,2502.824068069458,0,433a8b32-27ad-47c1-a726-607a42ed441a,2026-06-03 05:46:23.456111
processed,q5_confidence_dist,Z4,cache,996.7796802520752,0,44857193-2944-4886-8d15-8730c398af15,2026-06-03 05:46:23.457098
processed,q2_area,Z2,cache,696.4430809020996,0,a7fe11c0-bfe5-48d9-9f79-6eaa5f8a20c4,2026-06-03 05:46:23.458354
processed,q2_area,Z1,cache,346.1477756500244,0,3c471fd5-57b0-4774-a790-0288fa614db3,2026-06-03 05:46:23.460019
processed,q1_count,Z5,cache,297.73926734924316,0,9640cc67-8dd3-4b07-bc25-b24bbc56f2a1,2026-06-03 05:46:23.461512
processed,q1_count,Z2,cache,99.46727752685547,0,88a94b95-e19c-49fa-818d-d21fdc6843b9,2026-06-03 05:46:23.464348
processed,q3_density,Z2,cache,1205.9760093688965,0,d5e46369-d057-4fc6-a2cc-0944617620d3,2026-06-03 05:46:23.465607
processed,q2_area,Z5,cache,2.732992172241211,0,745af8b2-8f93-40b1-ae89-f2b9f62d041f,2026-06-03 05:46:23.467771
processed,q1_count,Z1,cache,2.1123886108398438,0,d1389b4b-3728-4c8b-9df2-9d0d177ed115,2026-06-03 05:46:23.819263
retry,q4_compare,Z1,,0.0,2,d584233f-d73c-46e0-b5f7-5b0d111b0393,2026-06-03 05:46:23.863214
processed,q4_compare,Z2,cache,70733.16216468811,1,840ed435-f647-4aca-a559-ec0efb8b3aa9,2026-06-03 05:46:23.864939
processed,q1_count,Z5,cache,1.3277530670166016,0,05afb630-306b-4ca7-ac8f-f7e376587379,2026-06-03 05:46:23.868480
dlq,q4_compare,Z4,,0.0,3,306b7156-2829-4d94-8996-06cc1601e1b1,2026-06-03 05:46:23.869264
processed,q4_compare,Z2,cache,15476.568698883057,0,6f4f3f0e-d220-4604-9271-365748305dbe,2026-06-03 05:46:23.870490
processed,q1_count,Z5,cache,14523.533344268799,0,17c81ab7-164b-4d8c-bd7f-9458486f66f5,2026-06-03 05:46:23.871558
processed,q2_area,Z2,cache,9852.527856826782,0,0eca6d1d-511d-4206-9bf3-883ae8375dd7,2026-06-03 05:46:23.872560
processed,q5_confidence_dist,Z1,cache,7089.541912078857,0,76e9cefb-9f50-4c02-9d10-894c2c178261,2026-06-03 05:46:23.873596
processed,q2_area,Z4,cache,6889.61124420166,0,12bfbcdb-cfa2-402c-bdd3-1657b7f4e744,2026-06-03 05:46:23.874592
processed,q5_confidence_dist,Z2,cache,6689.722776412964,0,381894c9-527e-48d2-ae0d-f9379239485f,2026-06-03 05:46:23.875646
processed,q3_density,Z4,cache,6037.7516746521,0,0d456d33-628e-4dc2-ac3b-e500c89fd536,2026-06-03 05:46:23.877112
processed,q3_density,Z5,cache,4833.566188812256,0,e29b322f-e536-4cfb-b22b-d1357c1a30be,2026-06-03 05:46:23.878765
processed,q3_density,Z2,cache,14933.593273162842,0,3009dcd4-32b1-413f-b0a2-66f65e2936dd,2026-06-03 05:46:23.880054
processed,q3_density,Z2,cache,13026.305675506592,0,8e9c7186-d86f-4965-988a-08e340d1f652,2026-06-03 05:46:23.881512
processed,q1_count,Z1,cache,10013.302087783813,0,575dc1cd-f8d8-4ade-a980-2705693013b2,2026-06-03 05:46:23.883051
processed,q1_count,Z5,cache,8960.152626037598,0,0a43f415-f681-468b-987d-7e1e9d6f86e8,2026-06-03 05:46:23.884261
processed,q4_compare,Z1,cache,7603.8713455200195,0,dd91cc1e-2c5b-4055-a278-0faa1a0da376,2026-06-03 05:46:23.885437
processed,q3_density,Z4,cache,7554.795980453491,0,9ac3ada3-a313-4f00-8224-f43d2040f160,2026-06-03 05:46:23.886542
processed,q1_count,Z2,cache,7153.794050216675,0,2c5b5cef-6057-4254-be0b-03aa5b7047e6,2026-06-03 05:46:23.887603
processed,q4_compare,Z1,cache,6351.064443588257,0,d76c4b8f-50b5-4ef2-ba54-7fd1695bc61d,2026-06-03 05:46:23.888627
processed,q3_density,Z2,cache,5950.250864028931,0,e09595a8-727c-4a3b-b1c0-fe2ea53d7b01,2026-06-03 05:46:23.889960
processed,q2_area,Z5,cache,12584.158658981323,0,95af5894-f860-4d1d-87af-4ab5695f5e38,2026-06-03 05:46:23.891227
processed,q5_confidence_dist,Z2,cache,12434.699058532715,0,6897e01b-b860-4485-8a44-e46b700bf6ab,2026-06-03 05:46:23.892490
processed,q1_count,Z5,cache,5803.510904312134,0,bf96498e-615b-45fd-b6e3-558a472fa170,2026-06-03 05:46:23.893552
processed,q1_count,Z5,cache,12185.858249664307,0,d2cf8674-eee5-4123-bfc5-c51c073cd2b3,2026-06-03 05:46:23.894590
processed,q2_area,Z1,cache,9674.69048500061,0,5088604f-dbf1-44ab-ad95-b10a143da7bc,2026-06-03 05:46:23.895607
processed,q5_confidence_dist,Z2,cache,8671.221017837524,0,e234f9c5-bc69-4f85-9eec-0d7f088f6f2d,2026-06-03 05:46:23.896673
processed,q3_density,Z3,cache,8370.334148406982,0,2ce67219-4c93-411f-b50a-eccf1c4dd2ae,2026-06-03 05:46:23.897696
processed,q5_confidence_dist,Z5,cache,7868.3459758758545,0,2a734b75-13d1-46c6-940a-8b791acd0f5b,2026-06-03 05:46:23.898697
processed,q2_area,Z1,cache,6211.3938331604,0,d93f8e67-2318-4a33-8277-b00b34ee752e,2026-06-03 05:46:23.899714
processed,q1_count,Z2,cache,4906.375885009766,0,03ef5177-4cc8-4b2e-908d-4d6a196183c5,2026-06-03 05:46:23.900713
processed,q2_area,Z1,cache,14905.372619628906,0,05656d30-d075-4393-9882-875be494b54e,2026-06-03 05:46:23.901771
processed,q5_confidence_dist,Z5,cache,14655.246019363403,0,a454847c-f7e3-4ea3-82fb-29dd3c410035,2026-06-03 05:46:23.902776
processed,q5_confidence_dist,Z2,cache,14507.413387298584,0,776d8334-0b95-425d-8bfd-d8867a17593b,2026-06-03 05:46:23.905802
processed,q3_density,Z2,cache,13956.1185836792,0,b99dc5b3-3bc5-401d-b547-6477f42d4f56,2026-06-03 05:46:23.907275
processed,q1_count,Z1,cache,11496.021270751953,0,d740619e-e3e0-4cb0-9792-9c83932b9622,2026-06-03 05:46:23.908384
processed,q1_count,Z5,cache,10291.163682937622,0,3b660d0d-aef2-47b1-bd2e-f94def708361,2026-06-03 05:46:23.909434
processed,q4_compare,Z2,cache,1.4331340789794922,0,2f3b5c83-3511-4131-ae6e-7fc33ec71b1a,2026-06-03 05:46:23.919297
processed,q3_density,Z2,cache,1.708984375,0,1e44312b-4787-4dfe-9ace-f7c8ae2c6095,2026-06-03 05:46:24.070364
processed,q2_area,Z1,cache,1.5544891357421875,0,1e5f159c-ff9c-417e-a8d1-e3f8642d1b63,2026-06-03 05:46:24.171032
processed,q1_count,Z3,cache,1.5976428985595703,0,dc22ff1f-fb34-4da0-9d16-901bbc785260,2026-06-03 05:46:24.271634
retry,q4_compare,Z5,,0.0,2,e82820f0-e5a5-42ed-98e7-b7942ec6ccda,2026-06-03 05:46:24.283435
processed,q3_density,Z4,cache,82009.62710380554,1,c741eea3-4f8b-47d6-b5c1-b7b4f2a1439e,2026-06-03 05:46:24.285483
processed,q4_compare,Z2,cache,49755.186557769775,1,2990c9b7-36f2-445b-a2d5-88424f3b8135,2026-06-03 05:46:24.286933
processed,q1_count,Z2,cache,46693.376779556274,2,5670f42d-b66c-47fa-ac0d-8bbe74d39d2c,2026-06-03 05:46:24.288178
processed,q4_compare,Z2,cache,19614.38822746277,0,2583a7aa-3a7e-4d72-9e8d-517caee01179,2026-06-03 05:46:24.289377
processed,q1_count,Z5,cache,19364.009618759155,0,7f906ff0-ba43-42d6-9cdf-b61507c665f4,2026-06-03 05:46:24.290580
processed,q4_compare,Z1,cache,19264.547109603882,0,61656999-0b82-4d09-abb0-9b1e6bac16ff,2026-06-03 05:46:24.291736
processed,q1_count,Z5,cache,18058.88533592224,0,e4d608d0-b644-43c3-8252-f68192aa0c54,2026-06-03 05:46:24.293100
processed,q5_confidence_dist,Z4,cache,1.4767646789550781,0,50448f64-0eb8-4676-bfc9-a6d8c3918f5f,2026-06-03 05:46:24.321067
retry,q4_compare,Z1,,0.0,1,531692d7-61c7-4355-ae02-1ef3401b3421,2026-06-03 05:46:24.414565
processed,q5_confidence_dist,Z3,cache,9441.690444946289,0,3ab8470c-9588-4e1b-88e0-9f21b19c1398,2026-06-03 05:46:24.416110
processed,q5_confidence_dist,Z1,cache,9242.11072921753,0,720d8454-88fc-4aee-8670-9da3c1e2d04c,2026-06-03 05:46:24.417530
processed,q4_compare,Z5,cache,8790.626049041748,0,6572121f-dce9-4dfc-9420-e09cf51de44e,2026-06-03 05:46:24.418757
processed,q5_confidence_dist,Z5,cache,7736.353874206543,0,d43cc60b-105c-4d13-a371-df6134df7344,2026-06-03 05:46:24.420032
processed,q4_compare,Z1,generator,9947.93725013733,1,531692d7-61c7-4355-ae02-1ef3401b3421,2026-06-03 05:46:24.420548
processed,q1_count,Z3,cache,7184.917211532593,0,909f97c6-54e5-4aa1-8bae-9c5545b52d39,2026-06-03 05:46:24.421495
recovered,q4_compare,Z1,generator,9947.93725013733,1,531692d7-61c7-4355-ae02-1ef3401b3421,2026-06-03 05:46:24.422294
processed,q4_compare,Z2,cache,5729.8760414123535,0,7394fcb3-edb0-4c38-9c51-97b57207f22c,2026-06-03 05:46:24.423552
processed,q5_confidence_dist,Z3,cache,42761.23905181885,0,1171102e-bef5-4eb5-b2b9-79b0a2880a60,2026-06-03 05:46:24.424866
processed,q5_confidence_dist,Z5,cache,41757.683992385864,0,de4f330a-b755-4c44-b40f-698322da181d,2026-06-03 05:46:24.426130
processed,q1_count,Z3,cache,40954.9720287323,0,d098e9f2-e121-4365-a183-1c5de083a286,2026-06-03 05:46:24.427599
processed,q1_count,Z5,cache,40906.195640563965,0,60e4ff8a-a646-468a-a435-808853a539da,2026-06-03 05:46:24.428836
processed,q4_compare,Z1,cache,38496.18577957153,0,48302048-ab80-4ff2-a2db-b8a73da27525,2026-06-03 05:46:24.429917
processed,q2_area,Z5,cache,36386.762380599976,0,92a4308b-8bfa-4a93-a351-7e555d2a04de,2026-06-03 05:46:24.430998
processed,q1_count,Z2,cache,33974.52473640442,0,d74fb725-4eb2-40ad-8469-44130d2d399d,2026-06-03 05:46:24.432218
processed,q3_density,Z5,cache,33321.82025909424,0,74f4994e-f196-4852-a59d-b95f43196b33,2026-06-03 05:46:24.433275
processed,q2_area,Z4,cache,32418.61367225647,0,e5a04d48-ddef-4799-bb56-3db39a38d6d2,2026-06-03 05:46:24.434545
processed,q4_compare,Z4,cache,31314.717531204224,0,3497db94-7a3f-485e-a3e0-e8ddbf2327a6,2026-06-03 05:46:24.435580
processed,q5_confidence_dist,Z5,cache,30160.435676574707,0,dab1b9b3-9ad5-4e1c-87ac-d77cb0154f0c,2026-06-03 05:46:24.436625
processed,q1_count,Z2,cache,28453.05871963501,0,2ccef13d-9f3a-4df1-92de-d90d8b3e88a8,2026-06-03 05:46:24.437623
processed,q5_confidence_dist,Z5,cache,27348.918676376343,0,0f38a65c-4d3c-48cb-8a3e-bb0a9433430b,2026-06-03 05:46:24.438645
processed,q3_density,Z3,cache,27249.54390525818,0,55cd838b-dd89-4fd3-8e60-ebe08714111d,2026-06-03 05:46:24.439705
processed,q4_compare,Z3,generator,26904.980182647705,0,fc13c151-9b52-4b61-8b1a-bff1d894fc61,2026-06-03 05:46:24.447258
processed,q3_density,Z3,cache,26153.11026573181,0,356f94da-ba42-4b71-a8de-139f2322433e,2026-06-03 05:46:24.448653
processed,q1_count,Z4,cache,25551.56898498535,0,7d63e8f3-e6ae-413f-9ffb-63efa3779f90,2026-06-03 05:46:24.449769
processed,q4_compare,Z3,cache,25201.15089416504,0,cb334461-bdf5-468b-b73e-240393443526,2026-06-03 05:46:24.450781
processed,q2_area,Z5,cache,24599.626064300537,0,379afa15-059f-429e-bf1a-ff2e8873cd5f,2026-06-03 05:46:24.451840
processed,q5_confidence_dist,Z4,cache,24249.220609664917,0,9552cc8a-a902-4e62-b680-bac83bdd8955,2026-06-03 05:46:24.452967
processed,q1_count,Z3,cache,23747.929096221924,0,6b2b66ad-f407-4bcf-b60e-286cae1eb2a8,2026-06-03 05:46:24.454349
processed,q3_density,Z2,cache,23648.85187149048,0,65ad29e5-f9bf-495e-94cc-f9bbe7d229ec,2026-06-03 05:46:24.455681
processed,q2_area,Z1,cache,22846.367359161377,0,72518564-ad40-45d8-917c-e593420aa4a9,2026-06-03 05:46:24.456974
processed,q5_confidence_dist,Z1,cache,21240.560293197632,0,693f7f98-fed4-4579-9582-6c03c3e37ed4,2026-06-03 05:46:24.458211
processed,q4_compare,Z1,cache,18074.66697692871,0,8f6827e0-160f-46a4-ae31-deb382411d59,2026-06-03 05:46:24.459512
processed,q2_area,Z2,cache,13304.435968399048,0,a88fe348-8c97-4468-b5a8-b415b882b0f4,2026-06-03 05:46:24.460643
processed,q5_confidence_dist,Z3,cache,11295.618057250977,0,0aa8ce86-b10d-4d84-b888-4305d3cc3941,2026-06-03 05:46:24.461925
processed,q3_density,Z3,cache,8583.432674407959,0,5d667f76-d6f4-4bf3-9da6-e26d1f0ce9ae,2026-06-03 05:46:24.463296
processed,q3_density,Z3,cache,1.7023086547851562,0,405849d6-004a-49fd-9c29-6f20f0da08d2,2026-06-03 05:46:24.573043
processed,q5_confidence_dist,Z3,cache,1.3613700866699219,0,9dd99040-235a-43f2-b7cb-f0ad1eedcb54,2026-06-03 05:46:24.622521
retry,q4_compare,Z2,,0.0,1,dd8ca852-e643-420b-a7e2-78ef8f433b66,2026-06-03 05:46:24.798861
processed,q3_density,Z4,cache,16004.626274108887,0,833d7c77-ac41-4786-baf0-26a66fd1f61e,2026-06-03 05:46:24.800647
processed,q5_confidence_dist,Z2,cache,15654.67643737793,0,32540bb1-1733-4e47-86e1-9b144defc135,2026-06-03 05:46:24.802291
processed,q1_count,Z4,cache,14752.162456512451,0,6a3bdffe-932f-4361-8017-dfde9a1c9f6b,2026-06-03 05:46:24.803523
processed,q3_density,Z5,cache,14451.994895935059,0,aa11e9d2-ba27-4cd3-9c75-413c346bcb80,2026-06-03 05:46:24.804634
processed,q1_count,Z3,cache,13850.378513336182,0,a5f94e35-c5ef-4208-aac9-12e1f8335187,2026-06-03 05:46:24.805684
processed,q1_count,Z1,cache,13751.018762588501,0,8ec5a261-03f3-437a-a937-8c279cfb4ca7,2026-06-03 05:46:24.807030
processed,q2_area,Z4,cache,11491.305589675903,0,eee55271-297a-4ad5-8798-03240801553c,2026-06-03 05:46:24.808401
processed,q1_count,Z4,cache,10990.417003631592,0,8b16827a-eb00-420a-a288-cfaf0c1317c2,2026-06-03 05:46:24.810336
processed,q3_density,Z4,cache,8731.110572814941,0,7cf89206-83bd-4f39-ba34-897f509bd303,2026-06-03 05:46:24.812275
processed,q4_compare,Z2,generator,8234.359741210938,0,77a52ca2-8999-4961-b6fe-7ce7e79cefde,2026-06-03 05:46:24.817779
processed,q5_confidence_dist,Z1,cache,6578.377723693848,0,b2c39184-ed2c-4178-8646-7f7fdcaea27c,2026-06-03 05:46:24.819778
processed,q1_count,Z2,cache,5726.263523101807,0,94d7f63a-533d-426d-95dc-9d9776b50a1a,2026-06-03 05:46:24.821689
processed,q3_density,Z5,cache,19946.887254714966,0,0a4e1ef8-7311-4865-984e-406b9565f77b,2026-06-03 05:46:24.823541
processed,q3_density,Z3,cache,18992.70272254944,0,2bf2695d-401e-4e4c-84f9-c6efc9f22f06,2026-06-03 05:46:24.825450
processed,q3_density,Z1,cache,18291.532516479492,0,eaf37fbe-ac67-4ce7-a1ac-f92569f04cab,2026-06-03 05:46:24.827415
processed,q2_area,Z1,cache,17740.933179855347,0,4dc6d146-7839-44e2-b7fa-48d7aecde81c,2026-06-03 05:46:24.829127
processed,q5_confidence_dist,Z3,cache,17441.304206848145,0,b75684e9-8e23-444f-b2c6-f35cb06f3baf,2026-06-03 05:46:24.830752
processed,q2_area,Z4,cache,16538.83409500122,0,89951b11-045f-4623-b1dc-3ca3ec18478d,2026-06-03 05:46:24.832346
processed,q2_area,Z4,cache,15184.113502502441,0,82bb648e-919e-4a7a-9a65-6ddfe11b615e,2026-06-03 05:46:24.833970
processed,q4_compare,Z2,cache,15135.494232177734,0,3c2c8b2d-a10f-4826-91cc-f4885a03a7aa,2026-06-03 05:46:24.835548
processed,q3_density,Z3,cache,13931.548118591309,0,2e356765-9135-4ea1-b055-2fe2c950ff3f,2026-06-03 05:46:24.837404
processed,q1_count,Z2,cache,12577.168703079224,0,61cacd3a-6f9e-49f1-8ec8-b93bd54858c9,2026-06-03 05:46:24.838967
processed,q3_density,Z2,cache,12276.918172836304,0,e725f533-f2ad-4e05-bc21-c908c49a90f7,2026-06-03 05:46:24.840540
processed,q2_area,Z3,cache,11926.782369613647,0,d3412a5b-4a40-4dbb-b0e9-2f8b5436bf92,2026-06-03 05:46:24.842124
processed,q1_count,Z2,cache,10471.993446350098,0,131b0367-d796-4ea1-b819-a731bfb8db76,2026-06-03 05:46:24.844701
processed,q2_area,Z1,cache,10276.37791633606,0,7250cef5-75c2-4a32-bd0b-7d41a7d6b42d,2026-06-03 05:46:24.849460
processed,q2_area,Z2,cache,8619.556665420532,0,b1622eb8-2f86-4893-aba8-826c2dd9ad33,2026-06-03 05:46:24.851475
processed,q2_area,Z2,cache,18518.331289291382,0,60b51fe1-443f-4f7b-ba4e-2091ab977b24,2026-06-03 05:46:24.853238
processed,q1_count,Z3,cache,17917.503118515015,0,72c67d6f-eb0e-4a4c-97c6-17c6cc8f6ab3,2026-06-03 05:46:24.854990
processed,q5_confidence_dist,Z4,cache,16613.497734069824,0,992d10f3-4dfa-49c3-bafd-4736a01ffe22,2026-06-03 05:46:24.856569
processed,q4_compare,Z4,cache,16263.120412826538,0,e778c9a2-1620-4424-810e-846484c80e85,2026-06-03 05:46:24.858338
processed,q1_count,Z5,cache,15812.900066375732,0,462e6c8b-d6e8-4492-bbef-9a39bf83c8a2,2026-06-03 05:46:24.860275
processed,q1_count,Z2,cache,15061.468601226807,0,fbc9090b-7615-4983-99f9-df0876f8e6ea,2026-06-03 05:46:24.862088
processed,q5_confidence_dist,Z5,cache,13355.477333068848,0,8baf6c01-d02b-4b62-8857-0407a9f75f55,2026-06-03 05:46:24.863843
processed,q2_area,Z2,cache,12704.209089279175,0,a7462e2e-62c6-4fb0-871e-3314c50cd29c,2026-06-03 05:46:24.865625
processed,q3_density,Z5,cache,12655.827522277832,0,7c242402-296d-4b36-bc35-cf3098c3fe83,2026-06-03 05:46:24.867289
processed,q2_area,Z2,cache,9441.636085510254,0,e3446e60-c592-4b49-babe-107fb4c946f5,2026-06-03 05:46:24.868462
processed,q2_area,Z5,cache,9392.433404922485,0,d22b7065-4f1d-4313-8277-264fb9c86267,2026-06-03 05:46:24.869527
processed,q5_confidence_dist,Z5,cache,6880.973100662231,0,3bc5c7fc-0474-4b74-8e8f-391a23e32d08,2026-06-03 05:46:24.870841
processed,q3_density,Z3,cache,6530.687093734741,0,901078ee-4247-4ca0-99bb-ec6e9e6b36c5,2026-06-03 05:46:24.872508
processed,q3_density,Z3,cache,20047.804832458496,0,da46e497-486b-40f0-a56b-8cdf23f8bd28,2026-06-03 05:46:24.874089
processed,q1_count,Z5,cache,18440.330266952515,0,75f2b9e1-e3d3-4c03-a1c3-23d16a388925,2026-06-03 05:46:24.875628
processed,q5_confidence_dist,Z1,cache,16985.67247390747,0,a2391758-af4a-455c-b1c1-80e407aef9a9,2026-06-03 05:46:24.877102
processed,q1_count,Z5,cache,14174.031019210815,0,14cb83c2-4e01-47c7-b427-352c14bfb6df,2026-06-03 05:46:24.878430
processed,q3_density,Z3,cache,13673.08521270752,0,10ecf3d0-49ed-4364-9709-b34639cbab8d,2026-06-03 05:46:24.879643
processed,q1_count,Z5,cache,12870.534420013428,0,4f6cb241-06e6-4c62-a1ba-cfd1e39be37e,2026-06-03 05:46:24.880975
processed,q3_density,Z2,cache,12771.403312683105,0,cb22324f-f4bf-4fd5-8f0d-d840236bbc92,2026-06-03 05:46:24.882243
processed,q5_confidence_dist,Z1,cache,11918.229103088379,0,fbc95d4d-0679-4d48-9191-f9cffa67a931,2026-06-03 05:46:24.883530
processed,q3_density,Z1,cache,11416.945219039917,0,053f7762-6ba4-4544-af6f-f838c07c36bd,2026-06-03 05:46:24.884760
processed,q4_compare,Z4,cache,10363.532304763794,0,3cac1026-df65-4dc9-bc40-5f27a1b5bc39,2026-06-03 05:46:24.885791
processed,q2_area,Z3,cache,9862.409591674805,0,454ce068-3b77-417a-a6a1-5a241dd0afb9,2026-06-03 05:46:24.887097
processed,q2_area,Z4,cache,6044.503211975098,0,3e31eb78-b247-497c-a264-1c2aea6b5c0e,2026-06-03 05:46:24.888274
processed,q5_confidence_dist,Z5,cache,45034.3918800354,0,9f82d864-1dae-4740-a807-8c97d6e7f536,2026-06-03 05:46:24.889649
processed,q5_confidence_dist,Z3,cache,44181.81085586548,0,3ad91d24-5cc8-4010-8e4b-89e8aed9ca88,2026-06-03 05:46:24.890897
processed,q3_density,Z5,cache,43278.83315086365,0,63c53eea-1c13-4e7c-b371-a6d493033ce5,2026-06-03 05:46:24.892386
processed,q4_compare,Z2,generator,40071.17938995361,0,95b79e44-d7c2-462b-b966-8b8e7e91ae6e,2026-06-03 05:46:24.900148
processed,q3_density,Z1,cache,39520.14136314392,0,98dd1661-b1ad-4890-9c12-9966ef7ff4e5,2026-06-03 05:46:24.901547
processed,q1_count,Z4,cache,38918.66850852966,0,80e61c23-a48e-49ee-a06c-a71ca79715fa,2026-06-03 05:46:24.903007
processed,q3_density,Z4,cache,37513.7414932251,0,0b96f845-f6bf-4b8d-8c97-ac9277540515,2026-06-03 05:46:24.904153
processed,q2_area,Z3,cache,36107.219219207764,0,7a29d0df-1ed8-419b-9429-519bcc1590ea,2026-06-03 05:46:24.905280
processed,q5_confidence_dist,Z4,cache,35152.9061794281,0,48c5f67f-e6c8-4133-a600-732d49f3edec,2026-06-03 05:46:24.906372
processed,q4_compare,Z3,cache,33394.11020278931,0,31d5323f-cfa7-435a-98da-31506dde4fb9,2026-06-03 05:46:24.907830
processed,q2_area,Z3,cache,30381.448984146118,0,d502669c-94a2-4b31-85fb-0c6639cfe9fe,2026-06-03 05:46:24.909277
processed,q4_compare,Z2,cache,30332.631587982178,0,cf64984c-4579-4fa4-bad8-3e532f7e870a,2026-06-03 05:46:24.910714
processed,q5_confidence_dist,Z2,cache,30283.84017944336,0,96ba96d4-4e65-422c-bfe5-143de754d269,2026-06-03 05:46:24.911871
processed,q1_count,Z3,cache,29531.24737739563,0,e197cc1a-181f-43fb-9ee5-c8db29623792,2026-06-03 05:46:24.913200
processed,q2_area,Z1,cache,29432.031631469727,0,ed4d7e17-c3a5-4cfe-8e54-f7bf0b7f1e00,2026-06-03 05:46:24.914321
processed,q1_count,Z2,cache,29382.94529914856,0,8f763714-3abd-487e-9276-a909db837adf,2026-06-03 05:46:24.915573
processed,q3_density,Z2,cache,26470.58081626892,0,bf836d3b-9089-4141-a129-825ba593e6d7,2026-06-03 05:46:24.916878
processed,q4_compare,Z1,cache,25417.236328125,0,3b238688-3702-4485-86c2-6edfada5ce45,2026-06-03 05:46:24.918192
processed,q4_compare,Z1,cache,24564.868927001953,0,b27084cb-0193-49b5-adce-a78a13cf811c,2026-06-03 05:46:24.919480
processed,q2_area,Z1,cache,22606.948852539062,0,9497ae48-00ab-4144-8eb0-11a51acf7599,2026-06-03 05:46:24.920767
processed,q3_density,Z4,cache,22407.423973083496,0,357d8b89-04ce-4802-a291-585239772a2d,2026-06-03 05:46:24.921859
processed,q5_confidence_dist,Z1,cache,22006.770610809326,0,81441e00-22f6-4c8b-a470-ed7c43143b95,2026-06-03 05:46:24.922969
processed,q4_compare,Z5,cache,20701.894521713257,0,b426e603-1154-4298-84ec-4a708a78159b,2026-06-03 05:46:24.924037
processed,q2_area,Z1,cache,19396.81649208069,0,a82cf7c3-8087-4ef2-9ab0-06ab0787cc54,2026-06-03 05:46:24.927723
processed,q3_density,Z1,cache,19197.511196136475,0,01247210-93aa-4f02-b9ab-6c0d55429c56,2026-06-03 05:46:24.929541
processed,q3_density,Z1,cache,18445.674419403076,0,35f882cf-8226-4b24-a1d8-978a4918f2c4,2026-06-03 05:46:24.931012
processed,q4_compare,Z2,cache,18196.028470993042,0,33918e6d-a67f-4eed-836c-346eb792651c,2026-06-03 05:46:24.932417
processed,q5_confidence_dist,Z1,cache,17142.873764038086,0,18a54eff-cbb4-4e59-8ba1-74c8d869f6b6,2026-06-03 05:46:24.933542
processed,q5_confidence_dist,Z5,cache,16440.358638763428,0,b26568c9-6930-4e69-9a86-22f84c3696ac,2026-06-03 05:46:24.934597
processed,q3_density,Z3,cache,15436.968564987183,0,5aa5309b-541f-4291-bc75-551097105b4f,2026-06-03 05:46:24.935670
processed,q3_density,Z5,cache,14132.116556167603,0,39f986bd-0150-4bad-9985-595f331a4c1b,2026-06-03 05:46:24.936705
processed,q3_density,Z3,cache,13932.22451210022,0,1ef21d20-f858-468c-9b95-4a2f51eb8426,2026-06-03 05:46:24.938057
processed,q5_confidence_dist,Z4,cache,11521.803855895996,0,4e155c8c-e897-4a72-9c06-aaf9886477d5,2026-06-03 05:46:24.939128
processed,q1_count,Z3,cache,9664.4127368927,0,9cf04eb6-12d4-4619-941c-1ae4b420dbf9,2026-06-03 05:46:24.940447
processed,q2_area,Z5,cache,8961.399793624878,0,468c4723-4a73-4f1a-81ff-abb3a7453659,2026-06-03 05:46:24.941703
processed,q4_compare,Z3,cache,8510.493516921997,0,565c8e0d-dee3-4cba-a815-89dc49820349,2026-06-03 05:46:24.942848
processed,q4_compare,Z1,cache,6552.379846572876,0,ada98612-040a-45a4-99bc-43eff28c507b,2026-06-03 05:46:24.944209
processed,q3_density,Z3,cache,6151.863574981689,0,220c272a-23d1-4f31-9a21-7ac86e4ca719,2026-06-03 05:46:24.945691
processed,q3_density,Z1,cache,6002.650499343872,0,1f841921-a4e3-4ae2-8022-50f624eadcb0,2026-06-03 05:46:24.947035
processed,q3_density,Z2,cache,44741.575956344604,0,65747167-8892-4e35-bbca-086ec14642aa,2026-06-03 05:46:24.948390
processed,q1_count,Z3,cache,44140.06471633911,0,0ca36ede-ba4e-420f-9221-e973c942ef93,2026-06-03 05:46:24.949722
processed,q4_compare,Z2,cache,43237.10012435913,0,4c1c94d3-1f71-4586-9c51-163031af56d3,2026-06-03 05:46:24.951081
processed,q3_density,Z4,cache,38917.98162460327,0,a61a7483-4d5e-4ac6-9137-6092a09e54a4,2026-06-03 05:46:24.952501
processed,q5_confidence_dist,Z1,cache,38316.51210784912,0,3cc59033-bb4a-4805-9226-0d0c6c93381c,2026-06-03 05:46:24.953874
processed,q4_compare,Z3,cache,36709.64288711548,0,c40119b2-036f-4e79-b3cb-916894e29b17,2026-06-03 05:46:24.955214
processed,q3_density,Z2,cache,34096.17519378662,0,54c22313-d610-447e-9a9c-44a9f26d9eae,2026-06-03 05:46:24.956505
processed,q5_confidence_dist,Z2,cache,1.7004013061523438,0,8fe7ed8f-8542-4be3-99ac-2bdd43e09028,2026-06-03 05:46:25.074967
processed,q3_density,Z2,cache,1.4803409576416016,0,93d02ea1-70c3-4071-bd7b-e97b81a00ec8,2026-06-03 05:46:25.175343
processed,q4_compare,Z1,cache,1.585245132446289,0,ba758e68-7ddc-4a50-b612-e0a8df282cd6,2026-06-03 05:46:25.225231
retry,q4_compare,Z1,,0.0,1,039d3cc6-47a0-4d9c-95f1-6631746b484a,2026-06-03 05:46:25.461027
processed,q3_density,Z3,cache,32542.689323425293,0,5010dce9-864c-4a08-bb3f-d28335d6c6a6,2026-06-03 05:46:25.463467
processed,q1_count,Z1,cache,31590.23666381836,0,ff33278b-69a5-448c-ac7e-8f7f93b8940f,2026-06-03 05:46:25.464780
processed,q4_compare,Z3,cache,30988.60478401184,0,2423915f-c49d-424f-b827-9935ce0dc535,2026-06-03 05:46:25.465967
processed,q2_area,Z5,cache,30788.87128829956,0,6b1e4eaa-ecc0-4f59-8afd-2b6c70bfc593,2026-06-03 05:46:25.467344
processed,q5_confidence_dist,Z3,cache,30740.05174636841,0,f9f9ab81-7f06-47d2-bec2-406b916aabaf,2026-06-03 05:46:25.468908
retry,q4_compare,Z5,,0.0,2,1259b8cd-47cc-4b7e-9cba-5de4df87363e,2026-06-03 05:46:25.469772
processed,q4_compare,Z5,cache,30440.28639793396,0,cc709d88-b1f5-4ef7-814d-8f5b35414571,2026-06-03 05:46:25.471266
processed,q1_count,Z3,cache,29688.90905380249,0,258b981b-7966-414a-a826-cec0bbc0091a,2026-06-03 05:46:25.473255
processed,q2_area,Z5,cache,28535.33983230591,0,8f6b9f95-47d8-496d-a39f-bf915035c6cc,2026-06-03 05:46:25.474869
processed,q3_density,Z1,cache,1.524209976196289,0,0503e4c9-0e7d-4936-8621-01f995d80f0c,2026-06-03 05:46:25.476111
processed,q5_confidence_dist,Z2,cache,27582.40556716919,0,e691b4f6-9db2-443b-89b3-a7a7781458f8,2026-06-03 05:46:25.476705
processed,q3_density,Z3,cache,25826.49827003479,0,4b619587-e955-4550-b6d3-635858fb151a,2026-06-03 05:46:25.478462
processed,q3_density,Z4,cache,25677.55150794983,0,57485eca-eeaa-4d0b-ada7-10fdabdba3c4,2026-06-03 05:46:25.480086
processed,q5_confidence_dist,Z2,cache,24473.767280578613,0,66ba63ac-e9c6-484b-80f9-3f70f0a8747b,2026-06-03 05:46:25.481608
processed,q4_compare,Z5,cache,24073.317766189575,0,e9af815d-4841-49e7-9482-fe6a396d1320,2026-06-03 05:46:25.482734
processed,q5_confidence_dist,Z1,cache,22015.291690826416,0,58f6b769-d34b-4625-a28c-71cb0a6c67a2,2026-06-03 05:46:25.483857
processed,q4_compare,Z2,cache,19803.74836921692,0,f0265f0c-d9ad-458a-ad66-0d65c564a891,2026-06-03 05:46:25.484881
processed,q3_density,Z1,cache,17444.237232208252,0,bde15763-7206-41fb-8ea5-216f51b22968,2026-06-03 05:46:25.485880
processed,q2_area,Z3,cache,16841.989278793335,0,d016e233-afa9-4161-9a23-f4d7271622f3,2026-06-03 05:46:25.486883
processed,q5_confidence_dist,Z4,cache,11718.999862670898,0,4ec50707-c0b1-4937-a811-b89ffb286fe5,2026-06-03 05:46:25.488140
processed,q1_count,Z2,cache,11418.88689994812,0,14da625c-fe18-4b3b-9553-ed06072bfc9a,2026-06-03 05:46:25.489389
processed,q5_confidence_dist,Z1,cache,11169.09384727478,0,564991f4-de0d-4e84-9c7d-f2a0e6def45d,2026-06-03 05:46:25.490616
processed,q4_compare,Z4,cache,10868.985176086426,0,f33d04b9-9b3a-456d-8527-4a9092036692,2026-06-03 05:46:25.491705
processed,q2_area,Z4,cache,10418.108463287354,0,30dc22c6-9553-4e94-914f-758e5f6cef18,2026-06-03 05:46:25.492832
processed,q5_confidence_dist,Z4,cache,10117.482662200928,0,ba01c87c-9a3c-4996-beed-c539a5adf8af,2026-06-03 05:46:25.493884
processed,q4_compare,Z5,cache,9766.237497329712,0,3b7a4a16-11da-4759-987f-3ca82cdd125e,2026-06-03 05:46:25.494908
processed,q1_count,Z4,cache,9314.882516860962,0,f3dc6db7-1264-438b-9524-941e9f6780cc,2026-06-03 05:46:25.495995
processed,q1_count,Z2,cache,8964.295387268066,0,f4caa221-d9f0-4025-ae72-38ca23ec00cf,2026-06-03 05:46:25.496993
processed,q1_count,Z4,cache,6604.280471801758,0,9b8458be-347d-4435-8f99-207241925e82,2026-06-03 05:46:25.498222
dlq,q4_compare,Z5,,0.0,3,e82820f0-e5a5-42ed-98e7-b7942ec6ccda,2026-06-03 05:46:25.504599
dlq,q4_compare,Z2,,0.0,3,649cbfa3-4cf4-4a0f-a773-40c45f073d3b,2026-06-03 05:46:25.508984
processed,q1_count,Z5,cache,38069.55099105835,1,435fe411-1f1c-4c4d-be01-531c99c627e6,2026-06-03 05:46:25.510307
processed,q4_compare,Z3,cache,24956.095933914185,1,a5eb1216-7052-4014-bb86-3365acac6285,2026-06-03 05:46:25.511462
processed,q4_compare,Z3,generator,59123.478412628174,2,8afe2a10-bba1-469b-987e-a650ee0d5624,2026-06-03 05:46:25.517544
recovered,q4_compare,Z3,generator,59123.478412628174,2,8afe2a10-bba1-469b-987e-a650ee0d5624,2026-06-03 05:46:25.518804
dlq,q4_compare,Z1,,0.0,3,d584233f-d73c-46e0-b5f7-5b0d111b0393,2026-06-03 05:46:25.523185
processed,q3_density,Z1,cache,1.7261505126953125,0,b845f524-78bf-43cd-a551-a3cb5e53f0c4,2026-06-03 05:46:25.526766
dlq,q4_compare,Z5,,0.0,3,ef0dbe82-b3ec-4afb-bdc4-2ac19abc2f4a,2026-06-03 05:46:25.527672
dlq,q4_compare,Z3,,0.0,3,d85e38f9-d38a-46de-8dd6-13087e4d63ab,2026-06-03 05:46:25.532483
processed,q1_count,Z5,cache,33316.9584274292,2,e04e1839-d92d-480a-acbd-32083e797217,2026-06-03 05:46:25.533831
processed,q1_count,Z4,cache,6189.0881061553955,0,022ef37f-0b2b-4bf5-99ab-f707821daa60,2026-06-03 05:46:25.535293
processed,q1_count,Z3,cache,6039.806365966797,0,7b7136e2-f00d-420a-b173-2fa1c07bb197,2026-06-03 05:46:25.536413
processed,q4_compare,Z1,cache,5940.452098846436,0,6149ce2a-8f6f-48e7-b36d-cd7194ac77bc,2026-06-03 05:46:25.537464
processed,q4_compare,Z4,cache,4333.950042724609,0,47da1ed7-5972-43ce-8e7a-7d354b98f652,2026-06-03 05:46:25.538507
processed,q3_density,Z4,cache,3882.739782333374,0,c57507f7-f7b7-4099-99c3-1d59f9c8b762,2026-06-03 05:46:25.539535
processed,q1_count,Z2,cache,3632.646322250366,0,d39ded31-753b-415f-a8be-e0f579ae8041,2026-06-03 05:46:25.540942
processed,q4_compare,Z3,cache,3483.4001064300537,0,9255c6ab-85da-423c-9475-7b5a40ea1a43,2026-06-03 05:46:25.542286
processed,q3_density,Z3,cache,3384.3584060668945,0,5626b5bd-a4a2-40e9-851a-4b5c9bd5460c,2026-06-03 05:46:25.543603
processed,q4_compare,Z5,cache,1878.9737224578857,0,d808fbd4-3a3d-44ee-9411-b380c9713084,2026-06-03 05:46:25.544934
processed,q4_compare,Z3,cache,1126.5640258789062,0,ac350bf3-4e68-4fa6-8b6b-f6063b2a1eac,2026-06-03 05:46:25.546233
processed,q5_confidence_dist,Z1,cache,5448.129653930664,0,31cfab4d-ac85-4c4a-b0d4-767c29c68c5a,2026-06-03 05:46:25.547313
processed,q3_density,Z3,cache,4042.3221588134766,0,04e92d5c-3ca4-4e15-9d9c-c1ecd6c051a4,2026-06-03 05:46:25.548454
processed,q4_compare,Z4,cache,3691.819429397583,0,3d75ad51-c2cb-4f52-b325-a6293d4fdee5,2026-06-03 05:46:25.549622
processed,q5_confidence_dist,Z5,cache,3190.7548904418945,0,32c94a61-e9e3-4cba-9add-986d9f2880e5,2026-06-03 05:46:25.550959
processed,q2_area,Z2,cache,1082.3554992675781,0,a2a5e770-4002-4a0e-82ce-ccea884c6984,2026-06-03 05:46:25.552343
processed,q2_area,Z2,cache,5655.102968215942,0,f555f84e-bbfb-4630-b72a-89e111575b6f,2026-06-03 05:46:25.553614
processed,q2_area,Z3,cache,4953.2952308654785,0,20c1af8f-922e-48d6-bc02-8e03d52dfc5d,2026-06-03 05:46:25.554737
processed,q4_compare,Z1,cache,5054.799556732178,0,f7fba944-8fa7-4d7b-8392-39957ceea64e,2026-06-03 05:46:25.555785
processed,q5_confidence_dist,Z4,cache,3046.225070953369,0,2b8f1b31-b5c2-4bdd-b5ea-ba36ff4d7e92,2026-06-03 05:46:25.556799
processed,q1_count,Z2,cache,2595.2117443084717,0,7999797e-46fe-4d0b-8302-140f0a9da759,2026-06-03 05:46:25.557841
processed,q1_count,Z4,cache,838.1516933441162,0,6ea1458d-b875-4ac9-8764-19496abff874,2026-06-03 05:46:25.558963
processed,q2_area,Z5,cache,20432.264804840088,0,ef61393a-3008-467d-8f26-cb0cdf333c46,2026-06-03 05:46:25.560355
processed,q3_density,Z1,cache,19628.825426101685,0,c14c9299-e190-49ab-8e5e-4437733891f2,2026-06-03 05:46:25.561456
processed,q5_confidence_dist,Z4,cache,18926.831007003784,0,c6896f60-a244-44e8-b034-4d34fb86a04f,2026-06-03 05:46:25.562722
processed,q2_area,Z5,cache,15713.411569595337,0,361f8302-6794-462d-8f93-33cfbb6f3d98,2026-06-03 05:46:25.563825
processed,q2_area,Z3,cache,15362.995386123657,0,c6906788-68d2-4435-8085-58b1d5abcc85,2026-06-03 05:46:25.565131
processed,q2_area,Z1,cache,14962.456226348877,0,5bc16f6c-4360-42ce-ab3f-16957bcfe81d,2026-06-03 05:46:25.566374
processed,q2_area,Z2,cache,12501.809358596802,0,05216f7c-13c8-4358-91b5-d4e10dd9f725,2026-06-03 05:46:25.567602
processed,q4_compare,Z5,cache,12302.109003067017,0,b6adcf54-7b9d-4328-aaca-ac42d224e043,2026-06-03 05:46:25.568958
processed,q3_density,Z3,cache,12202.94189453125,0,e6c9b7bc-b14c-413d-9654-f7648d6cf099,2026-06-03 05:46:25.570208
processed,q5_confidence_dist,Z4,cache,10245.155572891235,0,32980967-68dd-41ce-9fd7-3f38e8089f3c,2026-06-03 05:46:25.571457
processed,q4_compare,Z5,cache,9743.231534957886,0,a34c54b7-b1e0-4ca9-9d21-802bde53c5c3,2026-06-03 05:46:25.572710
processed,q5_confidence_dist,Z3,cache,6981.152057647705,0,5162e83b-f7fa-4de1-b9f0-b95cb2648693,2026-06-03 05:46:25.573939
processed,q5_confidence_dist,Z1,cache,5375.485897064209,0,f7235cab-9163-4bcb-97cb-dedeb1a4dba5,2026-06-03 05:46:25.575372
processed,q2_area,Z4,cache,4020.1549530029297,0,13abac04-d013-4560-be73-89e96d1106ae,2026-06-03 05:46:25.576520
processed,q5_confidence_dist,Z2,cache,1560.2123737335205,0,a157b332-124c-4798-a376-5ffb4e88c049,2026-06-03 05:46:25.577609
processed,q4_compare,Z5,cache,757.5051784515381,0,157eb5e5-a980-44a5-a909-3c276b207e38,2026-06-03 05:46:25.578634
processed,q5_confidence_dist,Z5,cache,18542.268753051758,0,8ef3bad8-1b00-4e36-a628-29de01c3ee72,2026-06-03 05:46:25.579670
processed,q5_confidence_dist,Z5,cache,15278.345584869385,0,017e1554-0af1-4fec-a1cc-016506e3c241,2026-06-03 05:46:25.580726
processed,q1_count,Z4,cache,14475.842237472534,0,6027fb26-0767-43c0-a7a3-bcf2a89e7eda,2026-06-03 05:46:25.581745
processed,q1_count,Z4,cache,12919.178009033203,0,530d363b-0b98-44eb-9b62-30c0c1f2ea57,2026-06-03 05:46:25.582729
processed,q5_confidence_dist,Z3,cache,12870.743989944458,0,7778e96f-1f89-44ad-816d-e1335c0bb138,2026-06-03 05:46:25.584660
processed,q1_count,Z4,cache,12369.466781616211,0,98f0c888-3a82-425c-b7e0-7ec22b756d4e,2026-06-03 05:46:25.585776
processed,q4_compare,Z5,cache,11667.211055755615,0,d4a0255b-17d8-49c7-8334-7288c1b3886f,2026-06-03 05:46:25.586816
processed,q5_confidence_dist,Z4,cache,11316.73812866211,0,4f24c283-5af0-416e-967c-c6230b31657f,2026-06-03 05:46:25.587988
processed,q1_count,Z3,cache,10815.71626663208,0,26d658f2-b44c-4d5e-9ff9-76ea197bc868,2026-06-03 05:46:25.589030
processed,q1_count,Z1,cache,9660.258531570435,0,15da19c2-5c28-46a1-b6d0-48fa2efd2acd,2026-06-03 05:46:25.590046
processed,q3_density,Z3,cache,8957.857131958008,0,b7b6acd8-23e8-4ea9-8bea-0bd4b35cbd01,2026-06-03 05:46:25.591201
processed,q5_confidence_dist,Z3,cache,8758.016586303711,0,5b3b7303-74dd-4b9d-b579-4fe96e83af52,2026-06-03 05:46:25.592397
processed,q5_confidence_dist,Z2,cache,7854.898691177368,0,92ac0874-2de0-44f6-8ba1-044b9731f0b3,2026-06-03 05:46:25.593507
processed,q4_compare,Z1,cache,7052.191495895386,0,8b514a95-6431-455d-a500-0bda3df88239,2026-06-03 05:46:25.594591
processed,q2_area,Z5,cache,6048.8598346710205,0,0c4eb082-9516-4977-bbf4-3a6cb4e46260,2026-06-03 05:46:25.595869
processed,q4_compare,Z3,generator,5204.42271232605,0,fb916034-439a-4685-904b-5b2495085d9a,2026-06-03 05:46:25.605645
processed,q1_count,Z5,cache,3397.5393772125244,0,fac6a9cb-479d-4b4d-8bd8-c8279b9e4835,2026-06-03 05:46:25.606901
processed,q1_count,Z2,cache,2946.7287063598633,0,cfbfbd45-55de-44b3-8c07-01079f9b093e,2026-06-03 05:46:25.608026
processed,q3_density,Z1,cache,2746.9310760498047,0,325cc973-3f9b-44a5-98a6-77ab4b0907c7,2026-06-03 05:46:25.609203
dlq,q4_compare,Z5,,0.0,3,1259b8cd-47cc-4b7e-9cba-5de4df87363e,2026-06-03 05:46:25.614401
processed,q1_count,Z4,cache,643.8338756561279,0,9c02ec54-edbb-4c81-99af-1ddf5bf0803c,2026-06-03 05:46:25.615654
processed,q2_area,Z3,cache,293.38908195495605,0,8a962c2f-75cf-4547-8bb5-4d95cb3a74de,2026-06-03 05:46:25.616709
processed,q4_compare,Z4,cache,5769.676208496094,0,c0a0dab8-8190-4a5e-af33-19a1dacb4eec,2026-06-03 05:46:25.617709
processed,q2_area,Z2,cache,5670.192241668701,0,9532b5d5-d8c9-41e4-95e0-8a5162a955cc,2026-06-03 05:46:25.618718
processed,q2_area,Z4,cache,5972.55277633667,0,8df01bf7-e8ae-41f7-b6c0-e48afcbf4881,2026-06-03 05:46:25.619754
processed,q4_compare,Z2,cache,4215.262174606323,0,bb0f4765-53b4-42b1-8902-9e84c2115af6,2026-06-03 05:46:25.620754
processed,q2_area,Z4,cache,4165.995836257935,0,53cb87a8-29f5-42df-80ec-9fd0555b2c00,2026-06-03 05:46:25.621758
processed,q4_compare,Z5,cache,3212.6410007476807,0,1111d363-64f1-478c-bacb-f119b4017269,2026-06-03 05:46:25.622741
processed,q3_density,Z1,cache,2610.902786254883,0,2e827dd2-5190-46e7-a68a-d5fc2a0ad52b,2026-06-03 05:46:25.623751
processed,q1_count,Z3,cache,1506.8697929382324,0,7e86fb00-502d-40b5-8826-bad46c7ac25d,2026-06-03 05:46:25.624836
processed,q4_compare,Z4,cache,252.3341178894043,0,f63c9aa4-11f8-4437-a018-d666ac7f4f77,2026-06-03 05:46:25.625893
processed,q3_density,Z4,cache,3.539562225341797,0,402d58ee-3ddf-42a5-811c-5d852d5d0b99,2026-06-03 05:46:25.628338
processed,q5_confidence_dist,Z2,cache,507.0188045501709,0,f1c8c65d-6232-4c33-9b34-79ad0908a9a1,2026-06-03 05:46:25.629472
processed,q5_confidence_dist,Z5,cache,2.330780029296875,0,9b4cf4aa-121f-4252-8bce-6507fd25c4a2,2026-06-03 05:46:25.678138
processed,q2_area,Z3,cache,2.1674633026123047,0,47fdf4a4-8ec0-4ddd-a716-b4dfedfed945,2026-06-03 05:46:25.728420
processed,q2_area,Z4,cache,1.7902851104736328,0,a492526c-75b9-4f91-b60c-82485f4780a5,2026-06-03 05:46:25.778035
processed,q3_density,Z4,cache,1.9276142120361328,0,e91a952b-625a-4321-bd2d-5da79cd645fa,2026-06-03 05:46:26.029761
processed,q2_area,Z1,cache,1.8727779388427734,0,978a2ab6-193c-49d7-86d0-f88b4d4bfd09,2026-06-03 05:46:26.230263
processed,q3_density,Z5,cache,1.6961097717285156,0,91bb4347-17a6-4e0b-94bc-634881418f53,2026-06-03 05:46:26.331337
retry,q4_compare,Z5,,0.0,2,4147c736-62ad-4e6d-ab3d-ff84c847b5e3,2026-06-03 05:46:26.475535
processed,q4_compare,Z5,cache,1.653432846069336,0,95b3da92-6917-4896-98cc-87e5b83555d6,2026-06-03 05:46:26.481877
processed,q4_compare,Z5,generator,33316.524028778076,1,b18fd953-cfe7-47db-99f5-d6d33fff937e,2026-06-03 05:46:26.488580
recovered,q4_compare,Z5,generator,33316.524028778076,1,b18fd953-cfe7-47db-99f5-d6d33fff937e,2026-06-03 05:46:26.490340
dlq,q4_compare,Z3,,0.0,3,bedefd5d-f08f-424f-bdef-ac7ae47261e4,2026-06-03 05:46:26.495090
processed,q4_compare,Z5,cache,60554.86583709717,2,7a260461-d65f-4442-bdbe-5c52e7f16258,2026-06-03 05:46:26.496704
processed,q3_density,Z3,cache,5142.552137374878,0,e7fddb72-2284-4e7c-a9a3-4111e0d35585,2026-06-03 05:46:26.498001
processed,q3_density,Z1,cache,4540.94123840332,0,735b67c8-66fd-4796-a4e9-0d91b3b234c6,2026-06-03 05:46:26.499364
processed,q4_compare,Z4,cache,2884.9358558654785,0,63dfc221-d1a3-42c9-ad73-24bc0aa14f82,2026-06-03 05:46:26.500717
processed,q4_compare,Z3,cache,5850.191116333008,0,53c07111-11d7-41b5-9949-7e022c6394de,2026-06-03 05:46:26.502018
processed,q1_count,Z2,cache,4193.359375,0,64526a8e-4674-4828-b381-3c85c4bf492a,2026-06-03 05:46:26.503293
processed,q4_compare,Z5,cache,3592.012405395508,0,1c2cb964-544d-4bd5-a2b3-d7113896ffbb,2026-06-03 05:46:26.504609
processed,q3_density,Z4,cache,3191.5345191955566,0,e8fc685e-f45b-4f1f-89e4-d53e04d61387,2026-06-03 05:46:26.505909
processed,q5_confidence_dist,Z5,cache,7211.439609527588,0,c81f412c-400a-47a7-9b31-a78b0b63b099,2026-06-03 05:46:26.507099
processed,q1_count,Z2,cache,3947.3724365234375,0,1017d71f-44b0-4f9c-8f08-b6d30231f7b8,2026-06-03 05:46:26.508177
processed,q2_area,Z3,cache,7314.035177230835,0,058d42f3-00ff-4f59-8ecf-227df59fe031,2026-06-03 05:46:26.509233
processed,q2_area,Z2,cache,6260.584115982056,0,81f35814-cd0b-4b0f-a1f1-f538b0cdc2bf,2026-06-03 05:46:26.510408
processed,q3_density,Z3,cache,3800.02498626709,0,77498f9c-2046-4029-b0f2-f917a58531c6,2026-06-03 05:46:26.511500
processed,q4_compare,Z4,cache,2796.6365814208984,0,40af6f2e-c78a-4112-b98b-e9fe8392687b,2026-06-03 05:46:26.513023
processed,q4_compare,Z5,cache,17969.63357925415,0,988cdedc-480c-4bd0-8c1a-025b9fd116ea,2026-06-03 05:46:26.514441
processed,q2_area,Z1,cache,16062.446355819702,0,98f6b49f-f2b4-4266-a495-f8390158a41a,2026-06-03 05:46:26.515568
processed,q4_compare,Z1,cache,15963.1507396698,0,f95efbe5-85c6-48c8-814c-6b3520747900,2026-06-03 05:46:26.516675
processed,q2_area,Z2,cache,14859.203338623047,0,9d8eac01-e07f-4b2d-9b8f-73ad26e9b9b3,2026-06-03 05:46:26.517718
processed,q2_area,Z1,cache,14056.14161491394,0,f08faaea-8169-492f-a7c6-a993319a8d0a,2026-06-03 05:46:26.518725
processed,q5_confidence_dist,Z4,cache,14006.943702697754,0,2cf14808-9654-4d76-bc7a-8f5e26bd4893,2026-06-03 05:46:26.519809
processed,q4_compare,Z3,cache,13706.483364105225,0,6d80619d-41b2-40c0-82fb-31a647a73001,2026-06-03 05:46:26.521229
processed,q1_count,Z4,cache,11849.421977996826,0,b9977265-b765-4ce8-9233-ce4cca1dbeec,2026-06-03 05:46:26.522368
processed,q5_confidence_dist,Z5,cache,9036.084413528442,0,27c0caf1-5926-49d8-8c5d-15ad1f651f53,2026-06-03 05:46:26.523448
processed,q4_compare,Z4,cache,8635.284423828125,0,25d6b8f0-d92d-4e63-b8be-4fd6b4b02f8d,2026-06-03 05:46:26.524745
processed,q1_count,Z1,cache,6376.432657241821,0,75398bc3-fa6a-40e3-bc84-ed6b1b732738,2026-06-03 05:46:26.526079
processed,q3_density,Z4,cache,5624.087572097778,0,d232cb6b-bb43-4b04-b5cb-8299c84a2195,2026-06-03 05:46:26.527476
processed,q1_count,Z3,cache,3716.6121006011963,0,9c283cdf-cd23-4d93-a2f8-12574af4f867,2026-06-03 05:46:26.528769
processed,q1_count,Z4,cache,2964.6475315093994,0,ac2fe0d8-b573-4693-abbe-d5003c02b856,2026-06-03 05:46:26.530366
processed,q1_count,Z5,cache,2765.315055847168,0,d80021e9-bac5-470b-b2e9-ca62c647fbe4,2026-06-03 05:46:26.531938
processed,q3_density,Z1,cache,17637.073278427124,0,9c00b4b7-b086-452a-8735-afff9e4eb9ed,2026-06-03 05:46:26.533195
processed,q5_confidence_dist,Z1,cache,16533.262491226196,0,7643e2a4-b0c4-458c-b486-697d3c1e3ace,2026-06-03 05:46:26.534350
processed,q2_area,Z5,cache,15781.049013137817,0,75c149ee-e14b-4639-85a0-badfb724ddcb,2026-06-03 05:46:26.535470
processed,q1_count,Z1,cache,14576.600790023804,0,f663f6ec-374a-4833-926d-abbd42fa39c4,2026-06-03 05:46:26.536586
processed,q2_area,Z4,cache,12366.929292678833,0,418861ed-c0ec-435c-ad02-c053a6bce61d,2026-06-03 05:46:26.537651
processed,q4_compare,Z3,cache,9101.589679718018,0,94c3e44b-0b51-46ce-b0b7-5efdeb3772e7,2026-06-03 05:46:26.538723
processed,q3_density,Z2,cache,6239.744424819946,0,ffa7c284-23b1-4575-a8ba-83def6602593,2026-06-03 05:46:26.539797
processed,q2_area,Z3,cache,4783.565044403076,0,58f7c702-9629-44a8-8337-654aa8d3d712,2026-06-03 05:46:26.541179
processed,q4_compare,Z5,cache,4433.463096618652,0,3339f09e-3bf6-484c-8d00-e53053b17e91,2026-06-03 05:46:26.542504
processed,q1_count,Z4,cache,3932.575464248657,0,6114050e-8dc6-469a-99d1-f710835a7a23,2026-06-03 05:46:26.543643
processed,q4_compare,Z5,cache,3130.0530433654785,0,d110fc7f-1243-412c-aca2-e090bdee8e2b,2026-06-03 05:46:26.545185
processed,q2_area,Z1,cache,3031.359910964966,0,ffe2c0a8-3e71-43f3-b8fc-9cbf013577ef,2026-06-03 05:46:26.547128
processed,q4_compare,Z1,generator,35643.90468597412,1,039d3cc6-47a0-4d9c-95f1-6631746b484a,2026-06-03 05:46:26.554544
recovered,q4_compare,Z1,generator,35643.90468597412,1,039d3cc6-47a0-4d9c-95f1-6631746b484a,2026-06-03 05:46:26.555707
processed,q4_compare,Z2,generator,19775.079011917114,1,dd8ca852-e643-420b-a7e2-78ef8f433b66,2026-06-03 05:46:26.561733
recovered,q4_compare,Z2,generator,19775.079011917114,1,dd8ca852-e643-420b-a7e2-78ef8f433b66,2026-06-03 05:46:26.563146
dlq,q4_compare,Z5,,0.0,3,4147c736-62ad-4e6d-ab3d-ff84c847b5e3,2026-06-03 05:46:26.566566
processed,q2_area,Z1,cache,1545.7642078399658,0,cde81461-8e64-4c56-910d-45ece7e11517,2026-06-03 05:46:26.567810
processed,q3_density,Z2,cache,693.1469440460205,0,dc580bd0-5ff2-4471-a648-a245143ac188,2026-06-03 05:46:26.568916
processed,q5_confidence_dist,Z4,cache,442.9810047149658,0,a67aa171-77bf-4d0e-96ba-8a57a9233bf6,2026-06-03 05:46:26.569976
processed,q1_count,Z4,cache,393.7227725982666,0,881ff13d-5d0e-46ce-bfec-c1549ac08ed3,2026-06-03 05:46:26.571013
processed,q1_count,Z2,cache,1298.964023590088,0,d4889dfb-eba1-4e7e-bc1a-fcccbb2effaf,2026-06-03 05:46:26.572090
processed,q3_density,Z2,cache,998.7533092498779,0,a00011e3-ed62-4168-9b9c-e8841c8905a0,2026-06-03 05:46:26.573141
processed,q4_compare,Z2,cache,44.562578201293945,0,193e74dc-453e-4af4-9c80-d6670fab220b,2026-06-03 05:46:26.574167
processed,q5_confidence_dist,Z1,cache,2206.0108184814453,0,92807cf4-955f-4600-961a-2adbd34d26fd,2026-06-03 05:46:26.575256
processed,q3_density,Z1,cache,1705.0209045410156,0,ac973dbc-848a-44b9-a5ef-0452007af589,2026-06-03 05:46:26.576406
processed,q2_area,Z4,cache,751.9900798797607,0,57f67a12-1666-4dde-a7f6-a366beb44ee0,2026-06-03 05:46:26.577509
processed,q1_count,Z3,cache,652.6181697845459,0,ac730d53-2880-46c1-8331-ec0f94f3d134,2026-06-03 05:46:26.578575
processed,q3_density,Z5,cache,150.75182914733887,0,4a532d0e-5a90-4e5f-88f1-b5e279cbf9cb,2026-06-03 05:46:26.579774
processed,q4_compare,Z5,cache,2613.7659549713135,0,451aea07-d319-4a61-a16a-d8e12dec7c20,2026-06-03 05:46:26.581275
processed,q5_confidence_dist,Z3,cache,1.6334056854248047,0,da7e2e8e-8702-4116-abc5-e6fe63e2b149,2026-06-03 05:46:26.581923
processed,q1_count,Z4,cache,2062.509059906006,0,bb0d0e7f-0fed-4061-9a52-ed6fbaaf3ad3,2026-06-03 05:46:26.582451
processed,q1_count,Z3,cache,305.55009841918945,0,eaac7373-cdfc-4450-bb21-d045ef75f30a,2026-06-03 05:46:26.583613
processed,q3_density,Z4,cache,5882.817268371582,0,a2d12666-6855-4ff1-8ed1-d7f3fb46d2db,2026-06-03 05:46:26.584698
processed,q1_count,Z2,cache,3371.983766555786,0,a0627f33-2f17-47b2-b01a-b655782dc97b,2026-06-03 05:46:26.585765
processed,q2_area,Z3,cache,1.9505023956298828,0,6226cfbb-287d-4671-b777-599ed52ab8c4,2026-06-03 05:46:26.633040
processed,q2_area,Z5,cache,1.6622543334960938,0,4d4e9519-09c1-41f0-af07-5d18994da78a,2026-06-03 05:46:26.783436
processed,q5_confidence_dist,Z3,cache,1.5628337860107422,0,656ade2f-7d99-49fb-a9e7-212c1b9420a5,2026-06-03 05:46:26.833780
processed,q3_density,Z2,cache,1.5766620635986328,0,02efc644-454a-4a10-8c07-bff95969ad34,2026-06-03 05:46:26.934282
processed,q4_compare,Z4,cache,1.285552978515625,0,8cac0c19-58f4-4034-aa95-ebbce30ee63b,2026-06-03 05:46:27.084814
retry,q4_compare,Z3,,0.0,1,75965533-2979-41c3-ba8b-2c200b104698,2026-06-03 05:46:27.089325
processed,q2_area,Z3,cache,7041.64719581604,0,0b37a879-45ba-41c3-bbec-b9c170da8621,2026-06-03 05:46:27.090791
processed,q5_confidence_dist,Z5,cache,6540.711164474487,0,f08a5a6e-a26f-4cfe-b9d3-2765e17b3bf2,2026-06-03 05:46:27.092285
processed,q5_confidence_dist,Z2,cache,5486.818552017212,0,2ee73a63-4828-43c1-9f92-816cb6733454,2026-06-03 05:46:27.093406
processed,q2_area,Z2,cache,2423.9556789398193,0,60a4d58e-bc57-4447-beed-d98e90dae4b8,2026-06-03 05:46:27.094469
processed,q5_confidence_dist,Z5,cache,1119.3206310272217,0,7e740e3c-ea06-4c20-9afc-416a4acddafd,2026-06-03 05:46:27.095709
processed,q4_compare,Z1,cache,718.1880474090576,0,1ae9c354-109d-44f5-afd0-a550b2e92662,2026-06-03 05:46:27.096837
processed,q4_compare,Z5,cache,2879.4450759887695,0,044ef8a8-699a-403d-9d82-0ba833b59d6c,2026-06-03 05:46:27.097868
processed,q2_area,Z5,cache,1675.1396656036377,0,33c730dd-f77b-4327-aa48-20533092208e,2026-06-03 05:46:27.098898
processed,q2_area,Z1,cache,1023.2043266296387,0,e834288e-0d2b-4806-b77f-4418fa6a6d24,2026-06-03 05:46:27.099906
processed,q2_area,Z2,cache,2329.996109008789,0,96ead0c8-8c7e-4bf0-bc4b-8525357793d4,2026-06-03 05:46:27.100900
processed,q1_count,Z4,cache,2180.420160293579,0,813f862e-024b-48db-9e85-311ea75bfcd4,2026-06-03 05:46:27.101982
processed,q4_compare,Z3,generator,7362.815141677856,1,75965533-2979-41c3-ba8b-2c200b104698,2026-06-03 05:46:27.110945
recovered,q4_compare,Z3,generator,7362.815141677856,1,75965533-2979-41c3-ba8b-2c200b104698,2026-06-03 05:46:27.112435
processed,q4_compare,Z2,cache,80.9469223022461,0,d2c2e4c7-bd35-4841-988a-e5cbe479b6f5,2026-06-03 05:46:27.113627
processed,q1_count,Z2,cache,232.9998016357422,0,22522203-6d0c-48b4-b336-6b280dae665c,2026-06-03 05:46:27.114752
processed,q1_count,Z2,cache,385.026216506958,0,1292d8e1-d883-4dbf-a66d-1ee9eaa95743,2026-06-03 05:46:27.115883
processed,q2_area,Z3,cache,436.43832206726074,0,e9ade2cb-8923-4250-a5fd-48123a5f47ef,2026-06-03 05:46:27.116945
processed,q3_density,Z2,cache,135.62798500061035,0,c065511e-add3-48df-8174-32922d122e28,2026-06-03 05:46:27.118047
processed,q5_confidence_dist,Z3,cache,1.24359130859375,0,9cc94be0-c936-4ffc-a4bf-169f738b463b,2026-06-03 05:46:27.135013
processed,q4_compare,Z4,cache,1.5895366668701172,0,2beaecc2-5454-43fe-a8d8-dd6b9833fb31,2026-06-03 05:46:27.236085
processed,q1_count,Z5,cache,1.6374588012695312,0,f403a307-d723-4059-a74a-c24185de4908,2026-06-03 05:46:27.336698
processed,q5_confidence_dist,Z1,cache,1.5559196472167969,0,42879dce-0c86-42a6-82c4-2305d66bd557,2026-06-03 05:46:27.386403
processed,q4_compare,Z2,cache,1.8124580383300781,0,903cd923-2f80-4149-a14b-0b87a8adf3a9,2026-06-03 05:46:27.436976
processed,q5_confidence_dist,Z3,cache,1.4040470123291016,0,473ababd-7ea1-4c1d-b587-256bf9c03b83,2026-06-03 05:46:27.537730
processed,q5_confidence_dist,Z3,cache,1.432180404663086,0,c32e54d6-25ba-42f9-80f2-c3c290651a29,2026-06-03 05:46:27.587612
processed,q3_density,Z4,cache,1.3310909271240234,0,6c7c3cc9-489c-4b80-8159-cea0776a96ae,2026-06-03 05:46:27.637807
retry,q4_compare,Z3,,0.0,1,1bc081af-e730-4319-ae4f-ab15ef6ace04,2026-06-03 05:46:27.688832
processed,q3_density,Z5,cache,1.2638568878173828,0,f09279b6-aa41-43c6-8a3c-6cf560ffec36,2026-06-03 05:46:27.838924
processed,q5_confidence_dist,Z3,cache,1.2402534484863281,0,5337c3fe-fafd-4cf2-bd41-2f40e8b255bb,2026-06-03 05:46:27.888791
processed,q2_area,Z3,cache,1.6849040985107422,0,fd4a8869-7887-4f74-8b94-7c54ba9f1a16,2026-06-03 05:46:27.939755
processed,q5_confidence_dist,Z1,cache,1.180410385131836,0,9abdf2cd-988a-4040-b2f7-abc0cfacd1b4,2026-06-03 05:46:28.039814
processed,q2_area,Z3,cache,1.4431476593017578,0,3d70b159-d44e-4cc1-9ee4-4635dfe5dddc,2026-06-03 05:46:28.140318
processed,q4_compare,Z1,cache,1.5516281127929688,0,ddea2aad-7f67-4831-94d5-6ba7048cb6f3,2026-06-03 05:46:28.190367
processed,q1_count,Z3,cache,1.5034675598144531,0,8999974c-234d-4219-a729-6289f7c57dcc,2026-06-03 05:46:28.290667
processed,q1_count,Z2,cache,1.8007755279541016,0,4b936033-c36b-4461-8249-70c5045fd8b4,2026-06-03 05:46:28.341689
processed,q3_density,Z2,cache,1.6224384307861328,0,7e6976f7-2eb3-4053-891f-563ca5d0efc3,2026-06-03 05:46:28.391783
processed,q2_area,Z2,cache,1.6851425170898438,0,8118ea9b-f944-4c8a-9fee-72dec6a11c2b,2026-06-03 05:46:28.441650
processed,q3_density,Z1,cache,1.4700889587402344,0,3cce07e2-4fab-4079-bc54-379cd885daf4,2026-06-03 05:46:28.542399
processed,q4_compare,Z3,cache,1.5270709991455078,0,4d299194-ac93-43e3-8432-cac1363801b6,2026-06-03 05:46:28.693084
retry,q4_compare,Z3,,0.0,2,1bc081af-e730-4319-ae4f-ab15ef6ace04,2026-06-03 05:46:28.694075
processed,q2_area,Z4,cache,1411.5610122680664,0,04ca462c-f1ce-4940-b61c-e56337ce0ce4,2026-06-03 05:46:28.695707
processed,q4_compare,Z1,cache,1212.068796157837,0,8b2f627d-2902-4eeb-8513-abb8e9fec4b0,2026-06-03 05:46:28.697274
processed,q4_compare,Z4,cache,1012.6776695251465,0,9098f7f8-cdcd-4709-bb58-785210f9b947,2026-06-03 05:46:28.698642
dlq,q4_compare,Z3,,0.0,3,1bc081af-e730-4319-ae4f-ab15ef6ace04,2026-06-03 05:46:28.703844
processed,q4_compare,Z1,cache,466.6411876678467,0,ba2bd23a-9a4a-46c4-8b00-4136b0356cb0,2026-06-03 05:46:28.705390
processed,q5_confidence_dist,Z3,cache,116.70756340026855,0,429477a6-5d54-4cb9-8201-7b4179b4f49a,2026-06-03 05:46:28.707286
processed,q2_area,Z3,cache,620.7690238952637,0,eb287286-96a9-4ad4-ba7f-f4b09fa62959,2026-06-03 05:46:28.708938
processed,q3_density,Z5,cache,974.1189479827881,0,d43e75eb-8a53-4f06-b0d2-d6b81ba5290b,2026-06-03 05:46:28.710446
processed,q5_confidence_dist,Z4,cache,925.398588180542,0,8d9608f2-7317-4281-af85-a1ed34e298eb,2026-06-03 05:46:28.711817
processed,q5_confidence_dist,Z2,cache,72.67570495605469,0,dd46865b-6dd8-4ff7-aa11-565375ec9798,2026-06-03 05:46:28.713213
processed,q1_count,Z5,cache,727.1745204925537,0,30b3a684-8d49-4b2a-b9cc-2bcc5d6b1332,2026-06-03 05:46:28.714584
processed,q2_area,Z1,cache,226.14645957946777,0,d2a2951e-b5c7-42e3-a696-ccad158362bb,2026-06-03 05:46:28.715997
processed,q2_area,Z2,cache,1.5807151794433594,0,295a2239-e6ef-4ea8-b1ef-f06edfc095ff,2026-06-03 05:46:28.743299
processed,q4_compare,Z3,cache,1.7924308776855469,0,045ee535-8662-4b4a-afcd-2e8df528bd3e,2026-06-03 05:46:28.793471
processed,q3_density,Z3,cache,1.8472671508789062,0,d327f002-09e4-4365-82ad-4072c1b2e1e7,2026-06-03 05:46:28.844210
processed,q1_count,Z5,cache,1.6994476318359375,0,a0624a42-9d39-443e-8798-96a158490efd,2026-06-03 05:46:28.894434
processed,q2_area,Z4,cache,1.3034343719482422,0,43a32184-c726-436a-a0d0-9394cf6bbb51,2026-06-03 05:46:28.943770
processed,q5_confidence_dist,Z4,cache,1.3644695281982422,0,c3c55dfb-42d2-4094-9b95-6d429ef8bc24,2026-06-03 05:46:28.993806
processed,q1_count,Z2,cache,1.4653205871582031,0,5ddf336b-dbba-4ec3-8950-7077667eb5a0,2026-06-03 05:46:29.044128
processed,q5_confidence_dist,Z5,cache,1.6162395477294922,0,7d9510c7-f3a7-4785-93de-c0bd3e10172a,2026-06-03 05:46:29.094535
processed,q3_density,Z3,cache,1.4362335205078125,0,43949049-dfa3-4d68-8e0f-0b337f7a7d1e,2026-06-03 05:46:29.144617
processed,q5_confidence_dist,Z2,cache,1.3604164123535156,0,322b33ca-1d2a-472a-be1b-37ae6fe929b7,2026-06-03 05:46:29.195014
processed,q1_count,Z5,cache,1.5048980712890625,0,779cc91d-14aa-4004-ba7e-ce497bc78f01,2026-06-03 05:46:29.245375
processed,q4_compare,Z2,cache,1.6279220581054688,0,6a9f0e13-311f-4050-9ad4-ce5742b1f8a7,2026-06-03 05:46:29.295839
processed,q4_compare,Z5,cache,1.4901161193847656,0,4c275828-47e2-4f5f-b602-822c954d5d7a,2026-06-03 05:46:29.345751
processed,q4_compare,Z1,cache,1.737356185913086,0,8a2e5ab1-9d48-4721-b5b1-17f799bc0e94,2026-06-03 05:46:29.396317
processed,q4_compare,Z1,cache,1.4586448669433594,0,ff9c0066-37ef-461a-a7bf-8d621b5445ca,2026-06-03 05:46:29.446339
processed,q1_count,Z3,cache,1.361846923828125,0,5a29e7f6-f42d-41ae-9be7-82ff48a218c9,2026-06-03 05:46:29.496340
processed,q4_compare,Z5,cache,1.4355182647705078,0,e32a0852-53ed-42a0-80fb-b0f316e324b2,2026-06-03 05:46:29.547188
processed,q2_area,Z3,cache,1.5790462493896484,0,fcc2aa09-8125-485b-b497-5d9a562aaa5e,2026-06-03 05:46:29.597293
processed,q5_confidence_dist,Z4,cache,1.7642974853515625,0,bd732829-3370-422a-963e-8e494a86e2e4,2026-06-03 05:46:29.648079
processed,q1_count,Z5,cache,1.6345977783203125,0,006caa94-3a06-4215-8fac-1d286e6f358e,2026-06-03 05:46:29.698260
processed,q2_area,Z3,cache,1.203775405883789,0,8c523a6b-3bb0-45c7-8209-c9dd5b745829,2026-06-03 05:46:29.747734
processed,q2_area,Z4,cache,1.781463623046875,0,5656721b-7489-4a69-b133-aef7d7582ae2,2026-06-03 05:46:29.798880
processed,q2_area,Z4,cache,1.495361328125,0,4e92c70e-f6a7-4c59-ada7-686dcd4ded1f,2026-06-03 05:46:29.848595
processed,q4_compare,Z4,cache,1.3539791107177734,0,bb256292-2001-4c5c-bb98-813ef7380bac,2026-06-03 05:46:29.898726
processed,q3_density,Z2,cache,1.3647079467773438,0,43074506-b5f4-4094-b682-78300c1fca03,2026-06-03 05:46:29.949151
processed,q5_confidence_dist,Z4,cache,1.5904903411865234,0,c329152d-96e8-4af0-82cc-64596d3d5226,2026-06-03 05:46:29.999362
processed,q4_compare,Z2,cache,1.5094280242919922,0,dd1ddf67-8318-4a97-8ccd-f643ddac7a4b,2026-06-03 05:46:30.049287
processed,q1_count,Z2,cache,1.2578964233398438,0,a95cf004-381f-403a-9fab-5c54f460590d,2026-06-03 05:46:30.099313
processed,q5_confidence_dist,Z3,cache,1.4851093292236328,0,43e8580e-8c84-4553-9910-90fe9b9650d7,2026-06-03 05:46:30.150224
processed,q4_compare,Z5,cache,1.840829849243164,0,402f4942-83a7-4bbc-9833-164ba7a67567,2026-06-03 05:46:30.200886
processed,q4_compare,Z1,cache,1.6498565673828125,0,1bbdf8f2-de5b-41a6-8b17-60b240461c3c,2026-06-03 05:46:30.250866
processed,q5_confidence_dist,Z5,cache,1.4026165008544922,0,b54dbac7-5d5f-45c1-afe5-a8e4ba5d7666,2026-06-03 05:46:30.300489
processed,q2_area,Z5,cache,1.5380382537841797,0,62df0840-2dd9-4737-8619-354f77754236,2026-06-03 05:46:30.351170
processed,q3_density,Z5,cache,1.7054080963134766,0,bb48dd67-bfa9-4733-afe3-36628fc62ae8,2026-06-03 05:46:30.401618
processed,q2_area,Z2,cache,1.6851425170898438,0,80c0d58f-18e3-4198-9d58-7eb3c3734145,2026-06-03 05:46:30.451837
processed,q5_confidence_dist,Z2,cache,1.1949539184570312,0,c349b936-2f6b-4c7f-abe0-69e25b98732f,2026-06-03 05:46:30.501343
processed,q5_confidence_dist,Z1,cache,1.661062240600586,0,62bffa92-0155-47e1-8492-c2d2cb7ce8d8,2026-06-03 05:46:30.552409
processed,q4_compare,Z2,cache,1.5087127685546875,0,f1a154c6-ad08-463d-acae-ef484be6f8c5,2026-06-03 05:46:30.602441
processed,q5_confidence_dist,Z5,cache,1.7025470733642578,0,dab33f90-58b2-4439-afa7-2d8781575131,2026-06-03 05:46:30.652951
processed,q3_density,Z1,cache,1.489877700805664,0,ef59137f-0bbc-4b08-8c76-25599be6c73a,2026-06-03 05:46:30.703082
processed,q4_compare,Z5,generator,8.34798812866211,0,6c6c5373-0fe5-4ec1-9012-72529cdeea84,2026-06-03 05:46:30.759612
processed,q5_confidence_dist,Z2,cache,1.6734600067138672,0,3064692e-55e4-4f66-ad4d-da8cf5c19842,2026-06-03 05:46:30.803678
processed,q1_count,Z5,cache,1.2836456298828125,0,67176504-6254-45bf-8d6a-e7d78f57e03b,2026-06-03 05:46:30.853005
processed,q4_compare,Z5,cache,1.630544662475586,0,7e2287a1-3353-4dc7-a07f-7d95317cc238,2026-06-03 05:46:30.904097
processed,q5_confidence_dist,Z4,cache,1.3446807861328125,0,a8532c14-937b-4742-b1c2-e6950162661c,2026-06-03 05:46:30.954108
processed,q1_count,Z3,cache,1.2595653533935547,0,445b3a22-e571-4af6-bf2f-4d51872f16dd,2026-06-03 05:46:31.003904
processed,q1_count,Z1,cache,1.683950424194336,0,a0bb50c2-b378-4eda-a313-ed89bcbbaf79,2026-06-03 05:46:31.054177
processed,q1_count,Z2,cache,1.2645721435546875,0,9338ff64-7af5-425e-b73d-db1dcc645cef,2026-06-03 05:46:31.104001
processed,q3_density,Z1,cache,1.6336441040039062,0,ba44b530-9a71-4ff7-9555-cfc632e48dc7,2026-06-03 05:46:31.155246
processed,q4_compare,Z3,cache,1.5363693237304688,0,16bd4c30-b26c-42fc-ad22-d65ab9ccbbb6,2026-06-03 05:46:31.205366
processed,q4_compare,Z2,cache,1.6551017761230469,0,fd1efdf4-c9da-4310-b41a-79e84edb0268,2026-06-03 05:46:31.255495
processed,q5_confidence_dist,Z2,cache,1.5485286712646484,0,f1af1bd9-7b5f-45e4-822a-37f95119c49d,2026-06-03 05:46:31.305228
processed,q5_confidence_dist,Z5,cache,1.4379024505615234,0,66522df3-e094-4138-b0d3-07f4f9d8d423,2026-06-03 05:46:31.355636
processed,q3_density,Z4,cache,1.4429092407226562,0,772c9fb9-4e12-4220-8181-186a45d294c7,2026-06-03 05:46:31.405573
processed,q4_compare,Z2,cache,1.5592575073242188,0,38a822bb-2e94-4281-aab4-ee4a66cf5224,2026-06-03 05:46:31.456191
processed,q1_count,Z1,cache,1.5821456909179688,0,8d7336ae-6314-42ec-b156-d2db73c179d1,2026-06-03 05:46:31.506820
processed,q1_count,Z2,cache,1.4083385467529297,0,7fd3f0b1-56c8-460a-a932-231f7df0b9a1,2026-06-03 05:46:31.556168
processed,q2_area,Z2,cache,1.3737678527832031,0,3e5158fb-8110-4cbf-b155-966698a1c21b,2026-06-03 05:46:31.606486
processed,q5_confidence_dist,Z2,cache,1.2612342834472656,0,c22d035e-cd35-40f1-af5a-b4e2d82f203b,2026-06-03 05:46:31.656881
processed,q5_confidence_dist,Z1,cache,1.4538764953613281,0,3687e209-00b8-44d4-8a31-0d08ae2cc0a3,2026-06-03 05:46:31.707619
processed,q4_compare,Z1,cache,1.4362335205078125,0,854b90fa-2054-4368-ba41-02f0c815eac3,2026-06-03 05:46:31.757252
processed,q2_area,Z3,cache,1.3003349304199219,0,8c113cb5-0f27-4eaa-aa06-96992aa4cb18,2026-06-03 05:46:31.807268
processed,q1_count,Z4,cache,1.577615737915039,0,56af0819-94e9-473d-9b67-432c2e520ba6,2026-06-03 05:46:31.858458
processed,q1_count,Z5,cache,1.3344287872314453,0,9379de05-47a8-4de7-9132-6714ffc74bac,2026-06-03 05:46:31.907770
processed,q1_count,Z2,cache,1.5625953674316406,0,03ecc9aa-5672-49f0-9368-4880178b615b,2026-06-03 05:46:31.958632
processed,q1_count,Z2,cache,1.4526844024658203,0,4b026209-d92d-4e72-a4ce-4d3753cc0e5f,2026-06-03 05:46:32.008923
processed,q2_area,Z3,cache,1.6121864318847656,0,ce03106f-f004-4811-b0dc-640c25428584,2026-06-03 05:46:32.059438
processed,q2_area,Z2,cache,1.2400150299072266,0,3b5b3264-6e5c-4a34-a356-0fc7b3764679,2026-06-03 05:46:32.108537
processed,q5_confidence_dist,Z4,cache,1.4042854309082031,0,4324c315-900e-4e67-b9b1-791ff999495f,2026-06-03 05:46:32.158912
processed,q2_area,Z4,cache,1.280069351196289,0,e3be0f0c-0ca9-41de-b786-47f483fe7681,2026-06-03 05:46:32.209074
processed,q5_confidence_dist,Z2,cache,1.2307167053222656,0,a0a04fc2-37fe-4331-8fb6-3c14abbc04db,2026-06-03 05:46:32.259249
processed,q4_compare,Z4,cache,1.4672279357910156,0,28001fbb-78b4-4fa8-9211-0aeabc798030,2026-06-03 05:46:32.310461
processed,q1_count,Z2,cache,1.3687610626220703,0,67503743-b97a-4934-a196-0c86e7ef94be,2026-06-03 05:46:32.359777
processed,q2_area,Z1,generator,5.6209564208984375,0,4398f489-77bc-4cd6-bb00-72c490355463,2026-06-03 05:46:32.414706
processed,q4_compare,Z4,generator,7.541894912719727,0,ad57c4e6-2559-4f93-b8b8-e3b84753a556,2026-06-03 05:46:32.466731
processed,q3_density,Z1,cache,1.2290477752685547,0,b51407c0-7ec2-40de-9e23-62a4be56072c,2026-06-03 05:46:32.510471
processed,q5_confidence_dist,Z3,cache,1.344442367553711,0,be31da6a-5c7b-42ed-9651-52f5b0c0b37a,2026-06-03 05:46:32.560767
processed,q5_confidence_dist,Z4,cache,1.2867450714111328,0,07746574-9e24-4cc8-b557-aaeb30e10879,2026-06-03 05:46:32.610789
processed,q1_count,Z3,cache,1.5473365783691406,0,49f8a750-5b3c-4be3-bdbf-fd8cfe33865b,2026-06-03 05:46:32.661622
processed,q5_confidence_dist,Z3,cache,1.4812946319580078,0,08324a61-e646-45d7-a71f-604ff1f48d18,2026-06-03 05:46:32.711799
processed,q4_compare,Z3,cache,1.293182373046875,0,2544df8f-8d75-4e43-86d8-45c8b5670490,2026-06-03 05:46:32.761518
processed,q4_compare,Z5,cache,1.4870166778564453,0,6f07268a-253c-4707-814d-771f43d0928f,2026-06-03 05:46:32.812150
processed,q4_compare,Z2,cache,1.6176700592041016,0,688998e9-e3e4-41f1-a9be-4b7d111131af,2026-06-03 05:46:32.862775
processed,q3_density,Z3,cache,1.5342235565185547,0,0979ab8f-6f90-48a9-8704-7bc823b2ddab,2026-06-03 05:46:32.912904
processed,q2_area,Z1,cache,1.3473033905029297,0,07a7a1d3-6e8c-464a-96c2-77b57f447f2e,2026-06-03 05:46:32.962871
processed,q2_area,Z1,cache,1.2896060943603516,0,79dddf16-ae24-4299-a612-d5066901aa95,2026-06-03 05:46:33.012781
processed,q2_area,Z1,cache,1.6090869903564453,0,953a2ff2-725e-4481-8ca0-a5240336d1a6,2026-06-03 05:46:33.063603
processed,q4_compare,Z1,cache,1.6810894012451172,0,3bf20b31-1e15-4cfb-a788-2ae69ab4078d,2026-06-03 05:46:33.114099
processed,q3_density,Z5,cache,1.5003681182861328,0,2188996f-d945-497e-a640-4d96e78c0f3f,2026-06-03 05:46:33.163712
processed,q4_compare,Z5,cache,1.2505054473876953,0,caffde2d-62cc-4123-a522-d566efb9b11c,2026-06-03 05:46:33.213594
processed,q5_confidence_dist,Z4,cache,1.8949508666992188,0,b422e55c-b943-4f87-9536-c1bda26f1440,2026-06-03 05:46:33.265016
processed,q4_compare,Z5,cache,1.6887187957763672,0,3c94e698-a594-4d61-a695-94d83d96e96e,2026-06-03 05:46:33.315086
processed,q4_compare,Z3,cache,1.6942024230957031,0,97962256-7b4c-4a83-a13c-4ddef933d345,2026-06-03 05:46:33.365043
processed,q1_count,Z4,cache,1.522064208984375,0,fc1e4b6b-4ecd-4067-bc85-cca98ea5549a,2026-06-03 05:46:33.415274
processed,q5_confidence_dist,Z4,cache,1.4853477478027344,0,3ceea976-073e-441c-8ae0-2bb81cc8787f,2026-06-03 05:46:33.464951
processed,q1_count,Z1,cache,1.4240741729736328,0,4853fa8c-5683-4424-bbad-0118a2ccbef6,2026-06-03 05:46:33.515739
processed,q3_density,Z4,cache,1.6214847564697266,0,f08bd8cf-22b9-4737-a537-83d045ac08a1,2026-06-03 05:46:33.566265
processed,q3_density,Z2,cache,1.4460086822509766,0,4e931a39-b1ae-46e5-b6f8-8d6b6e3b6041,2026-06-03 05:46:33.616241
processed,q1_count,Z4,cache,1.6074180603027344,0,fbfacc47-dd79-4519-8f19-24624976ec44,2026-06-03 05:46:33.666671
processed,q3_density,Z3,cache,1.4679431915283203,0,941cd961-91cb-4d7f-aa51-2a5b82d2ede8,2026-06-03 05:46:33.716718
processed,q5_confidence_dist,Z1,cache,1.440286636352539,0,3b1eb131-e7ef-4e2d-a7f0-9c532497fde3,2026-06-03 05:46:33.766917
processed,q2_area,Z1,cache,1.3782978057861328,0,90796de0-f0ca-4f7e-bc37-d75e212cfba0,2026-06-03 05:46:33.816749
processed,q2_area,Z5,cache,1.6071796417236328,0,e28af7ca-9944-42c2-ad31-23811328aec2,2026-06-03 05:46:33.867587
processed,q3_density,Z3,generator,5.960941314697266,0,b52a551e-fa2d-47db-acda-9ffc2ed818d0,2026-06-03 05:46:33.921201
processed,q1_count,Z4,cache,1.3620853424072266,0,d3df194a-ea41-4a32-a8a4-30f972ca1785,2026-06-03 05:46:33.967185
processed,q1_count,Z5,cache,1.3751983642578125,0,0b057cf1-0dd7-4330-a439-b37f213d92ba,2026-06-03 05:46:34.419211
processed,q2_area,Z4,cache,1.4317035675048828,0,748c86cf-7e31-4c37-8112-ca9226f3cdbd,2026-06-03 05:46:34.470039
processed,q3_density,Z4,cache,1.4889240264892578,0,242498bf-c37b-4f99-acaa-b332750324b9,2026-06-03 05:46:34.521066
retry,q1_count,Z3,,0.0,1,38309e5a-ab52-4168-9613-ef6f2e9a4689,2026-06-03 05:46:34.521173
processed,q1_count,Z3,generator,513.2007598876953,1,38309e5a-ab52-4168-9613-ef6f2e9a4689,2026-06-03 05:46:34.528755
recovered,q1_count,Z3,generator,513.2007598876953,1,38309e5a-ab52-4168-9613-ef6f2e9a4689,2026-06-03 05:46:34.530755
processed,q3_density,Z5,cache,466.6175842285156,0,c79c6259-a389-4941-962d-ff384571f568,2026-06-03 05:46:34.532704
processed,q2_area,Z5,cache,317.8386688232422,0,ba89aff1-5e51-4531-a8b2-c812c37c3695,2026-06-03 05:46:34.534539
processed,q3_density,Z5,cache,168.9763069152832,0,1eee5301-375c-48f3-bbf9-f8d5dc5abfb4,2026-06-03 05:46:34.536433
processed,q3_density,Z4,cache,271.3174819946289,0,a9275d4b-09ff-41ad-bc56-0fe05961bf12,2026-06-03 05:46:34.538266
processed,q4_compare,Z1,cache,222.92470932006836,0,514c239d-33e7-4d58-99a3-4fc200add664,2026-06-03 05:46:34.540200
processed,q5_confidence_dist,Z4,cache,375.58984756469727,0,9e99ba69-df36-4825-893c-767408fe2ce4,2026-06-03 05:46:34.542028
processed,q2_area,Z5,cache,427.6406764984131,0,c78338e3-f604-4a9f-a850-a3d879da4796,2026-06-03 05:46:34.543728
processed,q3_density,Z3,cache,1.4247894287109375,0,c602f151-537b-4e7e-ac95-bd9d9c2c6191,2026-06-03 05:46:34.570481
processed,q5_confidence_dist,Z2,cache,1.5649795532226562,0,317565dc-6cc9-413f-a2bb-cb5f86930e0b,2026-06-03 05:46:34.620875
processed,q3_density,Z1,cache,1.5838146209716797,0,2f931fd9-7214-4f45-9f93-757d8ce2fe86,2026-06-03 05:46:34.671163
processed,q3_density,Z2,cache,1.5881061553955078,0,24dd5c8b-e11f-45e3-9796-5517510ed454,2026-06-03 05:46:34.720778
processed,q3_density,Z5,cache,1.7850399017333984,0,1ab52a2e-f089-4111-aa29-af5a76262902,2026-06-03 05:46:34.771893
processed,q4_compare,Z1,cache,1.3811588287353516,0,d01c1f7f-f401-4667-b1bf-c96a1438f01d,2026-06-03 05:46:34.871321
processed,q1_count,Z4,cache,1.3518333435058594,0,28237cc1-495c-4d25-a609-0fd7f167040d,2026-06-03 05:46:34.971935
processed,q5_confidence_dist,Z3,cache,1.86920166015625,0,de7e0d98-7b87-404d-a8b9-3fd454e677e3,2026-06-03 05:46:35.073305
processed,q4_compare,Z3,cache,1.5971660614013672,0,47929995-3d9b-4579-9d9f-5adab4b2a9f1,2026-06-03 05:46:35.274090
processed,q4_compare,Z2,cache,1.491546630859375,0,3b209048-7d52-46ab-a698-aec5084978a5,2026-06-03 05:46:35.323798
retry,q4_compare,Z2,,0.0,1,63709c53-b96e-4958-92f3-cc2bfb67a428,2026-06-03 05:46:35.324934
processed,q5_confidence_dist,Z4,cache,1.371145248413086,0,3898463b-a705-43ed-8b71-0eba303a24da,2026-06-03 05:46:35.424646
processed,q2_area,Z2,cache,1.5902519226074219,0,cf966cba-567f-4d2f-b468-51b99a19ff95,2026-06-03 05:46:35.475080
processed,q3_density,Z2,cache,1.4884471893310547,0,a0d686c5-513d-49ad-a206-e7a16a64606a,2026-06-03 05:46:35.525246
retry,q4_compare,Z5,,0.0,1,c882e373-664d-451e-983d-4e773ea2632d,2026-06-03 05:46:35.525813
processed,q5_confidence_dist,Z1,cache,1.4674663543701172,0,a30ac8fa-0c90-4118-afec-efcca2268b1a,2026-06-03 05:46:35.675201
processed,q5_confidence_dist,Z1,cache,1.1756420135498047,0,93e45d63-1e0f-4e69-abfb-eb67988489a5,2026-06-03 05:46:35.775360
processed,q5_confidence_dist,Z5,cache,1.2996196746826172,0,bc493696-22e4-4101-92fd-aa58b9400a89,2026-06-03 05:46:35.825997
processed,q5_confidence_dist,Z2,cache,1.3468265533447266,0,23891e84-7236-40ee-a3ea-c49360662004,2026-06-03 05:46:35.876140
processed,q3_density,Z1,cache,1.7254352569580078,0,ef1d3776-072c-4e77-9a12-1f6ef41e6aeb,2026-06-03 05:46:36.077652
processed,q4_compare,Z5,cache,1.5189647674560547,0,d5b266b2-fcf7-45ec-be29-ed253950b40c,2026-06-03 05:46:36.328601
retry,q4_compare,Z2,,0.0,2,63709c53-b96e-4958-92f3-cc2bfb67a428,2026-06-03 05:46:36.331118
processed,q2_area,Z3,cache,1412.876844406128,0,bcfad7e5-c553-48c3-a9dd-b826f6ffba7d,2026-06-03 05:46:36.332619
processed,q3_density,Z3,cache,1163.0465984344482,0,928b400a-4cfa-4f15-b772-adf172910fe7,2026-06-03 05:46:36.333888
processed,q4_compare,Z2,generator,1517.712116241455,2,63709c53-b96e-4958-92f3-cc2bfb67a428,2026-06-03 05:46:36.336978
recovered,q4_compare,Z2,generator,1517.712116241455,2,63709c53-b96e-4958-92f3-cc2bfb67a428,2026-06-03 05:46:36.338203
processed,q1_count,Z4,generator,364.7420406341553,0,6ac2360c-4599-4225-bfa2-6b349ba88c21,2026-06-03 05:46:36.339314
processed,q3_density,Z5,cache,114.59469795227051,0,86608786-4dc8-413c-92fd-fb2284ca8053,2026-06-03 05:46:36.340491
processed,q1_count,Z4,cache,165.97509384155273,0,e100b719-cb47-40fa-8bce-c36e15f5aaaa,2026-06-03 05:46:36.341538
processed,q5_confidence_dist,Z4,cache,317.8224563598633,0,9bd8774b-192e-4e93-8b87-ff44ac6a0865,2026-06-03 05:46:36.343146
processed,q2_area,Z2,cache,68.2210922241211,0,0343234b-07d1-4d8e-ab6c-3040b4382f47,2026-06-03 05:46:36.344380
processed,q5_confidence_dist,Z5,cache,973.7341403961182,0,a74ce447-e4aa-4488-968d-590d834e260c,2026-06-03 05:46:36.345435
processed,q1_count,Z1,cache,1.4467239379882812,0,0c5afd24-3b2d-49ff-aac4-619bd181154a,2026-06-03 05:46:36.378725
processed,q2_area,Z5,generator,6.202220916748047,0,cba3593c-d448-4b4d-8c77-5c1820d4b751,2026-06-03 05:46:36.433549
processed,q2_area,Z4,cache,1.6026496887207031,0,37a0cf10-dc48-4b6e-a651-6c8671bb5849,2026-06-03 05:46:36.479637
processed,q2_area,Z1,cache,1.7094612121582031,0,92684e54-f2d6-4d9f-9443-7b7f15430df4,2026-06-03 05:46:36.530382
retry,q4_compare,Z5,,0.0,2,c882e373-664d-451e-983d-4e773ea2632d,2026-06-03 05:46:36.531525
processed,q4_compare,Z3,cache,1412.670612335205,0,f615cbe8-e389-4d1d-9330-ac6a0079ada6,2026-06-03 05:46:36.533821
processed,q1_count,Z3,cache,1314.211368560791,0,376fed7e-003f-42d0-8af1-ac09ec203cbe,2026-06-03 05:46:36.535636
processed,q4_compare,Z5,generator,1524.8582363128662,2,c882e373-664d-451e-983d-4e773ea2632d,2026-06-03 05:46:36.545735
recovered,q4_compare,Z5,generator,1524.8582363128662,2,c882e373-664d-451e-983d-4e773ea2632d,2026-06-03 05:46:36.547751
processed,q4_compare,Z3,cache,926.2504577636719,0,df46a6f1-81cf-4604-9464-bd96abf579f6,2026-06-03 05:46:36.549707
processed,q3_density,Z2,cache,978.3637523651123,0,130ba61a-36f8-4190-97e3-77f928272326,2026-06-03 05:46:36.551570
processed,q2_area,Z2,cache,427.56199836730957,0,2433eeb8-2285-409b-9079-a68cd242e5e1,2026-06-03 05:46:36.553414
processed,q5_confidence_dist,Z3,cache,630.3884983062744,0,67a17717-cac1-4a8e-9973-c9c5474bbbbe,2026-06-03 05:46:36.555244
processed,q2_area,Z4,cache,833.1687450408936,0,ae3386a2-c95f-4650-806d-f7204e8e96b7,2026-06-03 05:46:36.557286
processed,q5_confidence_dist,Z1,cache,1.4081001281738281,0,9034800c-0ce0-4b69-b803-d0b2382d6289,2026-06-03 05:46:36.580353
processed,q4_compare,Z1,cache,1.5058517456054688,0,086b9110-e908-4a65-8d7c-959b48d8915a,2026-06-03 05:46:36.630846
processed,q3_density,Z1,cache,1.4612674713134766,0,369e2e98-0ef9-4677-aa3a-9015bcd82be1,2026-06-03 05:46:36.680690
processed,q1_count,Z1,cache,1.4185905456542969,0,6cf0e984-88b2-4955-a9dd-2c871358f21a,2026-06-03 05:46:36.731161
processed,q1_count,Z1,generator,5.741357803344727,0,c72a3574-5f94-4a2e-947c-0bf8f30cd220,2026-06-03 05:46:36.785003
processed,q1_count,Z1,cache,1.680612564086914,0,7d1cf44c-74cd-4887-86e3-5364db7adf68,2026-06-03 05:46:36.831954
processed,q1_count,Z1,cache,1.341104507446289,0,aab4b1d4-9086-445e-a943-d682e57bb2bc,2026-06-03 05:46:36.881461
processed,q5_confidence_dist,Z2,cache,1.6167163848876953,0,4700f9ab-7bf2-48d1-b2d8-b0107e24657c,2026-06-03 05:46:36.932008
processed,q2_area,Z5,cache,1.409292221069336,0,b6c64dea-4e08-4403-a2ee-572eded857b7,2026-06-03 05:46:36.982026
processed,q1_count,Z1,cache,1.1856555938720703,0,cd10c890-9fce-41f4-bc6b-2d946262a85e,2026-06-03 05:46:37.032072
processed,q4_compare,Z4,cache,1.4574527740478516,0,8c60829e-7428-4326-b59d-29e9a175371b,2026-06-03 05:46:37.083126
processed,q5_confidence_dist,Z5,cache,1.4994144439697266,0,e41a2175-bc9d-4dad-b4d7-3da796b8e7c6,2026-06-03 05:46:37.133471
processed,q2_area,Z1,cache,1.5826225280761719,0,bca580b3-d4e3-4c3a-934a-c18fbe851283,2026-06-03 05:46:37.184000
processed,q4_compare,Z5,cache,1.3332366943359375,0,0eaf3e83-e892-4af4-bb18-881a21a885e9,2026-06-03 05:46:37.233542
processed,q4_compare,Z5,generator,7.962703704833984,0,4c6a306b-dacb-4e23-91f2-26e192fa61c7,2026-06-03 05:46:37.290009
processed,q2_area,Z2,cache,1.361846923828125,0,a87e7fe9-623e-4712-a766-31de95d432fa,2026-06-03 05:46:37.333967
processed,q3_density,Z2,cache,1.5904903411865234,0,f3995495-48e6-475b-a5ec-3afed8ca1151,2026-06-03 05:46:37.384354
processed,q2_area,Z1,cache,1.733541488647461,0,35eb3a78-2ba8-4c52-8580-4d2324e8611e,2026-06-03 05:46:37.435059
processed,q2_area,Z3,cache,1.4264583587646484,0,14d67a28-1f25-4de3-a92c-42fca31e9b41,2026-06-03 05:46:37.484740
processed,q3_density,Z2,cache,1.4505386352539062,0,36c61493-e4e0-42c9-9a3c-0c23006bb0eb,2026-06-03 05:46:37.535015
processed,q2_area,Z3,cache,1.5141963958740234,0,cd057c05-67c1-4b27-9d08-2c4b37b7fd24,2026-06-03 05:46:37.584924
processed,q4_compare,Z1,cache,1.5215873718261719,0,578feed3-9665-44c0-a6be-9854365dba98,2026-06-03 05:46:37.635567
processed,q1_count,Z2,cache,1.6803741455078125,0,1f8dafdc-dbec-411b-ad12-f9f7ee850e3d,2026-06-03 05:46:37.686112
processed,q3_density,Z3,cache,1.3730525970458984,0,e92bf446-6c04-4fcf-abc1-832220a8a762,2026-06-03 05:46:37.735936
processed,q2_area,Z5,cache,1.371145248413086,0,4f99d433-00ee-4008-a9ff-315ed3d37ee4,2026-06-03 05:46:37.785696
processed,q2_area,Z1,cache,1.506805419921875,0,ac26c347-a272-4a33-92ae-326a0d6d17cb,2026-06-03 05:46:37.836754
processed,q2_area,Z5,cache,1.4798641204833984,0,ee4c5610-afe7-4bdc-99f7-be4f7ba2e5d9,2026-06-03 05:46:37.886359
processed,q5_confidence_dist,Z3,cache,1.3003349304199219,0,c94becac-66d9-48c2-a9c4-d977a82e5e05,2026-06-03 05:46:37.936497
processed,q2_area,Z4,cache,1.6314983367919922,0,699f7476-9438-4941-8330-eb6705794d9e,2026-06-03 05:46:37.987511
processed,q5_confidence_dist,Z5,cache,1.3623237609863281,0,2d3dd11e-6581-4d47-a512-c7ae10ac9dcc,2026-06-03 05:46:38.037427
processed,q2_area,Z1,cache,1.3840198516845703,0,fac828c8-400f-45c4-9dc9-965edfd85506,2026-06-03 05:46:38.087408
processed,q2_area,Z2,cache,1.3546943664550781,0,f27e5cd9-6c20-4dd1-8057-c37079447577,2026-06-03 05:46:38.137702
processed,q1_count,Z4,cache,1.3659000396728516,0,5836c36f-7dca-47ff-98f5-3f15ce8318e5,2026-06-03 05:46:38.187758
processed,q3_density,Z1,cache,1.5566349029541016,0,69e4c1f5-0340-4b1a-aace-3cc62686967e,2026-06-03 05:46:38.238424
processed,q3_density,Z3,cache,1.3096332550048828,0,44a9d029-0f18-4eee-80c1-6833a572b65c,2026-06-03 05:46:38.288208
processed,q4_compare,Z2,cache,1.3835430145263672,0,f2c41839-7cd0-478c-a5cb-05ff22cf44c9,2026-06-03 05:46:38.338714
processed,q5_confidence_dist,Z5,cache,1.3866424560546875,0,10db0bc3-325d-4f9a-95ea-58ca3eea6814,2026-06-03 05:46:38.388926
processed,q2_area,Z3,generator,8.279085159301758,0,b130a974-f402-45bf-841b-518e93225432,2026-06-03 05:46:38.445696
processed,q2_area,Z1,cache,1.5227794647216797,0,b9805e62-f0b3-40a5-a951-a7f075ddb5da,2026-06-03 05:46:38.489063
processed,q4_compare,Z5,cache,1.4336109161376953,0,486bc976-6543-4381-bddf-0becc96ffa93,2026-06-03 05:46:38.539886
processed,q4_compare,Z5,cache,1.5425682067871094,0,48475c78-216e-49f8-8782-5ab4fe443be6,2026-06-03 05:46:38.590214
processed,q4_compare,Z5,cache,1.4872550964355469,0,565a95f0-0fbf-47c9-bdf9-d00aa959b48e,2026-06-03 05:46:38.640470
processed,q5_confidence_dist,Z4,cache,1.5606880187988281,0,d9dbb048-b2fd-4672-9de0-77dd4a740475,2026-06-03 05:46:38.690955
processed,q3_density,Z3,cache,1.3740062713623047,0,905404af-690a-409f-9240-f7a6ffae28de,2026-06-03 05:46:38.740622
processed,q5_confidence_dist,Z2,cache,1.2242794036865234,0,ed5e5dcc-312d-4030-a63a-4a29fb3f994b,2026-06-03 05:46:38.790356
processed,q2_area,Z3,cache,1.4121532440185547,0,0a9db814-55cb-440f-9d8f-bb855baaae30,2026-06-03 05:46:38.841034
processed,q1_count,Z3,cache,1.3360977172851562,0,2de52df7-b333-4a7c-b900-7005931be9df,2026-06-03 05:46:38.891492
processed,q5_confidence_dist,Z5,cache,1.5330314636230469,0,c2e1bcb1-6439-4254-b50b-049fb600f943,2026-06-03 05:46:38.942305
processed,q4_compare,Z2,cache,1.394510269165039,0,d09727f2-d730-4f9b-9501-e01a3412a959,2026-06-03 05:46:38.991885
processed,q3_density,Z2,cache,1.5778541564941406,0,88742b40-87cb-4d73-91b7-daba99ed0f22,2026-06-03 05:46:39.042805
processed,q1_count,Z3,cache,1.5308856964111328,0,670fc989-9296-40fa-8273-b9a6aefa9683,2026-06-03 05:46:39.142757
processed,q1_count,Z3,cache,1.1813640594482422,0,b8e82fde-f566-45da-87fa-ee39d71c8ced,2026-06-03 05:46:39.192645
processed,q3_density,Z3,cache,1.4133453369140625,0,3a5a48c9-12a5-4cb7-9b0b-4c150239e98d,2026-06-03 05:46:39.243127
processed,q2_area,Z2,cache,1.2211799621582031,0,61ee61a9-4f01-4ab2-acf7-a8d710d05358,2026-06-03 05:46:39.293151
processed,q4_compare,Z1,cache,1.4579296112060547,0,cbd56d25-be3d-4db3-a17f-16c72c772be6,2026-06-03 05:46:39.394147
processed,q3_density,Z5,cache,1.4677047729492188,0,f03ccd15-5032-45f5-a191-5dfb4b73ce81,2026-06-03 05:46:39.494283
processed,q5_confidence_dist,Z4,cache,1.6384124755859375,0,d9095b10-6564-477f-9228-c15a89e9d3f2,2026-06-03 05:46:39.595112
retry,q2_area,Z2,,0.0,1,4c663303-1f05-43ca-b74c-8fb683710ce1,2026-06-03 05:46:39.595935
processed,q5_confidence_dist,Z1,cache,1.7275810241699219,0,b8a59afa-6598-43c5-97e0-825d1ac13cb0,2026-06-03 05:46:39.646129
processed,q1_count,Z4,cache,1.402139663696289,0,d0a283c9-3696-4c5a-969d-ebc1d43c361a,2026-06-03 05:46:39.745986
processed,q4_compare,Z1,cache,1.5010833740234375,0,a02ad67a-263e-4d25-878a-3749a7740530,2026-06-03 05:46:39.846679
retry,q4_compare,Z4,,0.0,1,8a6007fe-4ba5-483a-86b3-f09a8e192b64,2026-06-03 05:46:40.048535
processed,q1_count,Z1,cache,157.3808193206787,0,5938cf4a-322a-4d8d-8880-8fa47fbeeb7a,2026-06-03 05:46:40.052176
processed,q4_compare,Z1,cache,109.14921760559082,0,c660c930-eef8-4961-ad17-2945224bb33c,2026-06-03 05:46:40.054029
processed,q3_density,Z4,cache,10.556459426879883,0,b20e4eef-bb70-449d-95fe-36d81813c3da,2026-06-03 05:46:40.055773
processed,q2_area,Z5,cache,1.4290809631347656,0,1d35feb5-af3f-4775-b406-d9ffabdfa6a0,2026-06-03 05:46:40.147979
processed,q4_compare,Z3,cache,1.4560222625732422,0,be967c8d-d874-4a31-873f-d2056cf27316,2026-06-03 05:46:40.197924
processed,q1_count,Z4,cache,1.6164779663085938,0,fd94b31e-2b08-4c1a-9ab1-b6fc3c754961,2026-06-03 05:46:40.348596
processed,q2_area,Z3,cache,1.3575553894042969,0,d835b6dc-9387-497c-b9d3-d945ccd67d9c,2026-06-03 05:46:40.448863
processed,q2_area,Z3,cache,1.3408660888671875,0,f7c42cb7-1aab-4e97-9ff8-500c32bec0e9,2026-06-03 05:46:40.498915
processed,q2_area,Z3,cache,1.3413429260253906,0,dac0d22d-41fc-4424-8f3a-5687264a9fdb,2026-06-03 05:46:40.549638
retry,q2_area,Z2,,0.0,2,4c663303-1f05-43ca-b74c-8fb683710ce1,2026-06-03 05:46:40.603270
processed,q5_confidence_dist,Z2,cache,1263.181447982788,0,5f6cf933-8e69-40a5-9ab2-173dc843ec48,2026-06-03 05:46:40.604965
processed,q3_density,Z5,cache,1164.3187999725342,0,6c4801b3-e9cf-41e7-81e2-aaadf69a4893,2026-06-03 05:46:40.606543
dlq,q2_area,Z2,,0.0,3,4c663303-1f05-43ca-b74c-8fb683710ce1,2026-06-03 05:46:40.606596
processed,q1_count,Z5,cache,815.7131671905518,0,1e9616b5-2f1b-4418-8e45-749137d33382,2026-06-03 05:46:40.609835
processed,q1_count,Z1,cache,616.8355941772461,0,e91e41f1-f84e-407a-b9eb-05d9a5b23e19,2026-06-03 05:46:40.611929
processed,q5_confidence_dist,Z3,cache,216.80879592895508,0,9b011e41-0331-4c0a-97da-72c96da8c57d,2026-06-03 05:46:40.613876
processed,q3_density,Z3,cache,520.2407836914062,0,e39a68a9-770e-41d5-b258-6902d8f43467,2026-06-03 05:46:40.615860
processed,q3_density,Z2,cache,924.0341186523438,0,ac7924c8-7651-4bbc-b6a8-27267517f38b,2026-06-03 05:46:40.617797
processed,q4_compare,Z2,cache,373.370885848999,0,4803c65c-8426-4884-846c-afe9451b2ff4,2026-06-03 05:46:40.619651
processed,q4_compare,Z4,generator,1085.050344467163,1,8a6007fe-4ba5-483a-86b3-f09a8e192b64,2026-06-03 05:46:40.628293
recovered,q4_compare,Z4,generator,1085.050344467163,1,8a6007fe-4ba5-483a-86b3-f09a8e192b64,2026-06-03 05:46:40.630196
processed,q4_compare,Z5,cache,335.59274673461914,0,9cd552ff-4c97-4b57-8d71-01cc885c8348,2026-06-03 05:46:40.632137
processed,q3_density,Z3,cache,1.6448497772216797,0,20aa1f13-329b-4f95-90cb-74140ca0d04b,2026-06-03 05:46:40.700678
processed,q4_compare,Z1,cache,1.623392105102539,0,8e1bd359-085d-4daf-87f7-e7528e9137f9,2026-06-03 05:46:40.851600
processed,q3_density,Z1,cache,1.8858909606933594,0,544c8954-d876-4de9-9048-095a94719705,2026-06-03 05:46:40.902069
processed,q1_count,Z2,cache,1.378774642944336,0,032629e5-b7aa-4a2b-944e-2eac683367af,2026-06-03 05:46:40.951643
processed,q2_area,Z3,cache,1.6126632690429688,0,ee78ad74-4539-45b6-8598-5d9927fbea4a,2026-06-03 05:46:41.002252
processed,q5_confidence_dist,Z3,cache,1.3842582702636719,0,400b40f8-611a-4111-8f9b-5a5566f2d1bf,2026-06-03 05:46:41.051898
processed,q5_confidence_dist,Z5,cache,1.6050338745117188,0,6f681a0a-6163-4de3-b0db-91fabbb53853,2026-06-03 05:46:41.103126
retry,q1_count,Z1,,0.0,1,25361235-d196-40a8-a0b2-b4f4d02df6a6,2026-06-03 05:46:41.103190
processed,q1_count,Z4,cache,357.6502799987793,0,d88a56da-3355-465e-b227-e80ddf691b7a,2026-06-03 05:46:41.105905
processed,q3_density,Z2,cache,459.4893455505371,0,0665fce5-7638-4618-8eab-fc5863414264,2026-06-03 05:46:41.107191
processed,q4_compare,Z4,cache,309.97490882873535,0,748f337f-b712-4cfa-ab9f-09b453bed5f7,2026-06-03 05:46:41.108547
processed,q4_compare,Z1,cache,1.5833377838134766,0,588e2555-3f92-40f0-8ddb-98775cd5c215,2026-06-03 05:46:41.152218
processed,q3_density,Z5,generator,7.523298263549805,0,89090cb4-e01b-4910-b4f2-b9252364dfbe,2026-06-03 05:46:41.409699
processed,q5_confidence_dist,Z2,cache,1.3561248779296875,0,10e09d8d-305c-4c07-948f-11a8d7bb2c82,2026-06-03 05:46:41.453223
processed,q1_count,Z4,cache,1.474142074584961,0,929598d1-ff48-407f-93e0-f7da72b91628,2026-06-03 05:46:41.604081
retry,q3_density,Z1,,0.0,1,8c81b895-3835-4428-8ac0-2db5fb775137,2026-06-03 05:46:41.705664
processed,q3_density,Z1,generator,512.3701095581055,1,8c81b895-3835-4428-8ac0-2db5fb775137,2026-06-03 05:46:41.713057
recovered,q3_density,Z1,generator,512.3701095581055,1,8c81b895-3835-4428-8ac0-2db5fb775137,2026-06-03 05:46:41.714630
processed,q3_density,Z5,cache,214.28704261779785,0,e266d615-0d8d-4a3a-9150-11404d72bf5d,2026-06-03 05:46:41.716172
processed,q2_area,Z3,cache,14.873981475830078,0,2a77e86b-ea6b-4f7c-8563-8a99dce8ddaa,2026-06-03 05:46:41.717667
processed,q2_area,Z4,generator,421.9529628753662,0,e1ea5153-2e62-4787-9e6f-0f8ab37cef27,2026-06-03 05:46:41.723352
processed,q5_confidence_dist,Z3,cache,72.36671447753906,0,6e54b603-2343-4a78-ad7e-772a7c72f2bb,2026-06-03 05:46:41.724968
processed,q4_compare,Z5,cache,1.2688636779785156,0,a966c3ff-b49c-4d73-b2c4-1bfec1f8acf2,2026-06-03 05:46:41.754566
processed,q4_compare,Z5,cache,1.4793872833251953,0,cb14ed92-0509-41e7-91db-4b7c9080aa0d,2026-06-03 05:46:41.805216
processed,q3_density,Z1,cache,1.3422966003417969,0,ac7c689e-8478-4733-b6eb-4c911383606e,2026-06-03 05:46:41.855754
processed,q4_compare,Z2,cache,1.4607906341552734,0,065ff918-2003-48c7-89b2-bc676d0176af,2026-06-03 05:46:41.906153
processed,q1_count,Z5,cache,1.5494823455810547,0,72e23ab9-8476-45fb-a8d0-385304ba46d2,2026-06-03 05:46:41.956374
processed,q2_area,Z5,cache,1.6589164733886719,0,abbb2ae3-5452-4aeb-a92f-74bec0e0ca3c,2026-06-03 05:46:42.006708
processed,q1_count,Z4,cache,1.7311573028564453,0,f0a4701a-5861-42dc-9349-24760d149a3c,2026-06-03 05:46:42.107341
retry,q1_count,Z1,,0.0,2,25361235-d196-40a8-a0b2-b4f4d02df6a6,2026-06-03 05:46:42.109445
dlq,q1_count,Z1,,0.0,3,25361235-d196-40a8-a0b2-b4f4d02df6a6,2026-06-03 05:46:42.112228
processed,q3_density,Z2,generator,765.4035091400146,0,78158da2-b444-4d62-9725-94180e172690,2026-06-03 05:46:42.116787
processed,q5_confidence_dist,Z1,cache,566.4815902709961,0,7292f12a-4efc-4110-9d2a-0feff863d09a,2026-06-03 05:46:42.118957
processed,q3_density,Z2,cache,869.8325157165527,0,b84cee1c-cb2b-4434-977c-19b1acabbe62,2026-06-03 05:46:42.120414
processed,q4_compare,Z2,cache,67.62838363647461,0,9dec67b7-fa3e-4bff-99b6-fd1c85c4ba08,2026-06-03 05:46:42.122301
processed,q1_count,Z3,cache,1.4650821685791016,0,9699ffb9-ec98-4ec3-a83f-cdc2d6fea519,2026-06-03 05:46:42.157205
processed,q1_count,Z1,cache,1.3241767883300781,0,9e95a1ff-fc89-4e25-98c4-702ae880c53a,2026-06-03 05:46:42.207177
processed,q5_confidence_dist,Z3,cache,1.468658447265625,0,0fc01de2-e0fe-4145-90a2-5bfff59e7690,2026-06-03 05:46:42.257719
processed,q5_confidence_dist,Z3,cache,1.741170883178711,0,861de13f-449f-45ed-84c2-dc818939a34a,2026-06-03 05:46:42.308234
processed,q1_count,Z4,cache,1.5637874603271484,0,4d4a1fc0-3ae0-4c16-9cdc-a8e8458ec654,2026-06-03 05:46:42.358289
processed,q2_area,Z2,cache,1.3043880462646484,0,00855371-99a2-4503-805e-62f774604072,2026-06-03 05:46:42.407702
processed,q5_confidence_dist,Z1,cache,1.4684200286865234,0,45dc10ba-672a-48cc-b3da-8944a7819704,2026-06-03 05:46:42.458787
processed,q4_compare,Z4,cache,1.4960765838623047,0,ae0b9824-6b7d-4bcb-aa7c-5ac72f208e17,2026-06-03 05:46:42.508532
processed,q5_confidence_dist,Z4,cache,1.2822151184082031,0,d7bb743a-6158-4767-91b2-873619359b3c,2026-06-03 05:46:42.608627
processed,q5_confidence_dist,Z1,cache,1.684427261352539,0,3cf4bb1c-fab4-4b56-b0aa-df464a514917,2026-06-03 05:46:42.659763
processed,q2_area,Z5,cache,1.3926029205322266,0,5d929f12-c4c2-4c74-8c95-e918dd2d52fa,2026-06-03 05:46:42.709456
processed,q3_density,Z2,cache,1.2879371643066406,0,632616e5-6c38-4fc2-85d3-b977cca94c32,2026-06-03 05:46:42.859923
processed,q1_count,Z2,cache,1.3766288757324219,0,a633a496-87d2-44ad-8f11-34865a23ec0f,2026-06-03 05:46:42.960562
processed,q3_density,Z2,cache,1.352548599243164,0,491a323b-c4c8-4bc5-bfa9-3307cfeb719f,2026-06-03 05:46:43.011074
processed,q2_area,Z2,cache,1.3010501861572266,0,0d5c97fd-1477-4c8c-ba33-d029ee7d8ecc,2026-06-03 05:46:43.061317
retry,q4_compare,Z3,,0.0,1,daa38fce-cf78-46b7-98a6-b550560f5f9e,2026-06-03 05:46:43.061735
processed,q1_count,Z3,cache,257.3854923248291,0,3ae654c1-2f7d-4da7-895f-380a584bd0e2,2026-06-03 05:46:43.065789
processed,q1_count,Z3,cache,309.8876476287842,0,0112a798-bfeb-4d8a-8f7b-ad0e92cd1e7c,2026-06-03 05:46:43.068025
processed,q5_confidence_dist,Z2,cache,161.44251823425293,0,51105f60-a491-4ef3-9277-81d73efbd294,2026-06-03 05:46:43.070142
processed,q4_compare,Z2,cache,1.4476776123046875,0,d722e10b-0ef6-4b4d-bf54-17c6e1b5a827,2026-06-03 05:46:43.161935
processed,q2_area,Z2,cache,1.7848014831542969,0,a725c156-f768-49e4-b872-9a1cdc6d7f53,2026-06-03 05:46:43.212715
processed,q2_area,Z4,cache,1.3959407806396484,0,c11f1307-dd2c-4b52-aa68-630983a45c62,2026-06-03 05:46:43.312367
processed,q3_density,Z3,cache,1.6489028930664062,0,c38ee020-b465-44f6-948c-de60495026f2,2026-06-03 05:46:43.363203
processed,q1_count,Z1,cache,1.421213150024414,0,9431fcd9-4424-4d50-b246-7c4e0fd6bf06,2026-06-03 05:46:43.412967
processed,q3_density,Z4,generator,5.407094955444336,0,9af392f6-2f53-47fd-9e67-6cb96cd67f05,2026-06-03 05:46:43.516797
processed,q1_count,Z4,cache,1.5153884887695312,0,93f11150-5b65-432c-90f7-045f92458df7,2026-06-03 05:46:43.563812
processed,q4_compare,Z2,cache,1.596689224243164,0,293f6225-010e-431a-afe1-677843268484,2026-06-03 05:46:43.714807
processed,q3_density,Z1,cache,1.2288093566894531,0,9a6afa43-3661-4d4c-b8e6-ba0fa35fa465,2026-06-03 05:46:44.065492
retry,q4_compare,Z3,,0.0,2,daa38fce-cf78-46b7-98a6-b550560f5f9e,2026-06-03 05:46:44.067880
dlq,q4_compare,Z3,,0.0,3,daa38fce-cf78-46b7-98a6-b550560f5f9e,2026-06-03 05:46:44.074576
processed,q3_density,Z5,cache,1.5914440155029297,0,098d7bfd-0529-4311-93f2-bc48b09f4eb2,2026-06-03 05:46:44.167254
retry,q3_density,Z1,,0.0,1,d1cb58e3-613e-4533-951e-38f276af7b0d,2026-06-03 05:46:44.167314
processed,q2_area,Z4,cache,307.99055099487305,0,11f331ab-db1e-4d24-886e-20b8e02db4ab,2026-06-03 05:46:44.171501
processed,q1_count,Z4,cache,209.97953414916992,0,48e30544-f261-4799-8877-0fc627c503ee,2026-06-03 05:46:44.174067
processed,q3_density,Z1,generator,511.85035705566406,1,d1cb58e3-613e-4533-951e-38f276af7b0d,2026-06-03 05:46:44.174117
processed,q1_count,Z1,cache,61.80834770202637,0,c1c160ef-2b07-481e-8950-db5a9166498c,2026-06-03 05:46:44.176537
recovered,q3_density,Z1,generator,511.85035705566406,1,d1cb58e3-613e-4533-951e-38f276af7b0d,2026-06-03 05:46:44.176603
processed,q3_density,Z1,cache,365.64087867736816,0,2ca36f45-8303-470d-ab2c-4821329f57fc,2026-06-03 05:46:44.178637
processed,q1_count,Z2,cache,1.5349388122558594,0,3627aa47-ca83-424c-b879-ef4e3dda8507,2026-06-03 05:46:44.267200
processed,q2_area,Z4,cache,1.3709068298339844,0,cda34cae-eb7c-41bb-a12f-21735859122d,2026-06-03 05:46:44.316846
retry,q2_area,Z1,,0.0,1,f052d678-83a8-4c67-b9d3-6e6010c284e8,2026-06-03 05:46:44.580710
processed,q4_compare,Z2,cache,1121.7405796051025,0,3caba041-eb0f-4e11-88b0-bb6e2e56bf83,2026-06-03 05:46:44.583272
processed,q1_count,Z3,cache,973.1457233428955,0,ca668a4c-3d56-48b0-b40a-ec0660f992e5,2026-06-03 05:46:44.584650
processed,q5_confidence_dist,Z3,cache,673.2888221740723,0,dc7f0b4a-3352-483b-be83-c6ad307bccd3,2026-06-03 05:46:44.586664
retry,q4_compare,Z4,,0.0,1,23ec2e94-0fbf-466b-9317-2357bf2bc9f4,2026-06-03 05:46:44.718748
retry,q4_compare,Z2,,0.0,1,e449210d-3125-4bfc-a1f4-a50e896ca0d5,2026-06-03 05:46:45.091139
processed,q5_confidence_dist,Z5,cache,1832.8919410705566,0,ae71cb41-37d6-4fce-84d6-a66cc230d726,2026-06-03 05:46:45.093143
processed,q1_count,Z3,cache,1332.500696182251,0,f2b608a8-70f8-4d2f-b62a-c6b993e9078e,2026-06-03 05:46:45.095307
processed,q2_area,Z3,cache,632.5812339782715,0,0f3da54b-659a-4553-beaf-64021eb8aae4,2026-06-03 05:46:45.098241
processed,q4_compare,Z4,cache,31.488656997680664,0,eb4b108b-20dd-4429-b64c-7158e508e69c,2026-06-03 05:46:45.100262
processed,q2_area,Z4,cache,284.58452224731445,0,e241c937-ef57-471a-9024-02b788e46a12,2026-06-03 05:46:45.102150
processed,q1_count,Z4,cache,738.534688949585,0,d9f876a8-e2c4-4601-9b28-0270f5796c8c,2026-06-03 05:46:45.104079
processed,q4_compare,Z4,cache,589.752197265625,0,2ddf3af7-1850-4b5d-8780-a16bad6de483,2026-06-03 05:46:45.105896
retry,q2_area,Z1,,0.0,2,f052d678-83a8-4c67-b9d3-6e6010c284e8,2026-06-03 05:46:45.584192
processed,q2_area,Z1,generator,2482.776165008545,2,f052d678-83a8-4c67-b9d3-6e6010c284e8,2026-06-03 05:46:45.591854
recovered,q2_area,Z1,generator,2482.776165008545,2,f052d678-83a8-4c67-b9d3-6e6010c284e8,2026-06-03 05:46:45.593694
retry,q4_compare,Z3,,0.0,1,5d835d1b-19b9-46ea-9d57-367c6ef4da8a,2026-06-03 05:46:45.611076
processed,q5_confidence_dist,Z4,cache,896.0022926330566,0,b25bc602-d073-41b8-aa08-0571f0ed88b2,2026-06-03 05:46:45.613344
retry,q4_compare,Z4,,0.0,2,23ec2e94-0fbf-466b-9317-2357bf2bc9f4,2026-06-03 05:46:45.724491
processed,q2_area,Z1,cache,1110.0671291351318,0,324f14ec-af85-453d-b8e3-b9f1ead0bd84,2026-06-03 05:46:45.726975
processed,q5_confidence_dist,Z4,cache,1313.2150173187256,0,a7f6b1c3-4257-4cef-8106-59bf1ebbd620,2026-06-03 05:46:45.728924
processed,q5_confidence_dist,Z5,cache,1164.370059967041,0,b71924f9-a74d-43ca-872f-db0a00b543ef,2026-06-03 05:46:45.730396
processed,q4_compare,Z4,generator,1526.5486240386963,2,23ec2e94-0fbf-466b-9317-2357bf2bc9f4,2026-06-03 05:46:45.741682
recovered,q4_compare,Z4,generator,1526.5486240386963,2,23ec2e94-0fbf-466b-9317-2357bf2bc9f4,2026-06-03 05:46:45.743647
processed,q1_count,Z3,cache,526.0980129241943,0,09ac4ff7-df5b-47f4-aa35-6a78d3c768d2,2026-06-03 05:46:45.745645
processed,q4_compare,Z1,cache,377.23565101623535,0,d64d46d6-c1ca-452f-90ef-85fdc50177c6,2026-06-03 05:46:45.747544
processed,q4_compare,Z2,cache,781.1715602874756,0,2f4f561e-6a61-4e83-8b47-1e53b49491b4,2026-06-03 05:46:45.749387
processed,q5_confidence_dist,Z5,cache,129.76670265197754,0,df03e960-984f-4b17-aac2-6545236bbaea,2026-06-03 05:46:45.751223
processed,q5_confidence_dist,Z5,cache,1.7063617706298828,0,8f040054-edd0-487b-9d3e-4ba079036f38,2026-06-03 05:46:45.824684
processed,q1_count,Z5,cache,1.413583755493164,0,edb92011-444c-45b4-9b4f-c3a011eaeb89,2026-06-03 05:46:45.874871
processed,q5_confidence_dist,Z3,cache,1.3132095336914062,0,91d35eaa-f559-4594-b9f8-a8d2a4760eb0,2026-06-03 05:46:45.925076
processed,q1_count,Z5,cache,1.5289783477783203,0,dd58e244-1268-498d-891e-19159e9a2690,2026-06-03 05:46:45.975601
processed,q2_area,Z3,cache,1.3115406036376953,0,71897d9f-6346-4d89-9ba2-6b89f61ebf43,2026-06-03 05:46:46.125782
processed,q4_compare,Z5,cache,1.5337467193603516,0,0a4bb8b0-2a66-4e2b-875d-68f42b33b0d8,2026-06-03 05:46:46.276754
processed,q4_compare,Z3,cache,1.584768295288086,0,88341230-2e2a-40d6-b141-f0420e81471d,2026-06-03 05:46:46.477957
processed,q4_compare,Z3,cache,1.6503334045410156,0,9b21d71f-c8b0-44fa-b398-59b5d6221c38,2026-06-03 05:46:46.528474
retry,q4_compare,Z2,,0.0,2,e449210d-3125-4bfc-a1f4-a50e896ca0d5,2026-06-03 05:46:46.599216
processed,q1_count,Z1,cache,1683.1929683685303,0,dbee950f-07ca-4100-ba73-5b0c15901730,2026-06-03 05:46:46.601054
dlq,q4_compare,Z2,,0.0,3,e449210d-3125-4bfc-a1f4-a50e896ca0d5,2026-06-03 05:46:46.603379
processed,q5_confidence_dist,Z2,cache,1333.2905769348145,0,3411db29-5970-46b5-9272-65d92fe1ea5b,2026-06-03 05:46:46.603449
processed,q3_density,Z5,cache,1084.4392776489258,0,003b2b39-d19d-4718-8db4-194a88d7ab5b,2026-06-03 05:46:46.605577
processed,q5_confidence_dist,Z1,cache,1840.1403427124023,0,4f8b9ecb-8695-4dd0-82f6-4d334b7b593d,2026-06-03 05:46:46.607479
processed,q4_compare,Z1,cache,1590.895175933838,0,02269090-9687-4a41-91c9-d960bb45b5fc,2026-06-03 05:46:46.609474
processed,q2_area,Z4,cache,1944.7684288024902,0,d1388c4b-46f2-42c2-b406-ac72f0e7bd15,2026-06-03 05:46:46.611961
processed,q1_count,Z1,cache,944.3490505218506,0,fbf12bc4-00d0-42c4-9cea-6892dd1391b4,2026-06-03 05:46:46.616136
processed,q1_count,Z5,cache,896.010160446167,0,bec2ab71-b697-4bb9-83e7-f82685535e15,2026-06-03 05:46:46.617620
processed,q2_area,Z3,cache,294.4772243499756,0,4832a4a0-cfb0-4aba-82ee-57a72ce80ae2,2026-06-03 05:46:46.619485
retry,q4_compare,Z3,,0.0,2,5d835d1b-19b9-46ea-9d57-367c6ef4da8a,2026-06-03 05:46:46.620344
processed,q4_compare,Z5,cache,447.1549987792969,0,29e94c4f-47bf-4178-b359-af88b95f57b4,2026-06-03 05:46:46.621252
processed,q3_density,Z1,cache,1201.6022205352783,0,c67c8d26-e371-4129-b271-de62fcea1b32,2026-06-03 05:46:46.622123
processed,q3_density,Z5,cache,549.1652488708496,0,647bc56d-a016-43f9-a765-7274e3b27a4b,2026-06-03 05:46:46.622623
processed,q4_compare,Z4,cache,1052.5696277618408,0,9e25bc48-b8f8-4b21-bce1-98afeb482089,2026-06-03 05:46:46.623681
dlq,q4_compare,Z3,,0.0,3,5d835d1b-19b9-46ea-9d57-367c6ef4da8a,2026-06-03 05:46:46.624594
processed,q1_count,Z2,cache,1305.3712844848633,0,a7e9eb83-92eb-4aad-b55b-a2248bb17774,2026-06-03 05:46:46.625380
processed,q5_confidence_dist,Z1,cache,1156.4092636108398,0,1a1f1d68-5032-43de-bba0-9eb83baa1a0f,2026-06-03 05:46:46.627061
processed,q5_confidence_dist,Z4,cache,1459.6202373504639,0,9f5e68ba-08cd-49b6-9ddd-0376c17b525a,2026-06-03 05:46:46.628527
processed,q4_compare,Z1,generator,1517.0483589172363,0,9917cb16-028b-4971-9cc0-fbe526421c46,2026-06-03 05:46:46.635883
processed,q3_density,Z1,cache,1.3041496276855469,0,0ff7a187-1bca-4cc1-99b8-51bcf1256a1d,2026-06-03 05:46:46.678168
processed,q5_confidence_dist,Z5,cache,1.519918441772461,0,38a4458c-b880-48b9-8bce-7a7e2d064226,2026-06-03 05:46:46.728845
processed,q3_density,Z2,cache,1.3699531555175781,0,8c268a49-968e-4a50-9f59-850ee393bc5d,2026-06-03 05:46:46.778945
processed,q3_density,Z3,cache,1.5268325805664062,0,fa394503-a8d9-4f99-b940-566338aff7b7,2026-06-03 05:46:46.880141
processed,q5_confidence_dist,Z1,cache,1.6448497772216797,0,07e4f26d-957a-45ce-a793-db289336154d,2026-06-03 05:46:46.980518
processed,q5_confidence_dist,Z3,cache,1.5630722045898438,0,5e3d4653-a70c-41c9-840f-62f4af024e44,2026-06-03 05:46:47.081321
processed,q3_density,Z3,cache,1.5439987182617188,0,66ad632e-f5d9-431f-98b9-a7920cf8212b,2026-06-03 05:46:47.131429
retry,q2_area,Z4,,0.0,1,06e634b3-7aa9-4e31-b83e-89c7ee2db3ef,2026-06-03 05:46:47.141146
processed,q5_confidence_dist,Z3,cache,1119.4734573364258,0,dc64ed51-6d10-415c-8be0-e81de399fc07,2026-06-03 05:46:47.143202
processed,q5_confidence_dist,Z4,cache,568.7069892883301,0,cc5a7ca3-66f6-4a10-87fa-debd7e9be78d,2026-06-03 05:46:47.145158
processed,q3_density,Z2,cache,771.5942859649658,0,b876d6ab-e761-4d1b-bcca-69b61f8bde8e,2026-06-03 05:46:47.146457
processed,q2_area,Z1,cache,521.4769840240479,0,12af2a67-51c9-4d7a-aa2f-b6ec08a29d96,2026-06-03 05:46:47.147662
processed,q2_area,Z1,cache,1.2934207916259766,0,4efd4be6-7a90-4e4d-badb-c87f84605744,2026-06-03 05:46:47.482422
processed,q5_confidence_dist,Z4,cache,1.238107681274414,0,c700ed43-ef9b-49c3-813c-b025b9e89cd2,2026-06-03 05:46:47.532605
processed,q3_density,Z1,cache,1.2805461883544922,0,92156fd7-1f26-47ad-98ef-3a21acea3606,2026-06-03 05:46:47.582863
processed,q1_count,Z5,cache,1.2912750244140625,0,36ef20b7-0a12-4774-9ef0-f50c126250f3,2026-06-03 05:46:47.633252
retry,q4_compare,Z4,,0.0,1,6e00fe92-e442-43cd-a1d3-13fd151572d1,2026-06-03 05:46:47.651768
processed,q4_compare,Z4,cache,1429.1303157806396,0,f77f383c-cf20-45c0-8f68-1be4ce264dd8,2026-06-03 05:46:47.653285
processed,q1_count,Z3,cache,1.2707710266113281,0,6ffd09bb-451a-4846-8fa2-c975ebdb8ac9,2026-06-03 05:46:47.884335
processed,q4_compare,Z2,cache,1.3856887817382812,0,7b475611-3335-439b-8f20-4b464123867d,2026-06-03 05:46:48.135738
retry,q2_area,Z4,,0.0,2,06e634b3-7aa9-4e31-b83e-89c7ee2db3ef,2026-06-03 05:46:48.145590
processed,q1_count,Z1,cache,868.985652923584,0,f542502f-4a2f-4e54-9cf9-5cb0669556c2,2026-06-03 05:46:48.148858
processed,q1_count,Z4,cache,368.17026138305664,0,83231439-fb9d-4a9a-9c16-5556d00f8a40,2026-06-03 05:46:48.150252
processed,q2_area,Z5,cache,68.11857223510742,0,fe59a442-c3ef-4be6-889f-c5468f20e4e3,2026-06-03 05:46:48.151502
processed,q5_confidence_dist,Z2,cache,822.9591846466064,0,290d8f2e-6eca-464c-8f2e-8ff0cdf9c143,2026-06-03 05:46:48.152768
processed,q5_confidence_dist,Z2,cache,120.86319923400879,0,4031945c-073d-4a87-8c6b-8641605f12e5,2026-06-03 05:46:48.154361
processed,q2_area,Z1,cache,172.6834774017334,0,22464ba1-7b8a-4536-a0c3-96bed0d2fe7f,2026-06-03 05:46:48.155571
processed,q3_density,Z4,cache,1.1777877807617188,0,548f5f1c-21f0-458f-8c1b-43e7fb93dbc6,2026-06-03 05:46:48.235741
processed,q3_density,Z2,cache,1.3158321380615234,0,1e5ab82c-845c-4538-aad1-af4a5f3ce945,2026-06-03 05:46:48.286410
processed,q2_area,Z3,cache,1.2404918670654297,0,0ad9e9db-157a-450f-852c-cb97cad801ad,2026-06-03 05:46:48.386741
processed,q5_confidence_dist,Z5,cache,1.2671947479248047,0,a8724915-4528-4082-9232-e72e4bf9d3cf,2026-06-03 05:46:48.436917
processed,q5_confidence_dist,Z4,cache,1.2481212615966797,0,3a0c5395-d1c7-4e87-bd00-60145a9e2e3e,2026-06-03 05:46:48.487103
processed,q5_confidence_dist,Z5,cache,1.2123584747314453,0,3adb2e54-926e-4ef7-9a62-e1f5c8a56f41,2026-06-03 05:46:48.537347
processed,q5_confidence_dist,Z1,cache,1.3222694396972656,0,634a30c7-13b8-4133-b161-811f267b0396,2026-06-03 05:46:48.587925
retry,q4_compare,Z4,,0.0,2,6e00fe92-e442-43cd-a1d3-13fd151572d1,2026-06-03 05:46:48.658627
processed,q5_confidence_dist,Z3,cache,1732.7449321746826,0,6457e293-a208-40e4-9fe2-e1bc437dd058,2026-06-03 05:46:48.661093
processed,q1_count,Z4,cache,1433.1386089324951,0,0118b325-715e-4e3b-9562-6436e55faf05,2026-06-03 05:46:48.662701
processed,q5_confidence_dist,Z2,cache,1836.7860317230225,0,1485ad57-4309-412b-b528-53118ade5c32,2026-06-03 05:46:48.664275
processed,q4_compare,Z4,generator,2238.9395236968994,2,6e00fe92-e442-43cd-a1d3-13fd151572d1,2026-06-03 05:46:48.664321
processed,q1_count,Z4,cache,1285.539150238037,0,68c4dd3d-ca76-4c3c-84c9-16752bb12425,2026-06-03 05:46:48.665790
recovered,q4_compare,Z4,generator,2238.9395236968994,2,6e00fe92-e442-43cd-a1d3-13fd151572d1,2026-06-03 05:46:48.665828
processed,q5_confidence_dist,Z5,cache,1488.1792068481445,0,ebbea727-4e03-404f-a447-37f64674e608,2026-06-03 05:46:48.667476
processed,q4_compare,Z1,cache,1238.6140823364258,0,466fcbd9-0acf-42e2-a962-46960a42dcd2,2026-06-03 05:46:48.669421
processed,q2_area,Z2,cache,1.0738372802734375,0,60126488-4f41-460f-9ae3-91afbd27f822,2026-06-03 05:46:48.688029
processed,q1_count,Z2,cache,1.6567707061767578,0,3d18cbf5-8cc9-4a52-b03c-1f941e175169,2026-06-03 05:46:48.789246
processed,q3_density,Z1,cache,1.4014244079589844,0,48b0b33b-1cf9-4f42-b225-63640123256b,2026-06-03 05:46:48.839432
processed,q2_area,Z2,cache,1.4491081237792969,0,656230ba-9c39-458f-b5ac-4aadb157d628,2026-06-03 05:46:48.940196
processed,q5_confidence_dist,Z5,cache,1.2078285217285156,0,4e9962a6-ddd8-4813-86f6-90c0f1349104,2026-06-03 05:46:49.140430
retry,q3_density,Z4,,0.0,1,d8fe38fd-48bb-45eb-8520-72c9966a9e57,2026-06-03 05:46:49.174038
processed,q3_density,Z4,generator,2150.3541469573975,1,d8fe38fd-48bb-45eb-8520-72c9966a9e57,2026-06-03 05:46:49.178799
processed,q1_count,Z1,generator,1498.3372688293457,0,191413e9-4808-4136-99d9-24cc86d7a471,2026-06-03 05:46:49.180236
recovered,q3_density,Z4,generator,2150.3541469573975,1,d8fe38fd-48bb-45eb-8520-72c9966a9e57,2026-06-03 05:46:49.180445
retry,q3_density,Z5,,0.0,1,6785ea70-9d95-495c-93e8-5096382c9439,2026-06-03 05:46:49.392442
processed,q1_count,Z4,cache,1.4612674713134766,0,99526209-c29b-4cd7-b289-8f6dd2640ced,2026-06-03 05:46:49.392809
processed,q4_compare,Z1,cache,1.4989376068115234,0,d4c765f7-b402-469b-89c2-3c56141f2e9b,2026-06-03 05:46:49.492243
retry,q1_count,Z1,,0.0,1,b6caf198-e848-4b4c-90d2-aea35fe3b4c0,2026-06-03 05:46:49.684184
processed,q5_confidence_dist,Z4,cache,948.9765167236328,0,fea8fe2b-1e88-40c8-87b3-9a85fc6c16a1,2026-06-03 05:46:49.686163
processed,q2_area,Z4,generator,3920.8436012268066,2,06e634b3-7aa9-4e31-b83e-89c7ee2db3ef,2026-06-03 05:46:49.693181
recovered,q2_area,Z4,generator,3920.8436012268066,2,06e634b3-7aa9-4e31-b83e-89c7ee2db3ef,2026-06-03 05:46:49.694612
processed,q1_count,Z1,cache,1863.7163639068604,0,90707dbc-9a06-47c9-9e88-b6bd2d2b262b,2026-06-03 05:46:49.696132
processed,q3_density,Z3,cache,1061.1240863800049,0,777a7ec5-402e-43b1-946f-e9b5450f63d3,2026-06-03 05:46:49.697651
processed,q1_count,Z5,cache,610.4917526245117,0,5e83275d-6c28-4717-b681-1323c9595180,2026-06-03 05:46:49.698820
processed,q5_confidence_dist,Z3,cache,1968.2362079620361,0,26fa7454-7edf-4eb2-ae4f-0db5da25bb66,2026-06-03 05:46:49.699967
processed,q4_compare,Z4,cache,1517.3215866088867,0,3b317147-3c3c-4b9d-9268-8e536f67c721,2026-06-03 05:46:49.701044
processed,q4_compare,Z2,cache,1367.6822185516357,0,77b3a448-f268-435b-a806-d42dd760556e,2026-06-03 05:46:49.702064
processed,q2_area,Z3,cache,264.38093185424805,0,de58d435-3447-4fd9-9d27-d7bdc8b4f3d0,2026-06-03 05:46:49.704211
processed,q2_area,Z1,cache,466.33410453796387,0,89b91f05-6361-4f69-8004-d29d2c5097b5,2026-06-03 05:46:49.705278
processed,q1_count,Z2,generator,420.43209075927734,0,2c0550d7-ca65-403d-8a80-84fe907bac9a,2026-06-03 05:46:49.709692
processed,q1_count,Z4,cache,1.2695789337158203,0,2aa7943c-3627-4f68-be25-452a26eef389,2026-06-03 05:46:49.793183
processed,q2_area,Z1,cache,1.6775131225585938,0,009af36f-721d-4921-b2ef-74bd8c98820a,2026-06-03 05:46:49.894061
processed,q2_area,Z2,cache,1.4162063598632812,0,210dd3c7-b198-41e6-aee6-cc01167d640a,2026-06-03 05:46:49.994370
processed,q2_area,Z2,generator,5.924224853515625,0,5bdfc02f-dda1-4831-a221-cad54a5ea6af,2026-06-03 05:46:50.048772
retry,q3_density,Z5,,0.0,1,dd711462-8f45-4c1e-9935-cd43b4cf98a8,2026-06-03 05:46:50.095276
processed,q1_count,Z1,generator,2168.2682037353516,1,b6caf198-e848-4b4c-90d2-aea35fe3b4c0,2026-06-03 05:46:50.101023
recovered,q1_count,Z1,generator,2168.2682037353516,1,b6caf198-e848-4b4c-90d2-aea35fe3b4c0,2026-06-03 05:46:50.102508
retry,q3_density,Z5,,0.0,2,6785ea70-9d95-495c-93e8-5096382c9439,2026-06-03 05:46:50.398247
processed,q4_compare,Z1,cache,1361.55366897583,0,03a2365d-0de3-42a9-a27f-06668a6ed754,2026-06-03 05:46:50.400031
processed,q3_density,Z1,cache,1061.9621276855469,0,cad78ec2-b32f-49d6-8643-25a1ff6ed49f,2026-06-03 05:46:50.401653
processed,q1_count,Z4,cache,1214.0781879425049,0,17fb447a-069e-49d4-8912-0cc2a31669f3,2026-06-03 05:46:50.402913
processed,q2_area,Z3,cache,1416.227102279663,0,5de633b5-c713-4e5d-88f8-0bd7f1b7a5e5,2026-06-03 05:46:50.404341
retry,q4_compare,Z4,,0.0,1,ec04c04f-c308-4708-9391-1c54e2dc2081,2026-06-03 05:46:50.606446
processed,q1_count,Z4,cache,515.0396823883057,0,33920f76-b7e6-4c71-b523-b090d4bc5f5d,2026-06-03 05:46:50.608015
processed,q1_count,Z2,cache,918.4470176696777,0,7588b399-4a69-4c5a-83b7-67e9acaeb4c6,2026-06-03 05:46:50.609652
processed,q4_compare,Z4,cache,167.45758056640625,0,40a45267-4461-42c4-9819-7f8c9fd1bf7b,2026-06-03 05:46:50.612021
processed,q4_compare,Z2,cache,470.2332019805908,0,f8ed34d9-49a8-4d36-b9bf-c76c1579ccba,2026-06-03 05:46:50.613514
processed,q5_confidence_dist,Z4,cache,371.13165855407715,0,00c9c188-09d3-4ca6-9271-0737adc28dca,2026-06-03 05:46:50.614791
processed,q5_confidence_dist,Z5,cache,121.29545211791992,0,72bb6f61-3558-4b5f-af53-3a59de347044,2026-06-03 05:46:50.616096
processed,q4_compare,Z2,cache,1.2352466583251953,0,1cb7f7bc-73a7-45ad-8081-082f0fc52ed5,2026-06-03 05:46:50.848278
retry,q1_count,Z5,,0.0,1,ef7f3ba0-2e2a-4d8a-8666-317fea6e853a,2026-06-03 05:46:50.909939
dlq,q3_density,Z5,,0.0,3,6785ea70-9d95-495c-93e8-5096382c9439,2026-06-03 05:46:50.914181
retry,q3_density,Z5,,0.0,2,dd711462-8f45-4c1e-9935-cd43b4cf98a8,2026-06-03 05:46:51.099013
dlq,q3_density,Z5,,0.0,3,dd711462-8f45-4c1e-9935-cd43b4cf98a8,2026-06-03 05:46:51.101664
processed,q3_density,Z2,cache,1.360177993774414,0,84e1f047-6f82-48ea-8230-8dfe738ecba0,2026-06-03 05:46:51.149418
processed,q3_density,Z1,cache,1.567840576171875,0,8803b1b6-5e28-4b70-a0ac-321898ccb020,2026-06-03 05:46:51.250541
processed,q2_area,Z1,cache,1.5597343444824219,0,9888ff46-d401-44de-bdfe-0c236133c446,2026-06-03 05:46:51.301012
processed,q5_confidence_dist,Z1,cache,1.2962818145751953,0,9c0d2473-3adc-4274-bf6c-799b9167b918,2026-06-03 05:46:51.350924
retry,q4_compare,Z2,,0.0,1,d99c5a09-e5a1-48f3-8940-d77737f893ac,2026-06-03 05:46:51.418214
processed,q4_compare,Z5,cache,1578.1002044677734,0,96a12633-1ece-4786-b5f8-1d9118e8811e,2026-06-03 05:46:51.420131
processed,q5_confidence_dist,Z2,cache,1881.0818195343018,0,98df5038-e7dd-476c-bdb8-65b7461ca0f2,2026-06-03 05:46:51.421322
processed,q2_area,Z5,cache,1128.7164688110352,0,645841b1-e630-471c-8b4d-3d3a5293cb54,2026-06-03 05:46:51.422391
processed,q1_count,Z5,cache,1079.519510269165,0,4053b4b5-8097-4174-8633-270b399523f4,2026-06-03 05:46:51.423795
processed,q3_density,Z2,cache,1.1060237884521484,0,03d1729b-de8e-4688-9431-a605d8086b23,2026-06-03 05:46:51.450467
retry,q4_compare,Z2,,0.0,1,298001c0-8d98-440b-9a83-8e566d71b1ef,2026-06-03 05:46:51.604281
processed,q2_area,Z4,cache,659.1389179229736,0,c7f3d1fa-177d-4439-8710-2365e3155adb,2026-06-03 05:46:51.605963
processed,q1_count,Z5,generator,1868.6597347259521,1,ef7f3ba0-2e2a-4d8a-8666-317fea6e853a,2026-06-03 05:46:51.609870
recovered,q1_count,Z5,generator,1868.6597347259521,1,ef7f3ba0-2e2a-4d8a-8666-317fea6e853a,2026-06-03 05:46:51.611028
processed,q1_count,Z1,cache,866.5168285369873,0,836e0520-5fef-44c2-bcc1-e4114c0f9d28,2026-06-03 05:46:51.612197
processed,q4_compare,Z3,generator,722.51296043396,0,b1965c0d-7f0d-45a0-b3db-b9c862ff26e3,2026-06-03 05:46:51.619135
processed,q4_compare,Z3,cache,1427.1750450134277,0,5456f196-ab43-4f19-b0c0-e96f9dcb6f90,2026-06-03 05:46:51.620532
processed,q4_compare,Z4,cache,825.8016109466553,0,3bb86c78-db98-4520-8b89-4fa8fa5e5bf1,2026-06-03 05:46:51.621930
processed,q4_compare,Z2,generator,1986.3922595977783,1,d99c5a09-e5a1-48f3-8940-d77737f893ac,2026-06-03 05:46:51.627215
recovered,q4_compare,Z2,generator,1986.3922595977783,1,d99c5a09-e5a1-48f3-8940-d77737f893ac,2026-06-03 05:46:51.628376
processed,q5_confidence_dist,Z1,cache,80.25026321411133,0,d9b50f12-6e3a-4256-962d-6679386ecda2,2026-06-03 05:46:51.629561
processed,q2_area,Z4,cache,131.64114952087402,0,582f9fe1-d2a1-4ebe-9a0d-c51195b88b6f,2026-06-03 05:46:51.631156
processed,q3_density,Z5,cache,1.432180404663086,0,5bd08162-0ee9-40c4-a443-d0ceceb0140c,2026-06-03 05:46:51.902880
retry,q4_compare,Z4,,0.0,1,0c2c0d8f-aa4f-486e-a030-4542220b7d80,2026-06-03 05:46:51.929183
processed,q2_area,Z2,cache,1.2052059173583984,0,c2eae012-cdf9-4a27-9195-0e6538924838,2026-06-03 05:46:52.002960
processed,q2_area,Z2,cache,1.1858940124511719,0,bc9eda7b-82c9-4dde-bd48-b8509677591b,2026-06-03 05:46:52.053130
processed,q4_compare,Z1,cache,1.2502670288085938,0,de0c5aed-6620-4209-9f3f-8a37ac47547d,2026-06-03 05:46:52.354492
processed,q4_compare,Z5,cache,1.2903213500976562,0,4619f6d0-f573-4c5c-a3d1-0cf3abd0ac3a,2026-06-03 05:46:52.405164
retry,q4_compare,Z2,,0.0,2,298001c0-8d98-440b-9a83-8e566d71b1ef,2026-06-03 05:46:52.608394
processed,q4_compare,Z2,cache,2216.7840003967285,2,298001c0-8d98-440b-9a83-8e566d71b1ef,2026-06-03 05:46:52.611311
processed,q1_count,Z3,cache,661.6535186767578,0,899dc7a7-fb70-4b2a-9ead-58934fda047c,2026-06-03 05:46:52.612874
processed,q1_count,Z3,cache,60.463666915893555,0,76c6a05d-0a9e-4285-a3da-138524a13f60,2026-06-03 05:46:52.614501
processed,q2_area,Z5,cache,915.7874584197998,0,b34aa49d-bd97-4658-a931-13158e4c2815,2026-06-03 05:46:52.615615
processed,q2_area,Z1,cache,464.92719650268555,0,457833aa-341e-44dd-ba93-6943cb7dc194,2026-06-03 05:46:52.616640
processed,q2_area,Z3,cache,13.797998428344727,0,d96c76d3-7fd5-4019-b91d-f3ac74268596,2026-06-03 05:46:52.617700
processed,q5_confidence_dist,Z3,cache,868.7362670898438,0,b43da90d-58fa-46f7-a159-b3208db69df7,2026-06-03 05:46:52.619029
processed,q5_confidence_dist,Z5,cache,518.6553001403809,0,d0ea70fc-a67b-46e3-9ddb-9822bd8176f4,2026-06-03 05:46:52.620343
processed,q2_area,Z4,cache,168.34306716918945,0,10a17a10-4861-4a91-82c4-a3d55fead598,2026-06-03 05:46:52.621792
processed,q5_confidence_dist,Z1,cache,1.5261173248291016,0,d7a3ebfb-4975-4240-bf6a-9fdc32ed3f80,2026-06-03 05:46:52.857765
processed,q4_compare,Z4,cache,1.4770030975341797,0,6558a31f-d7d7-4353-b257-af1a7a4060c5,2026-06-03 05:46:52.908153
retry,q4_compare,Z4,,0.0,2,ec04c04f-c308-4708-9391-1c54e2dc2081,2026-06-03 05:46:52.933365
processed,q3_density,Z3,cache,2389.8606300354004,0,784fc77a-1653-4120-a43f-d8a0eb4ad139,2026-06-03 05:46:52.934946
processed,q4_compare,Z2,cache,2290.8668518066406,0,3769d455-9888-467d-9de6-054eaa66bdf9,2026-06-03 05:46:52.936054
processed,q3_density,Z1,cache,2241.7209148406982,0,208d2662-3ab5-41e4-99d1-622c2fd5ca7e,2026-06-03 05:46:52.937157
processed,q4_compare,Z2,cache,1941.5323734283447,0,75db842a-0ce3-4325-917b-d77873292503,2026-06-03 05:46:52.938784
processed,q3_density,Z3,cache,1.2111663818359375,0,c970e482-3922-43b3-adc3-3316cb666ffa,2026-06-03 05:46:53.108353
processed,q3_density,Z3,cache,1.2176036834716797,0,8f7d0911-87f3-4e39-8578-9261c5a679ba,2026-06-03 05:46:53.158696
processed,q5_confidence_dist,Z2,cache,1.3508796691894531,0,c0513a6a-c3c1-4841-8ffb-d18044066a4c,2026-06-03 05:46:53.359837
retry,q4_compare,Z1,,0.0,1,c93fc92b-a8d3-4102-98da-9a1a5f46c397,2026-06-03 05:46:53.443231
processed,q2_area,Z5,cache,2347.4221229553223,0,9bf1720e-e780-44c4-b226-f36eec6ce8b0,2026-06-03 05:46:53.444880
processed,q5_confidence_dist,Z3,cache,2047.5022792816162,0,c6fe2670-c452-49f5-a5e0-5b7f10ed0765,2026-06-03 05:46:53.446295
retry,q4_compare,Z3,,0.0,1,95caab79-e579-4a30-82b6-505e80c3730e,2026-06-03 05:46:53.762554
processed,q1_count,Z5,cache,356.61911964416504,0,825af252-bde3-4e4b-b02f-b3788ff8e297,2026-06-03 05:46:53.765303
processed,q3_density,Z2,cache,56.83708190917969,0,8c061ead-42e3-438c-8576-b05c00eadb25,2026-06-03 05:46:53.766638
retry,q4_compare,Z5,,0.0,1,baad4370-9be0-40d7-9857-2f1a2b55390e,2026-06-03 05:46:53.950040
processed,q4_compare,Z4,generator,2761.4846229553223,1,0c2c0d8f-aa4f-486e-a030-4542220b7d80,2026-06-03 05:46:53.959532
recovered,q4_compare,Z4,generator,2761.4846229553223,1,0c2c0d8f-aa4f-486e-a030-4542220b7d80,2026-06-03 05:46:53.961308
processed,q2_area,Z5,cache,1.2772083282470703,0,24156269-a7b0-4a37-a1ec-822e33f3a12e,2026-06-03 05:46:54.163808
processed,q4_compare,Z5,cache,1.1794567108154297,0,35672171-0c8c-4323-99ee-b33e995717ed,2026-06-03 05:46:54.414960
retry,q4_compare,Z1,,0.0,2,c93fc92b-a8d3-4102-98da-9a1a5f46c397,2026-06-03 05:46:54.447005
processed,q1_count,Z4,cache,1.3282299041748047,0,bb13d193-6ee6-450d-931e-de6a28c744ba,2026-06-03 05:46:54.566410
processed,q2_area,Z2,cache,1.5549659729003906,0,a752b7e4-2a25-4868-a353-25ab36b72a38,2026-06-03 05:46:54.667149
processed,q1_count,Z2,cache,1.5251636505126953,0,ca083fd9-9b14-47c8-a5e4-53b7a27efb20,2026-06-03 05:46:54.868111
retry,q4_compare,Z5,,0.0,2,baad4370-9be0-40d7-9857-2f1a2b55390e,2026-06-03 05:46:54.965642
processed,q4_compare,Z3,cache,2011.3294124603271,0,29975eab-335d-4acb-89b0-5f303bf66738,2026-06-03 05:46:54.967370
processed,q2_area,Z4,cache,1962.6379013061523,0,e632bf94-fcee-4f84-bc1b-6b26de6ca3b6,2026-06-03 05:46:54.968835
processed,q5_confidence_dist,Z1,cache,1913.6981964111328,0,f07fccd7-e304-4baa-8edf-1a7ed2637c2c,2026-06-03 05:46:54.970500
processed,q4_compare,Z5,generator,4377.215385437012,2,baad4370-9be0-40d7-9857-2f1a2b55390e,2026-06-03 05:46:54.972709
recovered,q4_compare,Z5,generator,4377.215385437012,2,baad4370-9be0-40d7-9857-2f1a2b55390e,2026-06-03 05:46:54.974578
dlq,q4_compare,Z4,,0.0,3,ec04c04f-c308-4708-9391-1c54e2dc2081,2026-06-03 05:46:54.974822
processed,q1_count,Z3,cache,2673.5167503356934,0,056474fd-90d7-4ec4-9727-1e3265255b08,2026-06-03 05:46:54.976353
processed,q4_compare,Z3,cache,11.073112487792969,0,3d16ef2c-ab58-4d3c-bb58-706afd17eb3e,2026-06-03 05:46:54.977637
processed,q5_confidence_dist,Z5,cache,2222.8050231933594,0,d06bd062-f546-4711-802b-5f38b8de96e4,2026-06-03 05:46:54.978082
processed,q1_count,Z1,cache,1068.5789585113525,0,ef0cb834-1097-4116-a939-c92739c805f9,2026-06-03 05:46:54.979449
processed,q5_confidence_dist,Z3,cache,3330.9550285339355,0,503fd4bf-5c27-4cdc-9d3e-3a4f08b9a2c6,2026-06-03 05:46:54.980828
processed,q5_confidence_dist,Z1,cache,1674.4163036346436,0,f9228399-b453-451b-9141-78f089da4689,2026-06-03 05:46:54.982218
processed,q1_count,Z5,cache,3132.854700088501,0,d0ee47de-a59d-48bd-8751-253202343689,2026-06-03 05:46:54.983339
processed,q1_count,Z2,cache,3385.020971298218,0,91e1b55a-ad8d-4eb8-a38d-4b6f7cb8377e,2026-06-03 05:46:54.984718
processed,q5_confidence_dist,Z3,cache,2783.862352371216,0,085bbfc7-f59c-4d5b-bbec-4054e7383888,2026-06-03 05:46:54.985865
processed,q1_count,Z5,cache,2734.8036766052246,0,3a9c3f40-7d1d-4482-be32-b1599ed378f8,2026-06-03 05:46:54.987210
processed,q3_density,Z3,cache,2334.151268005371,0,209f1a2f-56a1-4c60-a2ce-9cae9e7872b0,2026-06-03 05:46:54.988653
processed,q3_density,Z3,cache,2184.863805770874,0,9ad7000d-d339-4c36-8970-24b058fb95ec,2026-06-03 05:46:54.990080
processed,q2_area,Z4,cache,3191.0603046417236,0,0b696a4f-768d-4c36-8df6-0ec071a0293d,2026-06-03 05:46:54.991631
processed,q3_density,Z2,cache,2489.4893169403076,0,def7598e-2889-4689-b70a-9e41f373911c,2026-06-03 05:46:54.993532
processed,q1_count,Z5,cache,1.3911724090576172,0,0c89e81a-b7d8-42d5-8cf6-f60b01486aa6,2026-06-03 05:46:55.219459
processed,q2_area,Z2,cache,1.1844635009765625,0,9d734f67-0412-4a73-9bad-8ae2af886dfb,2026-06-03 05:46:55.269449
processed,q4_compare,Z2,generator,7.112979888916016,0,573f675f-e5f9-4ce8-b6e3-49f9381ae754,2026-06-03 05:46:55.325494
processed,q1_count,Z4,cache,1.2640953063964844,0,fbdb0d17-ee27-4034-a566-cfe4e28d780b,2026-06-03 05:46:55.370044
retry,q4_compare,Z3,,0.0,2,95caab79-e579-4a30-82b6-505e80c3730e,2026-06-03 05:46:55.455523
processed,q5_confidence_dist,Z5,cache,1596.6100692749023,0,771fc6d7-e4bc-4511-a26b-33581671e8f0,2026-06-03 05:46:55.457517
dlq,q4_compare,Z3,,0.0,3,95caab79-e579-4a30-82b6-505e80c3730e,2026-06-03 05:46:55.458177
processed,q4_compare,Z2,cache,1347.4695682525635,0,8330df88-75ef-412b-b657-e15f5356cabd,2026-06-03 05:46:55.459341
processed,q4_compare,Z1,generator,4420.001268386841,2,c93fc92b-a8d3-4102-98da-9a1a5f46c397,2026-06-03 05:46:55.467317
recovered,q4_compare,Z1,generator,4420.001268386841,2,c93fc92b-a8d3-4102-98da-9a1a5f46c397,2026-06-03 05:46:55.468777
processed,q4_compare,Z3,cache,1.180887222290039,0,919b39d8-8525-4312-aae6-9ff34f75d2b4,2026-06-03 05:46:55.470440
processed,q3_density,Z2,cache,1961.487054824829,0,2357ec87-bdd7-4675-bd3f-26bad8c47047,2026-06-03 05:46:55.470525
processed,q3_density,Z3,cache,2013.5037899017334,0,d30dd1c8-957d-4a60-ac74-b60ba0fbb848,2026-06-03 05:46:55.472040
processed,q5_confidence_dist,Z5,cache,1210.845708847046,0,161aebe1-6f7b-4d66-9db7-686ab3a46c77,2026-06-03 05:46:55.473176
processed,q2_area,Z4,cache,1111.3917827606201,0,de3e4ae2-17bb-4f27-a00d-09a1c9dad8f6,2026-06-03 05:46:55.474380
processed,q3_density,Z3,cache,1866.3685321807861,0,b2582702-4cd3-455c-8967-be5ba81bca67,2026-06-03 05:46:55.475424
processed,q3_density,Z4,cache,1415.1439666748047,0,145b7b22-2a54-403e-87d0-9d23d1e60884,2026-06-03 05:46:55.476480
processed,q4_compare,Z1,cache,1164.9913787841797,0,3dd9a02d-d12d-49a7-9441-097c72c2db25,2026-06-03 05:46:55.477501
processed,q1_count,Z5,cache,1718.6589241027832,0,5d6c5a00-a7ca-45fc-a87a-49f7e5930d65,2026-06-03 05:46:55.478751
processed,q1_count,Z5,cache,414.4287109375,0,abba3455-ca54-4cdc-ba6f-208ee609e75d,2026-06-03 05:46:55.481031
processed,q5_confidence_dist,Z4,cache,1018.8519954681396,0,a7a2334a-9edd-4b4f-8526-16f8b046f088,2026-06-03 05:46:55.482402
processed,q2_area,Z5,cache,969.8927402496338,0,9d272869-c2b7-4a8e-947c-3bf86c480523,2026-06-03 05:46:55.483833
processed,q2_area,Z4,cache,770.3571319580078,0,c205a513-72ef-4240-8bc9-0e809c956f4e,2026-06-03 05:46:55.485131
processed,q3_density,Z1,cache,68.15981864929199,0,317a2c64-496c-48eb-a72e-7e6b1cbad9bf,2026-06-03 05:46:55.486389
retry,q4_compare,Z4,,0.0,1,bc0955d8-75f8-4d5d-9a04-6e3e147eebb6,2026-06-03 05:46:55.498389
processed,q1_count,Z1,cache,2795.382022857666,0,1d74307b-9f96-4abf-8e69-99b8fe702a30,2026-06-03 05:46:55.500275
processed,q3_density,Z3,cache,2294.5151329040527,0,c6eed3b2-6dd9-4fa2-a9d0-4a608525ee0d,2026-06-03 05:46:55.501613
processed,q5_confidence_dist,Z2,cache,1943.9220428466797,0,7f0c798d-fb0d-4bd3-a943-438348b4a735,2026-06-03 05:46:55.502712
processed,q5_confidence_dist,Z5,cache,1693.622350692749,0,8b6823e8-eec8-4772-8853-4b2ef4880923,2026-06-03 05:46:55.503769
processed,q3_density,Z1,cache,1294.6152687072754,0,4d1854c3-f1b2-4ac0-88f2-0a58b4818be9,2026-06-03 05:46:55.507048
processed,q2_area,Z1,cache,743.3366775512695,0,b4d3c981-786c-4d97-9402-5d16c2ba835f,2026-06-03 05:46:55.508176
processed,q2_area,Z2,cache,694.1895484924316,0,ae8b58dd-5764-42cd-829c-685b179db2fe,2026-06-03 05:46:55.509457
processed,q1_count,Z3,cache,1549.7031211853027,0,143b047c-3bc8-4256-8d67-87193224cadc,2026-06-03 05:46:55.510538
processed,q5_confidence_dist,Z3,cache,395.05767822265625,0,9731b002-2403-4995-bb21-6f9ba2c6ba2e,2026-06-03 05:46:55.511574
processed,q2_area,Z4,cache,898.5745906829834,0,d82963f1-fe23-4ce3-b996-7866f0201bd2,2026-06-03 05:46:55.512800
processed,q3_density,Z1,cache,1.1358261108398438,0,de3fd837-755d-45ab-8b54-2f3fb02544fc,2026-06-03 05:46:55.570738
processed,q4_compare,Z3,generator,6.410121917724609,0,045fc94b-30ef-42cc-90fc-4fd37488aeab,2026-06-03 05:46:55.626277
processed,q1_count,Z3,cache,1.1570453643798828,0,7c782f1c-9c1c-46c2-8c55-9a1b0d9fb648,2026-06-03 05:46:55.721271
processed,q5_confidence_dist,Z4,cache,1.2814998626708984,0,524da5b0-7fa3-4130-a66e-567c51207fa7,2026-06-03 05:46:55.821852
processed,q2_area,Z4,cache,1.1315345764160156,0,785a3296-a1d6-4915-9f9a-17f61e233072,2026-06-03 05:46:55.972413
retry,q1_count,Z5,,0.0,1,51063cea-d09d-41eb-8e43-83a54dd3e3de,2026-06-03 05:46:56.016845
processed,q4_compare,Z2,cache,2007.0888996124268,0,df4d6683-763e-4090-a8ae-d44c3b7390e8,2026-06-03 05:46:56.018417
processed,q1_count,Z1,cache,1103.959321975708,0,47c0154c-4172-4ca2-acce-37b07192a212,2026-06-03 05:46:56.019557
processed,q3_density,Z5,cache,853.8703918457031,0,46b81ad8-28e8-452f-95b5-eb758778ce14,2026-06-03 05:46:56.020713
processed,q2_area,Z5,cache,353.35731506347656,0,32bced30-cd18-4b81-a3e5-e990bd91c40a,2026-06-03 05:46:56.023239
processed,q1_count,Z1,cache,1.3320446014404297,0,07f95cfa-d8b6-4943-9477-8bb917c98aab,2026-06-03 05:46:56.123903
retry,q4_compare,Z4,,0.0,2,bc0955d8-75f8-4d5d-9a04-6e3e147eebb6,2026-06-03 05:46:56.501800
dlq,q4_compare,Z4,,0.0,3,bc0955d8-75f8-4d5d-9a04-6e3e147eebb6,2026-06-03 05:46:56.504974
processed,q1_count,Z3,cache,1.3937950134277344,0,62ac8a7e-56e9-446e-8360-eca7554f76bc,2026-06-03 05:46:56.676405
processed,q5_confidence_dist,Z5,cache,1.2938976287841797,0,a516796a-546f-4d62-b133-2ebe6fb25f85,2026-06-03 05:46:56.726214
retry,q3_density,Z4,,0.0,1,4782baa9-8db4-4cfb-b732-295d8a21589b,2026-06-03 05:46:56.827699
processed,q3_density,Z4,generator,512.4082565307617,1,4782baa9-8db4-4cfb-b732-295d8a21589b,2026-06-03 05:46:56.835392
recovered,q3_density,Z4,generator,512.4082565307617,1,4782baa9-8db4-4cfb-b732-295d8a21589b,2026-06-03 05:46:56.836792
processed,q1_count,Z2,cache,364.9866580963135,0,8ab898da-b1b2-450b-b8f2-bfe898d4b209,2026-06-03 05:46:56.838289
processed,q2_area,Z4,cache,316.22862815856934,0,d7751303-30dd-4108-9183-9187be2939b8,2026-06-03 05:46:56.839716
processed,q2_area,Z3,cache,1.215219497680664,0,e65d840d-a38f-4212-ba20-6268b2811f03,2026-06-03 05:46:56.877005
processed,q1_count,Z3,cache,1.329183578491211,0,48f09d70-ba18-4d60-af2e-a06f9ac5880d,2026-06-03 05:46:56.927218
processed,q5_confidence_dist,Z2,cache,1.443624496459961,0,88aef9e4-fd58-4bb9-9f3e-c0486c085953,2026-06-03 05:46:57.078437
processed,q4_compare,Z3,cache,1.28173828125,0,8ee399ff-3147-4012-be67-8cf4115f0556,2026-06-03 05:46:57.128423
processed,q2_area,Z3,cache,1.60980224609375,0,1a67eb8d-448e-433f-8e2a-133e88b89fe5,2026-06-03 05:46:57.279966
processed,q3_density,Z5,cache,1.354217529296875,0,d893b960-ee2c-4814-acc7-de27f5f05383,2026-06-03 05:46:57.329760
processed,q4_compare,Z3,cache,1.3620853424072266,0,239c39ba-b305-4b8b-9830-8f130db3adba,2026-06-03 05:46:57.379835
processed,q1_count,Z3,cache,1.142740249633789,0,c8bc75bd-46cd-4436-be0b-604d6cea5413,2026-06-03 05:46:57.429552
processed,q2_area,Z3,cache,1.1816024780273438,0,9dcba572-127c-4db3-a644-a8c625d04dc5,2026-06-03 05:46:57.480225
retry,q1_count,Z5,,0.0,2,51063cea-d09d-41eb-8e43-83a54dd3e3de,2026-06-03 05:46:57.507306
processed,q1_count,Z5,generator,2496.3088035583496,2,51063cea-d09d-41eb-8e43-83a54dd3e3de,2026-06-03 05:46:57.513187
recovered,q1_count,Z5,generator,2496.3088035583496,2,51063cea-d09d-41eb-8e43-83a54dd3e3de,2026-06-03 05:46:57.514441
processed,q3_density,Z5,generator,5.56492805480957,0,723e3c7e-c9df-4500-a7df-c179c444b684,2026-06-03 05:46:57.534095
processed,q1_count,Z4,cache,1.209259033203125,0,8aa4ff95-d666-491e-ba1b-d96f3a98d3a4,2026-06-03 05:46:57.630947
processed,q4_compare,Z2,cache,1.1665821075439453,0,93556fbc-0a4f-4525-83a8-d89163b11a0b,2026-06-03 05:46:57.681018
processed,q3_density,Z4,cache,1.0864734649658203,0,7cc48141-c85d-4315-aff1-ffe5e4b01cfd,2026-06-03 05:46:57.730747
processed,q2_area,Z4,cache,1.4014244079589844,0,abc6f221-cf1e-47ee-9798-3c68afc3c67c,2026-06-03 05:46:57.781407
processed,q5_confidence_dist,Z2,cache,1.3461112976074219,0,714f0ed8-3c8d-4f0c-9b82-16d42a253813,2026-06-03 05:46:57.831855
retry,q2_area,Z2,,0.0,1,7d4aa2b3-c876-4543-9f12-b1c7b9da3cfa,2026-06-03 05:46:58.012700
processed,q3_density,Z1,cache,1591.2995338439941,0,68374fce-e141-41e6-9b0e-d0fa3ca6127d,2026-06-03 05:46:58.014348
processed,q4_compare,Z4,cache,1.3875961303710938,0,2565912c-3d5c-4083-a2a2-822433b563bd,2026-06-03 05:46:58.184014
processed,q4_compare,Z3,generator,7.495403289794922,0,89ee84c0-d4a1-4b8b-95cd-64d1ed559bc5,2026-06-03 05:46:58.239567
processed,q2_area,Z2,cache,1.1303424835205078,0,4fba7d6c-47f8-45d6-a1a2-7dddc3d1b930,2026-06-03 05:46:58.334167
processed,q1_count,Z1,cache,1.1162757873535156,0,a6a90b3a-03fa-4548-b4ac-f711e270d5d3,2026-06-03 05:46:58.484598
retry,q2_area,Z4,,0.0,1,1487420b-dbf5-4ce2-a213-0105dee1382a,2026-06-03 05:46:58.518125
processed,q2_area,Z5,cache,2448.638439178467,0,cd89f29c-ed4b-4b71-a9ec-60a569caac72,2026-06-03 05:46:58.520291
processed,q1_count,Z5,cache,2299.802303314209,0,3ace36f3-1319-4dc7-9146-26580c437574,2026-06-03 05:46:58.522063
processed,q2_area,Z3,cache,3004.885673522949,0,2de27a7a-5ed3-4521-b3bd-316679402c29,2026-06-03 05:46:58.523927
processed,q4_compare,Z4,generator,2661.475419998169,0,1d9d819c-b26f-415d-a393-eee54f38fff3,2026-06-03 05:46:58.532352
processed,q5_confidence_dist,Z2,cache,2512.9687786102295,0,e8b0acd8-e046-4401-a60c-e5fc8d3e5f9f,2026-06-03 05:46:58.534544
processed,q5_confidence_dist,Z4,cache,2364.2866611480713,0,c277bc7f-379f-49f2-96a4-0d5e815e4e41,2026-06-03 05:46:58.536125
processed,q5_confidence_dist,Z4,cache,2164.9370193481445,0,3551b885-2ded-4e36-a7c5-8b01ed45ab54,2026-06-03 05:46:58.538041
processed,q2_area,Z3,cache,2769.6006298065186,0,9b67ef66-6df1-48fc-819e-34d6f815537b,2026-06-03 05:46:58.539690
processed,q3_density,Z2,cache,1.0733604431152344,0,f43b3156-b12e-402a-b14b-ceaeb9c1f5ad,2026-06-03 05:46:58.685948
processed,q5_confidence_dist,Z4,cache,1.3022422790527344,0,275904f0-7d1c-4306-9138-e4bac7ef3c97,2026-06-03 05:46:58.887167
retry,q4_compare,Z3,,0.0,1,2a968eeb-d011-4390-b569-9f1d84149985,2026-06-03 05:46:58.887231
retry,q4_compare,Z5,,0.0,1,b76f8d96-80c4-44ff-a7b8-a591bf10c89c,2026-06-03 05:46:59.393393
processed,q5_confidence_dist,Z3,cache,160.25304794311523,0,c79eabfe-a96d-47b7-915b-e294f2a6fdf1,2026-06-03 05:46:59.397438
processed,q1_count,Z2,cache,212.54873275756836,0,374e8223-356e-4f60-b73a-06b113936453,2026-06-03 05:46:59.399434
processed,q3_density,Z4,cache,13.532638549804688,0,c7001d3a-c619-4ec4-a73d-2d000540747d,2026-06-03 05:46:59.401249
processed,q5_confidence_dist,Z2,cache,417.2499179840088,0,080ed14a-a044-4070-bad9-748a96e81cd2,2026-06-03 05:46:59.403024
processed,q4_compare,Z3,cache,67.29412078857422,0,ee9f0711-525e-411c-8e7c-3eac299b1def,2026-06-03 05:46:59.404402
processed,q3_density,Z3,cache,118.93868446350098,0,c3a74143-55bd-49f4-8397-f8ab1b265066,2026-06-03 05:46:59.406193
retry,q2_area,Z4,,0.0,2,1487420b-dbf5-4ce2-a213-0105dee1382a,2026-06-03 05:46:59.547687
processed,q4_compare,Z2,cache,1669.4176197052002,0,e0a089c0-156b-4cc8-8eaf-9e5341041cbc,2026-06-03 05:46:59.549793
processed,q2_area,Z5,cache,1269.315242767334,0,a7896798-ecc0-4b88-bf03-064e95c771a8,2026-06-03 05:46:59.551648
processed,q2_area,Z2,generator,3636.6920471191406,1,7d4aa2b3-c876-4543-9f12-b1c7b9da3cfa,2026-06-03 05:46:59.557447
recovered,q2_area,Z2,generator,3636.6920471191406,1,7d4aa2b3-c876-4543-9f12-b1c7b9da3cfa,2026-06-03 05:46:59.559441
processed,q2_area,Z1,cache,2333.9481353759766,0,509c6a94-4d7b-470b-97ed-fd92dce3c411,2026-06-03 05:46:59.560866
processed,q3_density,Z1,cache,1430.8886528015137,0,97425761-4098-405f-a59a-b76162aafe3e,2026-06-03 05:46:59.562047
processed,q4_compare,Z1,cache,1632.9574584960938,0,35274b31-619f-4ff2-b60f-ec0bb49c040f,2026-06-03 05:46:59.563104
retry,q4_compare,Z3,,0.0,2,2a968eeb-d011-4390-b569-9f1d84149985,2026-06-03 05:46:59.893802
processed,q4_compare,Z5,generator,1370.0861930847168,1,b76f8d96-80c4-44ff-a7b8-a591bf10c89c,2026-06-03 05:46:59.903824
recovered,q4_compare,Z5,generator,1370.0861930847168,1,b76f8d96-80c4-44ff-a7b8-a591bf10c89c,2026-06-03 05:46:59.905249
processed,q1_count,Z4,cache,217.88406372070312,0,2a34d72d-e1fe-4edf-a1a0-6bc1e6f80220,2026-06-03 05:46:59.907035
processed,q3_density,Z4,cache,119.1859245300293,0,072701ee-feb5-43b8-a109-d529ad31b6ba,2026-06-03 05:46:59.908547
processed,q1_count,Z5,cache,472.30982780456543,0,8b3b8333-1799-4e6c-b084-7d598fcca5a0,2026-06-03 05:46:59.910652
retry,q2_area,Z5,,0.0,1,de0941e7-0c6c-43b1-854a-add4534d43d5,2026-06-03 05:46:59.911699
processed,q2_area,Z4,generator,3646.5420722961426,2,1487420b-dbf5-4ce2-a213-0105dee1382a,2026-06-03 05:46:59.919062
processed,q4_compare,Z1,generator,281.177282333374,0,f2dd8f18-d44f-44d3-aa9e-8019e1e3d06d,2026-06-03 05:46:59.920322
recovered,q2_area,Z4,generator,3646.5420722961426,2,1487420b-dbf5-4ce2-a213-0105dee1382a,2026-06-03 05:46:59.920855
processed,q1_count,Z3,cache,434.42845344543457,0,29a368f1-ce78-4487-9013-002044f5afcd,2026-06-03 05:46:59.922280
processed,q3_density,Z5,cache,837.8643989562988,0,85d95543-4781-4126-a047-02e7b7320f23,2026-06-03 05:46:59.924432
processed,q1_count,Z1,cache,990.8261299133301,0,038c5c35-9926-4a92-9b16-a6fea043f9bd,2026-06-03 05:46:59.926874
processed,q4_compare,Z3,generator,1548.2618808746338,2,2a968eeb-d011-4390-b569-9f1d84149985,2026-06-03 05:46:59.931491
recovered,q4_compare,Z3,generator,1548.2618808746338,2,2a968eeb-d011-4390-b569-9f1d84149985,2026-06-03 05:46:59.932710
processed,q1_count,Z2,cache,94.60663795471191,0,efa91673-5b04-423c-9efb-2ac89f503d4a,2026-06-03 05:46:59.933908
processed,q5_confidence_dist,Z1,cache,397.1292972564697,0,0859bbb4-6949-4be4-be10-24ebed72ea22,2026-06-03 05:46:59.935031
processed,q3_density,Z2,cache,348.0055332183838,0,9ed8bfe8-ae51-4882-a9a9-780d569a466e,2026-06-03 05:46:59.936135
retry,q2_area,Z2,,0.0,1,fcedf0ee-e745-4e71-a551-d2c8025b9fdb,2026-06-03 05:47:00.067418
processed,q2_area,Z5,cache,2038.151502609253,0,0c382373-2def-4cac-a980-dcb2e67dd212,2026-06-03 05:47:00.068989
processed,q4_compare,Z1,cache,3496.70147895813,0,5e5179be-6836-4f63-b813-3c8ec2653276,2026-06-03 05:47:00.070247
processed,q1_count,Z3,cache,3296.877861022949,0,7fb2379b-a90b-4202-a1a2-92a91809cbe0,2026-06-03 05:47:00.071355
processed,q5_confidence_dist,Z2,cache,1991.6203022003174,0,1b03a95d-5ec0-403f-8054-680ee4382fd7,2026-06-03 05:47:00.072434
processed,q3_density,Z5,cache,1640.9754753112793,0,12e0ecbd-5e13-411a-aa5d-c4194747bd2f,2026-06-03 05:47:00.073477
processed,q4_compare,Z5,cache,3249.8669624328613,0,a70a1196-b496-487b-942b-2bdd426d6762,2026-06-03 05:47:00.074570
processed,q2_area,Z2,cache,3100.2025604248047,0,942a8a68-96f7-492d-b1a4-7400f0493259,2026-06-03 05:47:00.076149
processed,q5_confidence_dist,Z5,cache,3051.650047302246,0,e26474e0-b8a7-4a09-bb85-0449523e3270,2026-06-03 05:47:00.077477
processed,q2_area,Z4,cache,2902.111768722534,0,f72c12dd-666f-404f-946a-9b93dfe3cb70,2026-06-03 05:47:00.078698
processed,q4_compare,Z4,cache,2099.416494369507,0,d7b513b8-813c-424c-82f1-849cfaf00d71,2026-06-03 05:47:00.080129
processed,q5_confidence_dist,Z3,cache,2502.7575492858887,0,b41e7cf0-41ff-46c4-8291-fac03be0d399,2026-06-03 05:47:00.081276
processed,q2_area,Z5,generator,1054.0294647216797,1,de0941e7-0c6c-43b1-854a-add4534d43d5,2026-06-03 05:47:00.089899
recovered,q2_area,Z5,generator,1054.0294647216797,1,de0941e7-0c6c-43b1-854a-add4534d43d5,2026-06-03 05:47:00.091241
processed,q5_confidence_dist,Z4,cache,1.3756752014160156,0,e10e3b52-2056-42e4-94c1-c17db689fad1,2026-06-03 05:47:00.093152
processed,q3_density,Z4,cache,202.96669006347656,0,825ae14a-52d5-4d26-b75a-80518e4c95e9,2026-06-03 05:47:00.093238
processed,q5_confidence_dist,Z3,cache,958.8346481323242,0,df8b906f-68b8-433e-a8d3-9e1f3c68a7b1,2026-06-03 05:47:00.095529
processed,q3_density,Z5,cache,1.338958740234375,0,170ed50f-7a52-419b-b86c-14a1a93e0723,2026-06-03 05:47:00.293757
processed,q4_compare,Z4,cache,1.5103816986083984,0,cacd2c7e-3fa6-41a0-87d6-bc9de5e24f40,2026-06-03 05:47:00.344010
processed,q5_confidence_dist,Z2,cache,1.2536048889160156,0,7cf2fdd3-2446-4764-917f-ae672e969252,2026-06-03 05:47:00.393780
retry,q4_compare,Z3,,0.0,1,296b25ef-7710-4857-8c6e-68a4a3d9a519,2026-06-03 05:47:00.444440
processed,q4_compare,Z3,generator,513.2040977478027,1,296b25ef-7710-4857-8c6e-68a4a3d9a519,2026-06-03 05:47:00.453830
recovered,q4_compare,Z3,generator,513.2040977478027,1,296b25ef-7710-4857-8c6e-68a4a3d9a519,2026-06-03 05:47:00.455144
retry,q4_compare,Z2,,0.0,1,870140e1-880d-4b64-adc7-2942660f97e0,2026-06-03 05:47:00.599991
processed,q2_area,Z4,cache,1967.7090644836426,0,3f1fb1a7-ab05-48b7-b62d-3378128f2d47,2026-06-03 05:47:00.601502
processed,q2_area,Z2,cache,863.8331890106201,0,5955303d-cfaa-4c10-83d6-7ffd0524a1d6,2026-06-03 05:47:00.602894
processed,q1_count,Z1,cache,1819.6985721588135,0,25542518-a12d-4018-ad1d-6ed116b64897,2026-06-03 05:47:00.604042
processed,q1_count,Z3,cache,2021.8303203582764,0,ebc0a191-403a-42fc-ae27-e43c52047d88,2026-06-03 05:47:00.605390
processed,q5_confidence_dist,Z4,cache,1872.4238872528076,0,dd1a696a-9e63-4edc-ab78-3655091756a3,2026-06-03 05:47:00.606480
processed,q4_compare,Z2,generator,1780.449628829956,1,870140e1-880d-4b64-adc7-2942660f97e0,2026-06-03 05:47:00.615955
recovered,q4_compare,Z2,generator,1780.449628829956,1,870140e1-880d-4b64-adc7-2942660f97e0,2026-06-03 05:47:00.617232
processed,q4_compare,Z3,cache,176.5735149383545,0,36a48f4f-2cef-4250-a35f-e5d244ee9d9f,2026-06-03 05:47:00.618707
processed,q2_area,Z4,cache,26.89218521118164,0,494cf654-513b-4358-8caf-2e0bb84aa4b6,2026-06-03 05:47:00.620124
processed,q5_confidence_dist,Z2,cache,129.11391258239746,0,6fcfec68-ef3c-4483-8212-438208d74da4,2026-06-03 05:47:00.621334
processed,q3_density,Z1,cache,1.478433609008789,0,fd27c6d7-10b0-433f-b3d4-12b0679fc050,2026-06-03 05:47:00.696096
processed,q4_compare,Z5,cache,1.3692378997802734,0,d1989223-5a7f-4b2d-95a7-ffd34cfa835e,2026-06-03 05:47:00.746100
processed,q2_area,Z1,cache,1.3496875762939453,0,05f24eee-a80d-4d17-b468-627df88164f6,2026-06-03 05:47:00.796250
processed,q1_count,Z2,cache,1.3766288757324219,0,921d19ff-95af-4f35-a893-73f71c85ffd8,2026-06-03 05:47:00.896824
retry,q3_density,Z1,,0.0,1,98487710-2097-4969-b54c-687b8664ff53,2026-06-03 05:47:00.949892
processed,q3_density,Z1,cache,810.8336925506592,0,3ba84d9d-0fe2-4044-92b6-ab70e53f8ee2,2026-06-03 05:47:00.951696
processed,q5_confidence_dist,Z1,cache,711.8773460388184,0,7fc8da7c-5444-4e0d-be7a-fe7dc41cf854,2026-06-03 05:47:00.952848
processed,q1_count,Z3,cache,1.542806625366211,0,b126fad9-f247-4e5d-b01d-bf3c71bf8d41,2026-06-03 05:47:01.048346
processed,q3_density,Z4,cache,1.434326171875,0,c2422000-db85-41ba-b2fe-5cd39f9f0362,2026-06-03 05:47:01.149021
processed,q5_confidence_dist,Z4,cache,1.4650821685791016,0,c195c9c8-5896-4192-a05a-2470f04fbdef,2026-06-03 05:47:01.199325
processed,q1_count,Z1,cache,1.5015602111816406,0,2e5bc64b-a317-402b-9649-50bb4f12eef9,2026-06-03 05:47:01.299908
processed,q4_compare,Z1,cache,1.468658447265625,0,e12d021c-289b-4b46-a104-b4324b350b96,2026-06-03 05:47:01.349707
processed,q1_count,Z1,cache,1.3689994812011719,0,618c8756-01f1-4476-b871-e106c3f1b659,2026-06-03 05:47:01.550538
processed,q2_area,Z4,generator,6.971597671508789,0,6013fd1b-c887-477b-bc69-b79af886c525,2026-06-03 05:47:01.807530
processed,q1_count,Z4,cache,1.2998580932617188,0,23b5b3ba-ab82-49a6-b2dc-32fe7b17a7b2,2026-06-03 05:47:01.851728
processed,q5_confidence_dist,Z5,cache,1.1990070343017578,0,8bd0bd84-d233-4b5b-8c4d-452c85deb6f9,2026-06-03 05:47:01.952269
retry,q3_density,Z1,,0.0,2,98487710-2097-4969-b54c-687b8664ff53,2026-06-03 05:47:01.953237
retry,q2_area,Z2,,0.0,2,fcedf0ee-e745-4e71-a551-d2c8025b9fdb,2026-06-03 05:47:01.957812
dlq,q3_density,Z1,,0.0,3,98487710-2097-4969-b54c-687b8664ff53,2026-06-03 05:47:01.958675
processed,q3_density,Z5,cache,1969.2552089691162,0,2b71e017-56a7-4e7e-8b73-aaff9c04440f,2026-06-03 05:47:01.959603
processed,q4_compare,Z3,cache,964.4002914428711,0,920c6ff4-cbbb-46bf-8b2b-682f01502089,2026-06-03 05:47:01.960111
processed,q1_count,Z2,cache,1920.6364154815674,0,439fc0d8-d4a6-4850-ad35-be80293447a1,2026-06-03 05:47:01.961023
processed,q1_count,Z1,cache,865.1330471038818,0,250e7a47-c137-4407-8e0b-06832debec5c,2026-06-03 05:47:01.961818
processed,q5_confidence_dist,Z4,cache,264.1441822052002,0,a535a3d6-7028-4130-b426-ba6d0a8eae0a,2026-06-03 05:47:01.963669
dlq,q2_area,Z2,,0.0,3,fcedf0ee-e745-4e71-a551-d2c8025b9fdb,2026-06-03 05:47:01.968560
processed,q3_density,Z1,cache,1.4688968658447266,0,bf946321-8e2f-426c-8fef-2518bcc943b3,2026-06-03 05:47:02.103571
processed,q5_confidence_dist,Z4,cache,1.3790130615234375,0,613d648d-68c8-4ccf-9efa-7468639cd0c7,2026-06-03 05:47:02.153072
processed,q2_area,Z2,cache,1.2066364288330078,0,3a374d76-7b12-4fd2-a1b8-e80b85eeaced,2026-06-03 05:47:02.203160
processed,q2_area,Z1,cache,1.5804767608642578,0,c0f3cba9-936e-4b63-b91e-e380201c43af,2026-06-03 05:47:02.354392
processed,q5_confidence_dist,Z5,cache,1.2447834014892578,0,e04f294a-9213-46a0-927c-f6d8d0dc4bad,2026-06-03 05:47:02.404413
retry,q4_compare,Z2,,0.0,1,5aef184a-4433-4f4e-968c-89eee7a1e02a,2026-06-03 05:47:02.467936
processed,q1_count,Z1,cache,1021.5184688568115,0,b74743b9-892c-40f8-a4fd-844ed6e0a056,2026-06-03 05:47:02.469915
processed,q5_confidence_dist,Z1,cache,1073.5809803009033,0,9c321b62-2d5c-472f-9559-606fb99b7498,2026-06-03 05:47:02.471537
processed,q5_confidence_dist,Z3,cache,824.0113258361816,0,387c7652-ab71-4302-b173-581bab655afc,2026-06-03 05:47:02.473882
retry,q2_area,Z3,,0.0,1,e270d0eb-0744-4ecd-878a-9a058b212dc5,2026-06-03 05:47:02.473955
processed,q4_compare,Z2,generator,1227.2937297821045,1,5aef184a-4433-4f4e-968c-89eee7a1e02a,2026-06-03 05:47:02.475299
processed,q1_count,Z4,cache,726.1996269226074,0,baaf2374-7991-4dda-a1a1-5158f3a7f6fa,2026-06-03 05:47:02.476347
processed,q3_density,Z2,cache,575.8366584777832,0,a79739b8-b6f6-43d3-844b-0a49865a545f,2026-06-03 05:47:02.476881
recovered,q4_compare,Z2,generator,1227.2937297821045,1,5aef184a-4433-4f4e-968c-89eee7a1e02a,2026-06-03 05:47:02.477988
processed,q3_density,Z3,cache,1935.8248710632324,0,bdfa55cb-f982-47e1-a876-a8ce68c69401,2026-06-03 05:47:02.479360
processed,q2_area,Z2,cache,1636.359691619873,0,28e138e5-af8b-43f4-b919-7a20df9b8e33,2026-06-03 05:47:02.481772
processed,q4_compare,Z3,cache,984.9634170532227,0,2bc12698-936a-40a9-af2f-d1b080af67b2,2026-06-03 05:47:02.483468
processed,q2_area,Z3,generator,1840.501308441162,1,e270d0eb-0744-4ecd-878a-9a058b212dc5,2026-06-03 05:47:02.484074
processed,q1_count,Z2,cache,886.0929012298584,0,1a4f5bf5-df2f-40d5-a573-a2bad87b551d,2026-06-03 05:47:02.484731
recovered,q2_area,Z3,generator,1840.501308441162,1,e270d0eb-0744-4ecd-878a-9a058b212dc5,2026-06-03 05:47:02.485535
processed,q3_density,Z5,cache,1540.7648086547852,0,5edc210c-c15d-44f7-81f5-269e78413696,2026-06-03 05:47:02.486048
processed,q4_compare,Z3,cache,437.3931884765625,0,fa356386-8d50-4a57-93aa-3016ca5d6736,2026-06-03 05:47:02.488217
processed,q3_density,Z1,generator,238.42763900756836,0,f0438c24-5dd8-438a-9a56-8dc7739b618f,2026-06-03 05:47:02.490161
processed,q2_area,Z3,generator,193.6347484588623,0,ad647709-a382-4d9f-bc6b-c775dc97e4f7,2026-06-03 05:47:02.495971
processed,q4_compare,Z2,generator,502.0577907562256,0,ac248cb6-ab42-4e60-a32d-4819d1633f58,2026-06-03 05:47:02.502822
processed,q3_density,Z5,cache,51.52106285095215,0,c898ae2b-6c69-45c9-91a4-fb40fbd015af,2026-06-03 05:47:02.505324
processed,q1_count,Z3,cache,1.2781620025634766,0,712d4b98-f801-4589-9ddd-ce615b68a30b,2026-06-03 05:47:02.505367
processed,q1_count,Z2,cache,1.331329345703125,0,5acbd75d-f49d-4f08-9716-bcf6e8990334,2026-06-03 05:47:02.555625
processed,q3_density,Z3,generator,5.271673202514648,0,4dd83889-36f7-4549-a4f9-cb78a57a3b4e,2026-06-03 05:47:02.609092
processed,q2_area,Z3,cache,1.2028217315673828,0,36ea2227-5090-4f63-ae3a-c51cc1dc590d,2026-06-03 05:47:02.655273
processed,q2_area,Z3,cache,1.1239051818847656,0,da46f86e-e1f5-4792-a66a-119b4463f4dd,2026-06-03 05:47:02.705642
processed,q4_compare,Z3,cache,1.6062259674072266,0,be201982-b92d-4096-82be-1e2680e673a3,2026-06-03 05:47:02.756171
processed,q3_density,Z5,generator,4.606962203979492,0,50639382-f989-481b-a2c5-d97912feec63,2026-06-03 05:47:02.809234
processed,q1_count,Z3,cache,1.7824172973632812,0,22d6e89e-fa57-49ca-8cd8-d6a5ff514906,2026-06-03 05:47:02.857043
processed,q5_confidence_dist,Z2,generator,6.606578826904297,0,d03ab04d-846d-4cc0-8c80-ca2412ebe968,2026-06-03 05:47:02.911961
processed,q3_density,Z1,cache,1.5015602111816406,0,a748e425-a960-474d-8c6d-55a60bdf3d9b,2026-06-03 05:47:02.957393
processed,q3_density,Z3,cache,1.4774799346923828,0,8e8dbe78-0d70-4144-8058-02f3186564ca,2026-06-03 05:47:03.007758
processed,q1_count,Z5,cache,1.4395713806152344,0,463f1964-84d3-42d4-974e-a01baaf5a40c,2026-06-03 05:47:03.057860
processed,q5_confidence_dist,Z5,cache,1.5451908111572266,0,35b9035d-d60e-440b-a749-647c5dfb5e20,2026-06-03 05:47:03.108829
processed,q1_count,Z2,cache,1.5072822570800781,0,e22dad86-f36e-4138-874f-d36631f4615a,2026-06-03 05:47:03.158719
processed,q1_count,Z2,cache,1.4734268188476562,0,208a938c-5943-4f59-a6f8-247a559e0de2,2026-06-03 05:47:03.208983
processed,q3_density,Z1,cache,1.4472007751464844,0,fc078b01-b0e2-4f68-b749-d13849b860c1,2026-06-03 05:47:03.259109
processed,q2_area,Z1,cache,1.392364501953125,0,85ad8b4b-44c3-4fa4-aa64-8470e6545c9a,2026-06-03 05:47:03.309523
processed,q4_compare,Z5,cache,1.4712810516357422,0,8f47db11-c316-4f69-81dd-1222bd691dab,2026-06-03 05:47:03.359696
processed,q3_density,Z4,cache,1.566171646118164,0,32e397a7-2cd5-474c-8e13-db16de02aaf4,2026-06-03 05:47:03.410295
processed,q5_confidence_dist,Z3,cache,1.4412403106689453,0,77d3a4a4-ace5-4ca0-aeb9-0c6d7cde6026,2026-06-03 05:47:03.460290
processed,q1_count,Z4,cache,1.375436782836914,0,54bc02cf-a855-4a0a-88c0-3df60bfddd37,2026-06-03 05:47:03.511580
processed,q3_density,Z4,cache,1.5349388122558594,0,ee20106e-3a9a-4063-99e2-ee430dc77f21,2026-06-03 05:47:03.561885
processed,q1_count,Z2,cache,1.7745494842529297,0,572df24c-7244-4c42-b333-ae51f8d5008c,2026-06-03 05:47:03.612053
processed,q4_compare,Z4,cache,1.3661384582519531,0,67837f14-2de5-43d7-a684-e97f8ecc80aa,2026-06-03 05:47:03.661800
processed,q1_count,Z1,cache,1.3086795806884766,0,204e447b-7889-4e7f-9077-45fb281b9201,2026-06-03 05:47:03.712030
processed,q1_count,Z4,cache,1.4095306396484375,0,ed03b32e-2aa9-40ef-b412-ef6909af1804,2026-06-03 05:47:03.762717
processed,q5_confidence_dist,Z4,cache,1.4417171478271484,0,d4a68f78-c8a4-4438-8f67-6c06ce202974,2026-06-03 05:47:03.813070
processed,q2_area,Z4,cache,1.4832019805908203,0,bf15f1c7-2af2-48e3-a677-42635cd7f75f,2026-06-03 05:47:03.862846
processed,q4_compare,Z2,cache,1.6901493072509766,0,fa0d06c0-b249-4773-8266-c27b8795ec95,2026-06-03 05:47:03.914236
processed,q1_count,Z5,cache,1.3272762298583984,0,463de56f-795e-4c89-a2ab-6546a42fa82a,2026-06-03 05:47:03.964110
processed,q2_area,Z2,cache,1.627206802368164,0,300aa7bc-0cdd-4a26-99e0-45f88ddc9ef2,2026-06-03 05:47:04.014860
processed,q3_density,Z1,cache,1.4374256134033203,0,0a6e9ef8-8080-49eb-95ca-80536b5f0758,2026-06-03 05:47:04.064908
processed,q5_confidence_dist,Z4,cache,1.6045570373535156,0,4fda26cb-ee92-408b-8a53-33198372dd3e,2026-06-03 05:47:04.115595
processed,q2_area,Z2,cache,1.5988349914550781,0,284f568d-c43b-4c8e-99b7-ea92434a6559,2026-06-03 05:47:04.165687
processed,q1_count,Z1,cache,1.6620159149169922,0,1bd0a236-3946-4c3e-be21-3cdf812bd3d7,2026-06-03 05:47:04.216152
processed,q5_confidence_dist,Z5,cache,1.7209053039550781,0,d30cea8d-c03a-4393-93e8-d63d85336668,2026-06-03 05:47:04.266455
processed,q4_compare,Z4,cache,1.7609596252441406,0,662eff3d-062f-4e1a-90f5-3f140a45d31e,2026-06-03 05:47:04.317254
processed,q1_count,Z2,cache,1.5614032745361328,0,c15b0423-30df-48b3-bbdd-64180aea27fe,2026-06-03 05:47:04.366619
processed,q4_compare,Z3,cache,1.5480518341064453,0,e28c5cbf-70c7-48a9-8ffa-0a805db981c0,2026-06-03 05:47:04.417437
processed,q2_area,Z2,cache,1.6484260559082031,0,f5a3bf30-866f-4685-a0b1-18478566a9af,2026-06-03 05:47:04.467588
processed,q2_area,Z5,cache,1.6362667083740234,0,b8ca6a68-732a-4837-a209-2c69933cca20,2026-06-03 05:47:04.518116
processed,q2_area,Z3,cache,1.5363693237304688,0,7970c568-93d8-4c52-b52a-1c186383f4d3,2026-06-03 05:47:04.568591
processed,q2_area,Z2,cache,1.4760494232177734,0,daf9e168-88f2-4c63-ae5b-6fd3aa603b99,2026-06-03 05:47:04.618571
processed,q5_confidence_dist,Z5,cache,1.5087127685546875,0,16598b10-acd5-4f9c-9532-eba5710f9451,2026-06-03 05:47:04.668688
processed,q1_count,Z3,cache,1.7845630645751953,0,f7af61a7-756a-4744-88b4-d185c7f4629c,2026-06-03 05:47:04.719444
processed,q2_area,Z3,cache,1.4710426330566406,0,32589253-e813-4acc-bc9b-32a6efcdc40d,2026-06-03 05:47:04.769201
processed,q3_density,Z4,cache,1.6169548034667969,0,e515bf0f-9c48-49d1-a5cd-3cd8fc0d3775,2026-06-03 05:47:04.819737
processed,q3_density,Z3,cache,1.3887882232666016,0,391d5382-c943-4e80-8fdc-88ccc155a339,2026-06-03 05:47:04.869247
processed,q5_confidence_dist,Z1,cache,1.333475112915039,0,bfc9b297-b2ad-469d-8e41-2c2af059cccd,2026-06-03 05:47:04.919695
processed,q3_density,Z1,cache,1.5292167663574219,0,28d41755-43d3-4a9b-943b-ecc045615fa6,2026-06-03 05:47:04.970472
processed,q2_area,Z3,cache,1.1363029479980469,0,ea555a87-29f2-457c-8514-cf0cced9261e,2026-06-03 05:47:05.070225
processed,q3_density,Z5,generator,5.747079849243164,0,f684b9c0-2fcd-42af-9ad6-715b3503451d,2026-06-03 05:47:05.124671
processed,q2_area,Z1,cache,1.3651847839355469,0,6f92cc1d-492d-428f-bb59-fb99dfe8b17e,2026-06-03 05:47:05.170771
processed,q5_confidence_dist,Z4,cache,1.4171600341796875,0,566e9739-a57b-4d97-b552-f2977ab043f0,2026-06-03 05:47:05.221307
processed,q3_density,Z4,cache,1.1074542999267578,0,a4db18b2-2005-423a-8740-46c27d949ff9,2026-06-03 05:47:05.371568
processed,q3_density,Z3,cache,1.1990070343017578,0,3661124d-d8e5-412c-b440-b47e314399c4,2026-06-03 05:47:05.422377
processed,q5_confidence_dist,Z2,cache,1.18255615234375,0,6855486e-4744-48cd-b48b-744825f848c0,2026-06-03 05:47:05.472463
processed,q1_count,Z3,cache,1.1334419250488281,0,b9ad566b-1742-42a7-9c48-c2d45676b887,2026-06-03 05:47:05.522808
retry,q3_density,Z5,,0.0,1,d55ba8d1-8b21-43ad-9056-b0f6c85b7dc9,2026-06-03 05:47:05.522863
processed,q5_confidence_dist,Z4,cache,256.1054229736328,0,2bdf92fd-2b29-491c-b417-ddf158a1a374,2026-06-03 05:47:05.526038
processed,q2_area,Z3,cache,207.70907402038574,0,8f35aaf5-06d2-4519-bb8b-d9e61042bca6,2026-06-03 05:47:05.527529
processed,q4_compare,Z1,cache,1.1088848114013672,0,74df65cc-4f78-4933-8dfe-4b00a53b070d,2026-06-03 05:47:05.572412
processed,q5_confidence_dist,Z2,cache,1.1837482452392578,0,5dfd3138-c16e-4a7f-9d88-f0a24058fc5d,2026-06-03 05:47:05.673094
processed,q2_area,Z1,cache,1.146554946899414,0,2e74b3b8-612e-4265-9d13-1f00773f6075,2026-06-03 05:47:05.773356
processed,q5_confidence_dist,Z1,cache,1.1398792266845703,0,fb3c423d-283b-4d95-85d4-3854172952fa,2026-06-03 05:47:05.873805
processed,q3_density,Z5,cache,1.0921955108642578,0,d3d4b592-ec0a-4e86-8704-12625e2c2dcf,2026-06-03 05:47:05.923989
processed,q2_area,Z1,cache,1.3232231140136719,0,77b2092b-e321-4699-bdfd-a1e8cd97ca97,2026-06-03 05:47:05.974332
processed,q1_count,Z5,cache,1.1126995086669922,0,954a3b9f-c315-42b6-b2ed-8518d9dd833e,2026-06-03 05:47:06.024482
processed,q5_confidence_dist,Z1,cache,1.1479854583740234,0,82a47537-18a0-4488-a74a-410c40befe10,2026-06-03 05:47:06.074719
processed,q4_compare,Z1,cache,1.2927055358886719,0,ed3f5511-039b-413f-b081-0de242eb43e3,2026-06-03 05:47:06.225642
processed,q4_compare,Z2,cache,1.0759830474853516,0,5ecc0f26-8dc0-40f5-9a32-375b70f871e0,2026-06-03 05:47:06.275701
processed,q2_area,Z3,cache,1.1436939239501953,0,715c3063-bfb2-47d2-824f-043c65b4cee6,2026-06-03 05:47:06.326105
processed,q4_compare,Z3,cache,1.3017654418945312,0,50dba18c-a10e-45ce-8d6f-f4e2440a4e30,2026-06-03 05:47:06.477233
retry,q3_density,Z5,,0.0,2,d55ba8d1-8b21-43ad-9056-b0f6c85b7dc9,2026-06-03 05:47:06.528423
dlq,q3_density,Z5,,0.0,3,d55ba8d1-8b21-43ad-9056-b0f6c85b7dc9,2026-06-03 05:47:06.532923
processed,q2_area,Z3,cache,913.2425785064697,0,fe5181fb-6859-419f-974b-a8dd24146c2b,2026-06-03 05:47:06.534226
processed,q5_confidence_dist,Z4,cache,361.8929386138916,0,455e74fe-b860-44a8-9f48-2fab74345180,2026-06-03 05:47:06.535350
processed,q3_density,Z1,cache,815.1321411132812,0,dc258ea6-3538-42fb-98b8-e1781f546c58,2026-06-03 05:47:06.536429
processed,q5_confidence_dist,Z5,cache,715.7106399536133,0,1902db7e-2eb5-4005-a99c-c129d22e341a,2026-06-03 05:47:06.537479
processed,q5_confidence_dist,Z2,cache,13.3209228515625,0,e68423af-a9ff-4420-b40b-165491c56578,2026-06-03 05:47:06.538515
processed,q5_confidence_dist,Z4,cache,416.40329360961914,0,a5cb771c-a488-4176-a45f-589cd34b47ba,2026-06-03 05:47:06.539528
processed,q4_compare,Z4,cache,1.190185546875,0,31ecf666-94ba-475d-8904-12fd050b94d3,2026-06-03 05:47:06.577805
processed,q4_compare,Z2,cache,1.2583732604980469,0,b3ae6880-c29c-4ef5-9976-aad1af780bce,2026-06-03 05:47:06.627579
processed,q5_confidence_dist,Z1,cache,1.1532306671142578,0,734557a0-5446-47fc-bbe0-44906a5c12fa,2026-06-03 05:47:06.728024
processed,q5_confidence_dist,Z1,cache,1.4164447784423828,0,acf88362-c2cd-4feb-bed0-54bf3308cf9f,2026-06-03 05:47:06.828858
processed,q4_compare,Z1,cache,1.3976097106933594,0,f34a096e-55dc-4dc7-95eb-98b7e9b272af,2026-06-03 05:47:06.879723
retry,q4_compare,Z3,,0.0,1,175dad79-4297-47a7-a9fb-3a7d6b5b8015,2026-06-03 05:47:06.879773
processed,q2_area,Z5,cache,457.5498104095459,0,5a58bfff-51ec-45a2-bde4-e730c7032702,2026-06-03 05:47:06.882557
processed,q3_density,Z3,cache,107.24663734436035,0,356fd553-1339-4053-bad8-ac85f13411d0,2026-06-03 05:47:06.883867
processed,q4_compare,Z2,cache,209.0606689453125,0,198872f7-a4c8-4ba8-adab-d6e83ca2258f,2026-06-03 05:47:06.885090
processed,q3_density,Z1,cache,1.219034194946289,0,aa0600aa-b095-40e5-8cee-006062a69085,2026-06-03 05:47:06.929314
processed,q3_density,Z2,cache,1.1551380157470703,0,4ce5490e-4495-485c-89cd-100b180dfa25,2026-06-03 05:47:07.230207
processed,q1_count,Z4,cache,1.2774467468261719,0,480d742d-d0a7-48f5-b6f1-e24c836a561e,2026-06-03 05:47:07.281202
processed,q2_area,Z3,cache,1.1734962463378906,0,a7ba4ea7-372f-4852-a5c6-290570b91d19,2026-06-03 05:47:07.582262
processed,q5_confidence_dist,Z4,cache,1.1229515075683594,0,a8672151-7299-4ec8-9f70-b40156502de6,2026-06-03 05:47:07.632258
retry,q4_compare,Z3,,0.0,2,175dad79-4297-47a7-a9fb-3a7d6b5b8015,2026-06-03 05:47:07.883349
processed,q5_confidence_dist,Z5,cache,1.4944076538085938,0,b5fdd2c1-9613-4b14-a5ab-485b4ecfc12e,2026-06-03 05:47:07.884224
processed,q4_compare,Z4,cache,156.35371208190918,0,51abfcaf-659f-49fc-a4e4-2e857207a26d,2026-06-03 05:47:07.887838
processed,q5_confidence_dist,Z2,cache,811.2690448760986,0,007b9ad1-1f75-43ec-8101-5ef949ba38b8,2026-06-03 05:47:07.889398
processed,q3_density,Z1,cache,712.3064994812012,0,1a7d6d2e-ebef-4e96-99e0-2e56b72b0716,2026-06-03 05:47:07.890586
processed,q3_density,Z5,cache,512.59446144104,0,77b8d4f7-dae2-45f2-8fa3-d2c3a4cae917,2026-06-03 05:47:07.891738
processed,q5_confidence_dist,Z4,cache,865.2355670928955,0,2043e400-9138-4b28-a178-89e4650a2879,2026-06-03 05:47:07.892887
processed,q2_area,Z1,cache,414.43634033203125,0,23b6f93c-d5a0-47ba-9348-066f899cd4ca,2026-06-03 05:47:07.894008
processed,q3_density,Z2,cache,114.09306526184082,0,b4216ab2-d120-457c-b131-1f14fbc4cc92,2026-06-03 05:47:07.895198
processed,q2_area,Z3,cache,768.2852745056152,0,dbb829e8-5cd0-42e5-8e83-f128c9588245,2026-06-03 05:47:07.896293
processed,q1_count,Z3,cache,367.5816059112549,0,4ac5aa55-0249-4986-85cc-5a2309333b4b,2026-06-03 05:47:07.897314
processed,q5_confidence_dist,Z5,cache,920.9978580474854,0,e9e3518d-fcc7-426f-a85a-a919257bc067,2026-06-03 05:47:07.898366
processed,q1_count,Z2,cache,570.5490112304688,0,58e2d387-8141-47a9-b139-51ab851ecb53,2026-06-03 05:47:07.899395
processed,q5_confidence_dist,Z2,cache,471.1484909057617,0,01d6e68d-3fab-488d-983e-fe78638b20a2,2026-06-03 05:47:07.900401
processed,q1_count,Z2,cache,220.98803520202637,0,9871f962-6eb5-437c-a28c-958a763cdb70,2026-06-03 05:47:07.901438
processed,q5_confidence_dist,Z1,generator,5.160331726074219,0,fd958b6d-c6ea-4e2a-8b7d-66a023bd8d68,2026-06-03 05:47:07.987700
processed,q1_count,Z5,cache,1.2297630310058594,0,68fc90d5-057c-463d-a544-cbd839ea8015,2026-06-03 05:47:08.084495
processed,q1_count,Z2,cache,1.138925552368164,0,e376f90b-4793-48e3-bf68-10db6ade1be7,2026-06-03 05:47:08.184944
processed,q4_compare,Z5,cache,1.1284351348876953,0,4a4e5977-cab2-4135-b61f-0d54219deebb,2026-06-03 05:47:08.235368
retry,q2_area,Z4,,0.0,1,61b46d43-7c0b-4cea-9cf0-059dfb311528,2026-06-03 05:47:08.336308
dlq,q4_compare,Z3,,0.0,3,175dad79-4297-47a7-a9fb-3a7d6b5b8015,2026-06-03 05:47:08.343178
processed,q5_confidence_dist,Z3,cache,312.24608421325684,0,594976eb-a921-418a-a56e-c4e8b937a562,2026-06-03 05:47:08.344976
processed,q3_density,Z4,cache,62.6370906829834,0,1a594dca-3dd7-4a75-bd20-665df43a8013,2026-06-03 05:47:08.346547
processed,q2_area,Z1,cache,415.813684463501,0,7f9beaf8-cb05-48a4-812f-a383505f5ddf,2026-06-03 05:47:08.347832
processed,q4_compare,Z4,cache,1.1563301086425781,0,e7ec14a2-2409-4b6f-9939-5752e6fc4bd7,2026-06-03 05:47:08.436506
retry,q4_compare,Z3,,0.0,1,ab98e5ba-0815-41cd-911a-91a80ff88b5f,2026-06-03 05:47:08.637807
processed,q1_count,Z1,cache,256.7439079284668,0,b5d825dc-71d0-4c06-80f5-23048eaf4369,2026-06-03 05:47:08.641452
processed,q1_count,Z4,cache,309.2672824859619,0,c750ad0b-53cc-4e2b-b274-4a973eeb9633,2026-06-03 05:47:08.643655
processed,q4_compare,Z3,generator,510.96606254577637,1,ab98e5ba-0815-41cd-911a-91a80ff88b5f,2026-06-03 05:47:08.644655
processed,q2_area,Z5,cache,160.42733192443848,0,ff7ea59d-eae3-4659-a058-af5d91c45864,2026-06-03 05:47:08.645838
recovered,q4_compare,Z3,generator,510.96606254577637,1,ab98e5ba-0815-41cd-911a-91a80ff88b5f,2026-06-03 05:47:08.646754
processed,q1_count,Z4,cache,112.32662200927734,0,304b32bd-af15-484e-a0e0-fa529bb30ffa,2026-06-03 05:47:08.647773
processed,q4_compare,Z3,cache,1.47247314453125,0,99a61d5d-42c6-417c-942a-afbf57e384c0,2026-06-03 05:47:08.738614
processed,q4_compare,Z5,cache,1.1260509490966797,0,f9b4d749-0414-4135-b86c-6d8d3f1153fc,2026-06-03 05:47:08.838468
processed,q5_confidence_dist,Z1,cache,1.5239715576171875,0,80ca3698-402e-4a38-a332-050a6a396552,2026-06-03 05:47:08.889371
processed,q4_compare,Z4,cache,1.2900829315185547,0,e5b2b0fa-6220-4b4b-b771-9697038ab67a,2026-06-03 05:47:08.939253
processed,q1_count,Z1,cache,1.119375228881836,0,bfc1b53f-b996-47bf-b5b0-7b66fded50ba,2026-06-03 05:47:08.989169
processed,q3_density,Z4,cache,1.2805461883544922,0,b635570a-a78b-4931-b05f-25a7135fcf31,2026-06-03 05:47:09.039886
processed,q5_confidence_dist,Z3,cache,1.338958740234375,0,fba8d194-7cca-428e-96ee-4fe50aca70b6,2026-06-03 05:47:09.090326
processed,q2_area,Z5,cache,1.3697147369384766,0,e45dce8c-f170-4473-be2d-284b149926b2,2026-06-03 05:47:09.140483
processed,q2_area,Z1,cache,1.3248920440673828,0,65d01eca-c7fd-4acc-8ee5-0ecc9f1f1be0,2026-06-03 05:47:09.190754
processed,q2_area,Z3,cache,1.3782978057861328,0,d5d3542b-e5db-4d1f-a35d-e5d959da2507,2026-06-03 05:47:09.240906
processed,q4_compare,Z1,generator,9.206533432006836,0,99db0639-1bbe-40ea-b1a3-72055be89225,2026-06-03 05:47:09.298343
retry,q2_area,Z4,,0.0,2,61b46d43-7c0b-4cea-9cf0-059dfb311528,2026-06-03 05:47:09.339355
processed,q3_density,Z1,cache,1.0945796966552734,0,53493352-c7f6-4d34-b5a6-e1d8c2109c87,2026-06-03 05:47:09.341027
processed,q5_confidence_dist,Z1,cache,655.9104919433594,0,64736147-3060-47a6-bed3-edd373ca1fee,2026-06-03 05:47:09.342698
dlq,q2_area,Z4,,0.0,3,61b46d43-7c0b-4cea-9cf0-059dfb311528,2026-06-03 05:47:09.342776
processed,q2_area,Z4,cache,759.2291831970215,0,5c00f959-75d8-4ead-8ec4-0c8c89492dae,2026-06-03 05:47:09.344766
processed,q2_area,Z4,cache,710.5903625488281,0,91546bb2-4913-48ca-850c-945afb91c031,2026-06-03 05:47:09.346439
processed,q5_confidence_dist,Z1,cache,561.4869594573975,0,8d99481d-8e6d-42df-b0c2-287bc3be74e8,2026-06-03 05:47:09.348137
processed,q3_density,Z3,cache,1.4042854309082031,0,f4ed988e-9e1f-48f6-8ce0-c27cd8265a14,2026-06-03 05:47:09.391653
processed,q5_confidence_dist,Z3,cache,1.1484622955322266,0,5e5e7f03-b6c9-4173-87ec-c4eee8973668,2026-06-03 05:47:09.692218
processed,q5_confidence_dist,Z5,cache,1.1773109436035156,0,e6b4d8fe-7c4c-45ce-ac6d-89e81ea29e44,2026-06-03 05:47:09.843183
processed,q4_compare,Z1,cache,1.3661384582519531,0,dc9df66c-2c24-42d1-b902-e192e21e487e,2026-06-03 05:47:09.944145
retry,q2_area,Z2,,0.0,1,11f59bb7-36ff-409d-afc5-980801ddd890,2026-06-03 05:47:09.945105
retry,q4_compare,Z4,,0.0,1,af4eb669-835b-474c-bb2c-836dab23e0e6,2026-06-03 05:47:10.045853
processed,q4_compare,Z1,cache,157.4549674987793,0,379c1185-407b-4f99-9613-ce3af0a426fa,2026-06-03 05:47:10.050181
processed,q5_confidence_dist,Z1,cache,1.4178752899169922,0,9a2945f9-f5cc-4217-921b-47ebcdba5613,2026-06-03 05:47:10.095314
processed,q1_count,Z3,cache,1.308441162109375,0,48bc2896-6ed1-4e9b-8a2b-41e17bc5def8,2026-06-03 05:47:10.396575
retry,q2_area,Z1,,0.0,1,4b4f13b1-e9e4-4646-ba96-b32a66780b29,2026-06-03 05:47:10.949925
retry,q2_area,Z2,,0.0,2,11f59bb7-36ff-409d-afc5-980801ddd890,2026-06-03 05:47:10.951705
processed,q4_compare,Z4,cache,256.78133964538574,0,6b1f79d1-bd43-4349-824e-553956f6a43c,2026-06-03 05:47:10.952653
processed,q2_area,Z4,generator,1216.979742050171,0,946d3c7d-ae35-4120-867a-714898c70918,2026-06-03 05:47:10.958034
processed,q3_density,Z2,cache,1469.754934310913,0,a5f0f4bf-44b6-487c-a1a7-3dda41477691,2026-06-03 05:47:10.959493
processed,q4_compare,Z1,generator,214.0944004058838,0,23eb6045-ef85-4031-bbf1-efe0506fe12c,2026-06-03 05:47:10.960402
processed,q1_count,Z5,cache,165.7867431640625,0,33b96498-4b40-484d-9f27-d8e98ddccb5a,2026-06-03 05:47:10.962315
processed,q3_density,Z5,cache,67.10600852966309,0,3f810a22-a07a-420b-a8bf-ee3671f04315,2026-06-03 05:47:10.963786
processed,q4_compare,Z3,cache,118.75796318054199,0,83d796a7-d92a-4f2c-9d8b-302bb78e7972,2026-06-03 05:47:10.964943
processed,q3_density,Z4,cache,1.222848892211914,0,f00789e2-19e7-42fb-ac50-2f28d5adf397,2026-06-03 05:47:10.998658
retry,q4_compare,Z4,,0.0,2,af4eb669-835b-474c-bb2c-836dab23e0e6,2026-06-03 05:47:11.056099
processed,q5_confidence_dist,Z2,cache,1417.4258708953857,0,3e95ab1c-e470-408d-b9ba-e5f207bcc3cc,2026-06-03 05:47:11.058718
dlq,q4_compare,Z4,,0.0,3,af4eb669-835b-474c-bb2c-836dab23e0e6,2026-06-03 05:47:11.064700
processed,q5_confidence_dist,Z5,cache,822.9548931121826,0,e04d513f-6f1a-4b81-87e0-d484fecacb85,2026-06-03 05:47:11.066870
processed,q1_count,Z1,cache,875.2403259277344,0,2cb2f774-1b7a-4f40-9fd4-e766da70b01e,2026-06-03 05:47:11.068533
processed,q2_area,Z3,cache,1.1110305786132812,0,38ffd373-fa06-46b1-943b-7c08f5fbc02b,2026-06-03 05:47:11.099078
processed,q1_count,Z5,cache,1.3890266418457031,0,41981731-d458-4840-a42d-0bc2e07cb38d,2026-06-03 05:47:11.401197
retry,q3_density,Z1,,0.0,1,6f64484a-efe3-4ded-9064-ca32d2160f60,2026-06-03 05:47:11.464533
processed,q5_confidence_dist,Z1,cache,1674.9930381774902,0,51e43e36-1ef9-4c3a-b589-5da624b4ed6c,2026-06-03 05:47:11.466452
retry,q1_count,Z5,,0.0,1,a189c4c1-3217-4ca7-9ff4-9955c8ab310d,2026-06-03 05:47:11.573352
processed,q3_density,Z4,cache,1281.238079071045,0,088f1b12-d98c-44ea-b160-cec5c6bc34d3,2026-06-03 05:47:11.575113
processed,q4_compare,Z1,generator,233.78992080688477,0,a787139a-dd4b-475c-849d-ceed4bf5f4b6,2026-06-03 05:47:11.582919
processed,q1_count,Z5,cache,34.59453582763672,0,df725006-ed5f-4756-bfc9-d94f092853a4,2026-06-03 05:47:11.584329
processed,q5_confidence_dist,Z1,cache,387.5844478607178,0,cf769301-272d-49a4-a788-1ad2e47fb5a2,2026-06-03 05:47:11.585557
processed,q5_confidence_dist,Z3,cache,288.2523536682129,0,33e27b3c-bca9-498c-9da0-30a9e93869b6,2026-06-03 05:47:11.586685
processed,q5_confidence_dist,Z2,cache,138.6580467224121,0,63802a75-23f0-474b-8d9a-6be9b6a8cb9d,2026-06-03 05:47:11.587789
processed,q5_confidence_dist,Z2,cache,1.3420581817626953,0,14c470fc-a196-4a5a-9090-caff982cb710,2026-06-03 05:47:11.652175
processed,q5_confidence_dist,Z4,cache,1.2249946594238281,0,d3740162-de36-484d-8a36-61852fa505c7,2026-06-03 05:47:11.702037
processed,q2_area,Z4,cache,1.2392997741699219,0,cc497daf-d3ea-4c5c-9c68-a11524f18deb,2026-06-03 05:47:11.802578
processed,q3_density,Z5,cache,1.2645721435546875,0,109bfccd-2df7-4730-8013-caae12446805,2026-06-03 05:47:11.903067
processed,q4_compare,Z4,cache,1.2617111206054688,0,a3cb88cc-7037-4407-a9c0-38d6e7c72669,2026-06-03 05:47:11.953347
processed,q1_count,Z3,cache,1.2133121490478516,0,47ea51c8-f669-44c2-b7e8-bac0a905fbd3,2026-06-03 05:47:12.003552
processed,q3_density,Z3,cache,1.4722347259521484,0,8f491099-cd31-4885-bf58-262002d1f82c,2026-06-03 05:47:12.054386
processed,q4_compare,Z2,cache,1.155853271484375,0,cfb69b51-d774-45bc-b78a-b93e8abee294,2026-06-03 05:47:12.104135
processed,q4_compare,Z5,cache,1.2226104736328125,0,90d34c08-6a87-48d4-bce3-bfa8524b58eb,2026-06-03 05:47:12.154254
processed,q1_count,Z4,cache,1.2977123260498047,0,3bf151f1-0a24-492c-86d3-964b36f81edb,2026-06-03 05:47:12.204586
processed,q3_density,Z4,cache,1.260519027709961,0,b965dc56-a48e-4cce-b6ef-6c2987e7667c,2026-06-03 05:47:12.255055
processed,q3_density,Z3,cache,1.1851787567138672,0,e8afad08-8796-4d05-bb5c-90ed4e5f577b,2026-06-03 05:47:12.304909
processed,q3_density,Z3,cache,1.1687278747558594,0,15110ead-9cb4-4150-866b-7d3349fe2372,2026-06-03 05:47:12.355160
processed,q5_confidence_dist,Z1,cache,1.257181167602539,0,e26e82d3-d84a-404a-b10e-7ede005885ac,2026-06-03 05:47:12.405531
processed,q4_compare,Z1,cache,1.3129711151123047,0,fb37b15e-c6da-4006-8be3-e0943eae4e7c,2026-06-03 05:47:12.455867
retry,q2_area,Z1,,0.0,2,4b4f13b1-e9e4-4646-ba96-b32a66780b29,2026-06-03 05:47:12.471965
dlq,q2_area,Z2,,0.0,3,11f59bb7-36ff-409d-afc5-980801ddd890,2026-06-03 05:47:12.475310
processed,q1_count,Z3,cache,1931.7755699157715,0,f376553c-ba8c-44c8-a2ca-ab9bf98500dd,2026-06-03 05:47:12.476586
processed,q2_area,Z1,cache,1.0895729064941406,0,60e3e2d1-3c1b-4d6d-9b9f-4ebc3d947fc7,2026-06-03 05:47:12.505689
processed,q2_area,Z4,cache,1.1262893676757812,0,8e52c8c0-fd07-4795-af10-8a6188f16316,2026-06-03 05:47:12.556037
processed,q1_count,Z3,cache,1.104116439819336,0,0f234790-0fd7-4c8e-88e4-212afaa6a558,2026-06-03 05:47:12.606187
processed,q3_density,Z5,generator,5.658626556396484,0,67f3fc6d-146d-4558-a8fa-ffd59d768986,2026-06-03 05:47:12.660811
processed,q5_confidence_dist,Z3,cache,1.096963882446289,0,033abbe4-9e07-4415-9d72-57ed64e2ea97,2026-06-03 05:47:12.756949
processed,q5_confidence_dist,Z1,cache,1.308441162109375,0,18d9a581-d56c-47b5-a123-917768d536ee,2026-06-03 05:47:12.807414
processed,q5_confidence_dist,Z4,cache,1.239776611328125,0,4c8029a1-e591-46bf-ad1c-201d30b1f6ff,2026-06-03 05:47:12.907906
retry,q2_area,Z2,,0.0,1,33e0b701-b197-44ed-8b30-3f5744a980ea,2026-06-03 05:47:12.980257
processed,q4_compare,Z4,cache,1.3799667358398438,0,ce1ce428-fb4a-412a-be78-43a06eab5a1e,2026-06-03 05:47:13.108925
processed,q1_count,Z3,cache,1.2044906616210938,0,71194cac-826c-4e39-9bfb-005faed22893,2026-06-03 05:47:13.159055
processed,q3_density,Z1,cache,1.3015270233154297,0,4ff75f49-2e83-4530-a2b7-6e230ac08970,2026-06-03 05:47:13.209350
retry,q4_compare,Z3,,0.0,1,8973cdba-fe62-4c9c-a5c7-b0c612f956ae,2026-06-03 05:47:13.360445
processed,q4_compare,Z3,generator,511.71207427978516,1,8973cdba-fe62-4c9c-a5c7-b0c612f956ae,2026-06-03 05:47:13.367922
recovered,q4_compare,Z3,generator,511.71207427978516,1,8973cdba-fe62-4c9c-a5c7-b0c612f956ae,2026-06-03 05:47:13.369270
processed,q3_density,Z4,cache,1.3079643249511719,0,452f40e7-8a7f-440a-ab02-f8726e90192d,2026-06-03 05:47:13.410431
processed,q3_density,Z4,cache,1.3184547424316406,0,d449b4c5-ed8f-42e3-ae76-089804b61e73,2026-06-03 05:47:13.460393
processed,q4_compare,Z2,cache,1.2526512145996094,0,d18a20f1-b85d-4565-a5a6-bd195a5035b8,2026-06-03 05:47:13.711395
processed,q2_area,Z1,cache,1.0483264923095703,0,eda58734-cb3f-43fb-8cdc-cc6eb70d92e5,2026-06-03 05:47:13.811698
processed,q5_confidence_dist,Z5,cache,1.1410713195800781,0,082b7f8b-e077-4f1a-bcf5-91ff6d4c5a7c,2026-06-03 05:47:13.862003
processed,q5_confidence_dist,Z2,cache,1.2836456298828125,0,c2d636e6-875e-483b-92b9-ac3f64466333,2026-06-03 05:47:13.962674
retry,q3_density,Z1,,0.0,2,6f64484a-efe3-4ded-9064-ca32d2160f60,2026-06-03 05:47:13.984552
processed,q1_count,Z4,cache,3491.3551807403564,0,35758acd-8f7f-492b-a768-1a2917b4e27d,2026-06-03 05:47:13.986100
processed,q5_confidence_dist,Z5,cache,3342.0350551605225,0,70ad2f66-3d14-441e-a57a-7816c69d0eba,2026-06-03 05:47:13.987654
processed,q3_density,Z3,cache,3946.6476440429688,0,95601bc6-bdeb-4a23-b0c0-eea101486ad3,2026-06-03 05:47:13.989048
processed,q1_count,Z5,cache,3043.595552444458,0,245c837f-0932-4be1-a402-2f9af65e277f,2026-06-03 05:47:13.990285
processed,q3_density,Z5,cache,3999.400854110718,0,a64545a4-f7fe-4e99-b70b-ce122c603168,2026-06-03 05:47:13.991543
processed,q4_compare,Z3,generator,2850.4326343536377,0,57eed151-92c3-41ce-a1c2-1fceecac3d9a,2026-06-03 05:47:13.998213
processed,q2_area,Z2,generator,3860.097885131836,0,574984fe-0279-45b0-bdc2-d03440ae4a87,2026-06-03 05:47:14.002901
processed,q5_confidence_dist,Z2,cache,2956.998586654663,0,8532243e-3d82-4dd3-b66d-fafaada33c65,2026-06-03 05:47:14.004194
processed,q4_compare,Z2,generator,2759.647846221924,0,c8175a3d-17cf-42a1-98eb-50cf53300a4d,2026-06-03 05:47:14.007843
processed,q4_compare,Z4,cache,2259.9003314971924,0,b99fc36f-6398-4130-a7f9-47e3b12b9934,2026-06-03 05:47:14.010544
processed,q5_confidence_dist,Z2,cache,2160.6571674346924,0,63a5b38d-a423-4136-9660-303916207f0c,2026-06-03 05:47:14.011792
processed,q3_density,Z5,cache,1.2013912200927734,0,83021cdf-758e-4adf-9370-2919f6af4357,2026-06-03 05:47:14.012437
processed,q3_density,Z4,cache,1.224517822265625,0,f9bc2a26-caba-402b-9b78-dfd36f7ad79b,2026-06-03 05:47:14.113337
retry,q2_area,Z2,,0.0,2,33e0b701-b197-44ed-8b30-3f5744a980ea,2026-06-03 05:47:14.366992
processed,q1_count,Z2,cache,1311.6843700408936,0,42595fb6-4e59-4aff-a33b-5c443882931d,2026-06-03 05:47:14.368837
processed,q2_area,Z3,cache,1112.4274730682373,0,0be2744e-21c0-4b95-8fef-439e03164c66,2026-06-03 05:47:14.370020
processed,q2_area,Z2,cache,1063.3182525634766,0,cafbb8bf-0a5b-4170-87da-c2422ecdd5a8,2026-06-03 05:47:14.371055
dlq,q3_density,Z1,,0.0,3,6f64484a-efe3-4ded-9064-ca32d2160f60,2026-06-03 05:47:14.375337
processed,q5_confidence_dist,Z5,cache,717.1206474304199,0,28a97caa-1318-4b44-ac07-f4f977d307bc,2026-06-03 05:47:14.376497
processed,q4_compare,Z1,cache,165.73333740234375,0,2f4579b2-3524-45be-b4b5-e1594219c9d2,2026-06-03 05:47:14.377574
processed,q4_compare,Z1,cache,869.9636459350586,0,b71fc017-436f-472f-9063-0f0ea9bdc9ee,2026-06-03 05:47:14.378583
processed,q5_confidence_dist,Z4,cache,17.11440086364746,0,53e7dce0-ba74-4fa5-9c24-030e5d03d440,2026-06-03 05:47:14.379973
processed,q1_count,Z3,cache,1.058816909790039,0,d649fbc6-aeb3-47d4-acae-4885082adc28,2026-06-03 05:47:14.414336
processed,q3_density,Z2,generator,5.29789924621582,0,5c962fa7-3974-4a56-9225-b33376b07b8c,2026-06-03 05:47:14.468590
retry,q4_compare,Z3,,0.0,1,72904f2c-b453-4c74-8519-e2fe36f647d8,2026-06-03 05:47:14.515798
processed,q3_density,Z3,cache,958.6684703826904,0,3f27add4-bbcc-4bdf-b5b2-41b218fa482c,2026-06-03 05:47:14.518748
processed,q5_confidence_dist,Z3,cache,760.3707313537598,0,35c0bca6-c3c1-4ce1-b90e-403ce09cb01f,2026-06-03 05:47:14.521010
processed,q4_compare,Z5,generator,8.399009704589844,0,0faee258-1e83-47b6-8230-298bef5b4c7a,2026-06-03 05:47:14.522063
processed,q2_area,Z5,cache,1.0156631469726562,0,f6e9e28d-9971-4e0b-826c-4d836d8adb55,2026-06-03 05:47:14.615608
retry,q4_compare,Z4,,0.0,1,d5ed074e-1927-434f-8ddd-283472e79f76,2026-06-03 05:47:14.817915
processed,q4_compare,Z4,generator,513.6804580688477,1,d5ed074e-1927-434f-8ddd-283472e79f76,2026-06-03 05:47:14.826453
recovered,q4_compare,Z4,generator,513.6804580688477,1,d5ed074e-1927-434f-8ddd-283472e79f76,2026-06-03 05:47:14.828323
processed,q4_compare,Z3,generator,1828.95827293396,1,72904f2c-b453-4c74-8519-e2fe36f647d8,2026-06-03 05:47:14.835728
recovered,q4_compare,Z3,generator,1828.95827293396,1,72904f2c-b453-4c74-8519-e2fe36f647d8,2026-06-03 05:47:14.837789
processed,q5_confidence_dist,Z1,cache,275.6364345550537,0,27e0e846-5fb8-4ab7-ad3f-57754eba62c9,2026-06-03 05:47:14.839689
processed,q5_confidence_dist,Z3,cache,1.329660415649414,0,fc7e8870-5463-48ce-a43e-ece415ecd4b5,2026-06-03 05:47:14.867367
processed,q5_confidence_dist,Z2,cache,1.2428760528564453,0,692f8d5f-9071-4ecb-a6ae-c6dc321bd753,2026-06-03 05:47:14.916946
processed,q3_density,Z3,cache,1.1708736419677734,0,b2a3f44c-4d19-4f76-ab0e-65c2230c9286,2026-06-03 05:47:15.067556
retry,q3_density,Z4,,0.0,1,9e04587f-f2c9-45ac-b3ae-0c5eabe25169,2026-06-03 05:47:15.520567
processed,q3_density,Z1,cache,105.52024841308594,0,f4083e90-63e5-4172-bc96-13fc73e0a90a,2026-06-03 05:47:15.523629
retry,q1_count,Z5,,0.0,2,a189c4c1-3217-4ca7-9ff4-9955c8ab310d,2026-06-03 05:47:15.525185
processed,q4_compare,Z3,cache,4027.1220207214355,0,52c7b66b-8e9f-47b9-a368-e78682afbdec,2026-06-03 05:47:15.526948
processed,q1_count,Z5,generator,5186.883926391602,2,a189c4c1-3217-4ca7-9ff4-9955c8ab310d,2026-06-03 05:47:15.530898
recovered,q1_count,Z5,generator,5186.883926391602,2,a189c4c1-3217-4ca7-9ff4-9955c8ab310d,2026-06-03 05:47:15.532166
processed,q3_density,Z3,generator,2827.5914192199707,0,2cc30b72-e612-475a-bbcb-8a193c03f1a6,2026-06-03 05:47:15.533074
dlq,q2_area,Z1,,0.0,3,4b4f13b1-e9e4-4646-ba96-b32a66780b29,2026-06-03 05:47:15.536645
retry,q2_area,Z5,,0.0,1,eb1eead6-2c12-43b3-9235-54ba77e3bbad,2026-06-03 05:47:15.620600
processed,q5_confidence_dist,Z1,cache,406.38256072998047,0,bc33e8c0-b14f-4f31-86f6-8916f47daefc,2026-06-03 05:47:15.623126
processed,q5_confidence_dist,Z1,cache,55.88936805725098,0,41a3d2f4-1422-42c4-8ea5-72ab8076dde0,2026-06-03 05:47:15.624323
processed,q2_area,Z2,cache,6.717205047607422,0,d4d09045-932a-4fec-a85c-cf05b382aa02,2026-06-03 05:47:15.625375
processed,q1_count,Z2,cache,460.2482318878174,0,19bcef2f-7271-46c2-b348-f541009b6439,2026-06-03 05:47:15.626402
processed,q3_density,Z4,generator,615.166425704956,1,9e04587f-f2c9-45ac-b3ae-0c5eabe25169,2026-06-03 05:47:15.630751
recovered,q3_density,Z4,generator,615.166425704956,1,9e04587f-f2c9-45ac-b3ae-0c5eabe25169,2026-06-03 05:47:15.631933
processed,q3_density,Z4,cache,1.2493133544921875,0,b6e46a2a-a35d-49fd-8874-32cca3b74c98,2026-06-03 05:47:15.671089
processed,q1_count,Z1,cache,1.3308525085449219,0,8d01c805-837a-4e48-86c8-666c6706ef74,2026-06-03 05:47:15.721111
processed,q5_confidence_dist,Z2,cache,1.1897087097167969,0,caea2070-702f-4b59-9606-420ef6fe702a,2026-06-03 05:47:15.771146
processed,q3_density,Z2,cache,1.1534690856933594,0,9ae39d5a-bfe2-49f7-a145-1472e5b6677d,2026-06-03 05:47:15.821327
processed,q5_confidence_dist,Z2,cache,1.3077259063720703,0,a5bd1d41-e931-4a33-ab2d-c0c0c3b511ec,2026-06-03 05:47:15.922042
processed,q3_density,Z1,cache,1.2903213500976562,0,cbf56b13-34fa-40d3-80c5-f3db2053dd2f,2026-06-03 05:47:15.972630
processed,q2_area,Z5,cache,1.1281967163085938,0,74547894-67bd-46f0-ad83-c53ae57a194d,2026-06-03 05:47:16.022747
retry,q3_density,Z1,,0.0,1,79b988dd-beef-4735-8fa7-e0ae35b0f544,2026-06-03 05:47:16.040091
processed,q5_confidence_dist,Z1,cache,4441.588640213013,0,17790f3f-6ec5-4d7f-90c9-dd8da2db0ee2,2026-06-03 05:47:16.041809
retry,q4_compare,Z4,,0.0,1,f1c43a51-badf-4d8f-bca1-4e4900113d9d,2026-06-03 05:47:16.545891
processed,q4_compare,Z2,generator,2640.0437355041504,0,5609a84f-de7c-4669-aba9-bdea96a1c895,2026-06-03 05:47:16.550787
processed,q4_compare,Z3,cache,2942.949056625366,0,7633450d-ed94-4ab6-8b67-54024be12ee9,2026-06-03 05:47:16.552355
retry,q2_area,Z2,,0.0,1,d81b45c5-d662-4ad6-85ab-6ec0efb5a59e,2026-06-03 05:47:16.675937
processed,q4_compare,Z4,generator,3728.7113666534424,1,f1c43a51-badf-4d8f-bca1-4e4900113d9d,2026-06-03 05:47:16.685620
recovered,q4_compare,Z4,generator,3728.7113666534424,1,f1c43a51-badf-4d8f-bca1-4e4900113d9d,2026-06-03 05:47:16.687032
retry,q3_density,Z1,,0.0,2,79b988dd-beef-4735-8fa7-e0ae35b0f544,2026-06-03 05:47:17.043073
retry,q3_density,Z5,,0.0,1,59736632-5889-40ba-94e9-ec6ce3fb0682,2026-06-03 05:47:17.191351
processed,q3_density,Z3,cache,870.6495761871338,0,7abc9702-0c28-4982-904f-705f4a05cb4b,2026-06-03 05:47:17.192898
processed,q1_count,Z1,generator,574.2955207824707,0,6561f301-048c-48c8-92b6-915c6b19ed20,2026-06-03 05:47:17.197856
retry,q2_area,Z5,,0.0,2,eb1eead6-2c12-43b3-9235-54ba77e3bbad,2026-06-03 05:47:17.559151
processed,q4_compare,Z4,cache,2293.731451034546,0,e96e411b-ab25-4743-aa16-4e68302f67a9,2026-06-03 05:47:17.560894
dlq,q2_area,Z2,,0.0,3,33e0b701-b197-44ed-8b30-3f5744a980ea,2026-06-03 05:47:17.565058
retry,q3_density,Z5,,0.0,1,dfeec6e9-c332-46aa-b935-9f37022e1e60,2026-06-03 05:47:17.702083
processed,q3_density,Z1,cache,1230.6649684906006,0,e9837ce2-eff3-49cb-ac4a-b3c3558295b9,2026-06-03 05:47:17.703838
processed,q3_density,Z1,generator,4351.541757583618,2,79b988dd-beef-4735-8fa7-e0ae35b0f544,2026-06-03 05:47:17.709725
recovered,q3_density,Z1,generator,4351.541757583618,2,79b988dd-beef-4735-8fa7-e0ae35b0f544,2026-06-03 05:47:17.710994
retry,q2_area,Z2,,0.0,2,d81b45c5-d662-4ad6-85ab-6ec0efb5a59e,2026-06-03 05:47:18.048525
processed,q5_confidence_dist,Z3,cache,1526.780366897583,0,a05c3eae-441b-47ad-873b-135663daf23d,2026-06-03 05:47:18.050049
processed,q5_confidence_dist,Z4,cache,1025.9339809417725,0,51a83b6f-869e-4aad-844b-6f9223cba47a,2026-06-03 05:47:18.051208
processed,q4_compare,Z3,cache,1077.2757530212402,0,b6ec8c51-296d-49a5-9e00-8a0985f1d4dd,2026-06-03 05:47:18.052261
processed,q4_compare,Z5,cache,1831.7432403564453,0,de0862a8-a9dd-4489-ae11-2fdc892a31bd,2026-06-03 05:47:18.053355
retry,q2_area,Z5,,0.0,1,372323bc-8f2f-490a-be19-3ffd19dfa6c5,2026-06-03 05:47:18.069684
processed,q5_confidence_dist,Z3,cache,3356.828212738037,0,a67671b5-cb9d-4685-bfa6-5e660bf73010,2026-06-03 05:47:18.071437
processed,q3_density,Z1,cache,3308.1986904144287,0,e7e65d6a-2858-4bea-a7b4-7c72b93f0450,2026-06-03 05:47:18.072730
retry,q4_compare,Z1,,0.0,1,c50b43eb-98fc-42f4-97eb-f067941382c7,2026-06-03 05:47:18.557346
processed,q1_count,Z4,cache,1884.9983215332031,0,406db058-5be2-4ce4-a67c-90c6f9dd11ee,2026-06-03 05:47:18.559016
processed,q2_area,Z5,cache,1735.7726097106934,0,9f51cda3-41b4-4cc1-88d9-94040e1b59bf,2026-06-03 05:47:18.560714
dlq,q2_area,Z2,,0.0,3,d81b45c5-d662-4ad6-85ab-6ec0efb5a59e,2026-06-03 05:47:18.567416
processed,q2_area,Z2,cache,1091.6271209716797,0,3b6fa90d-46f8-4ca8-95ad-5fff9549fbab,2026-06-03 05:47:18.569548
processed,q2_area,Z5,generator,3459.2416286468506,2,eb1eead6-2c12-43b3-9235-54ba77e3bbad,2026-06-03 05:47:18.575708
retry,q3_density,Z2,,0.0,1,ee782e6b-17c1-4f0a-b86e-0e7e4e1c788d,2026-06-03 05:47:18.576733
recovered,q2_area,Z5,generator,3459.2416286468506,2,eb1eead6-2c12-43b3-9235-54ba77e3bbad,2026-06-03 05:47:18.579012
processed,q1_count,Z5,cache,3210.9601497650146,0,2839d7ad-0792-489a-98da-2874df987ccd,2026-06-03 05:47:18.579950
processed,q5_confidence_dist,Z4,cache,1203.63187789917,0,d3271a80-44da-4a7c-aff7-6bdafd7ac682,2026-06-03 05:47:18.580932
processed,q1_count,Z3,generator,1410.8667373657227,0,f0fe5b68-fa8b-4368-ad4d-966ff5919606,2026-06-03 05:47:18.587195
processed,q5_confidence_dist,Z5,generator,4425.716876983643,0,01b50415-4130-40c8-b651-719c897ff0a7,2026-06-03 05:47:18.587641
processed,q4_compare,Z1,cache,4528.314828872681,0,6ea49492-c3da-4d01-ae6c-8e71defe42ab,2026-06-03 05:47:18.590210
processed,q5_confidence_dist,Z2,cache,3073.4071731567383,0,d5a2a6cb-8d94-4de4-bdd1-16fc1835cb9e,2026-06-03 05:47:18.592193
processed,q5_confidence_dist,Z3,cache,2723.6790657043457,0,12d48ca5-78c5-460f-8753-4b1b7554a73c,2026-06-03 05:47:18.594352
processed,q4_compare,Z1,generator,2323.0388164520264,1,c50b43eb-98fc-42f4-97eb-f067941382c7,2026-06-03 05:47:18.595295
processed,q4_compare,Z4,cache,2524.7747898101807,0,17017e6e-faa0-4d63-a6ff-6d3226338af4,2026-06-03 05:47:18.596360
recovered,q4_compare,Z1,generator,2323.0388164520264,1,c50b43eb-98fc-42f4-97eb-f067941382c7,2026-06-03 05:47:18.597265
processed,q5_confidence_dist,Z4,cache,2476.548910140991,0,b1140fca-ac1f-4ef7-ad0c-fb67fc693d3b,2026-06-03 05:47:18.598516
processed,q3_density,Z1,cache,568.5830116271973,0,8b3ce9ea-880c-44c4-8c4b-2357f0b5a09e,2026-06-03 05:47:18.599715
processed,q2_area,Z4,cache,3935.729503631592,0,c53d91a3-596b-4c8b-bbc4-78b7fe6f57cb,2026-06-03 05:47:18.600258
processed,q4_compare,Z3,cache,3787.280559539795,0,c8da22eb-2d1e-43bd-9f78-469f4aafead2,2026-06-03 05:47:18.602950
processed,q4_compare,Z5,cache,1074.0416049957275,0,2044c5a8-c07c-40d4-b7c5-507eb9e13fca,2026-06-03 05:47:18.603002
processed,q5_confidence_dist,Z3,cache,3287.348747253418,0,b7fb9ae9-fb9d-4aff-b086-3a1815c84f6a,2026-06-03 05:47:18.605216
processed,q1_count,Z2,cache,675.3668785095215,0,1d1938e0-e695-4611-b163-86fd4967e92d,2026-06-03 05:47:18.605261
processed,q4_compare,Z4,cache,1380.4302215576172,0,c28daca2-0c79-4779-a3a3-f663022efd25,2026-06-03 05:47:18.606728
processed,q1_count,Z2,cache,3138.5459899902344,0,2fad09f5-4d3e-4cd8-96ff-234b5acba6b0,2026-06-03 05:47:18.606768
processed,q3_density,Z2,generator,1284.8474979400635,0,c38de8eb-4109-43e8-8cd9-fae2ba9beee5,2026-06-03 05:47:18.611668
processed,q2_area,Z5,generator,4351.701498031616,1,372323bc-8f2f-490a-be19-3ffd19dfa6c5,2026-06-03 05:47:18.614314
recovered,q2_area,Z5,generator,4351.701498031616,1,372323bc-8f2f-490a-be19-3ffd19dfa6c5,2026-06-03 05:47:18.616540
processed,q3_density,Z4,generator,535.8321666717529,0,8a4ed542-9535-4cea-ba15-78bfab38ee71,2026-06-03 05:47:18.616596
retry,q3_density,Z5,,0.0,2,dfeec6e9-c332-46aa-b935-9f37022e1e60,2026-06-03 05:47:18.714968
processed,q3_density,Z5,generator,2349.1673469543457,1,59736632-5889-40ba-94e9-ec6ce3fb0682,2026-06-03 05:47:18.722223
recovered,q3_density,Z5,generator,2349.1673469543457,1,59736632-5889-40ba-94e9-ec6ce3fb0682,2026-06-03 05:47:18.724104
processed,q4_compare,Z3,cache,2001.579761505127,0,1f397c32-9fb1-4dab-a04f-3b83967485ce,2026-06-03 05:47:18.726151
processed,q1_count,Z5,cache,1652.0745754241943,0,109590cb-359e-4d83-acdf-901a0d6e1b1a,2026-06-03 05:47:18.728404
processed,q5_confidence_dist,Z1,cache,1302.764654159546,0,c087f8f8-c9f7-4e3d-b6d3-3030930a46d1,2026-06-03 05:47:18.730484
processed,q4_compare,Z4,generator,1059.579610824585,0,22df49bf-d6e2-4e8c-8afe-2e45b0acc096,2026-06-03 05:47:18.738713
processed,q2_area,Z4,cache,1815.399408340454,0,be735ba4-76a8-4869-895a-bd6c1b314109,2026-06-03 05:47:18.740811
retry,q1_count,Z4,,0.0,1,d8bb8a56-9ffc-4efc-a6df-41d4c269b005,2026-06-03 05:47:19.120959
processed,q2_area,Z5,cache,740.8268451690674,0,84050ebd-5e90-4e08-b6f8-9a0cf6e634ee,2026-06-03 05:47:19.123130
processed,q2_area,Z1,cache,1345.848560333252,0,17aa7dd9-bf1c-4047-b4dd-ec033d28ca24,2026-06-03 05:47:19.125077
processed,q1_count,Z1,cache,694.3693161010742,0,72c189cb-9f69-40f6-a7e8-2b47122df013,2026-06-03 05:47:19.126980
processed,q4_compare,Z4,cache,1550.6174564361572,0,7c5dc973-352a-48c6-bc87-778f95f5f5cc,2026-06-03 05:47:19.128679
processed,q5_confidence_dist,Z4,cache,999.5822906494141,0,94d0ccf4-7c2d-4b4c-919d-66426bd7a410,2026-06-03 05:47:19.130690
processed,q5_confidence_dist,Z5,cache,649.817943572998,0,de9d35e7-21c3-4df1-83dd-a2f4d184e9d8,2026-06-03 05:47:19.132492
processed,q2_area,Z1,cache,2560.5974197387695,0,c3eb3704-42ef-4cac-8077-4e07008a9768,2026-06-03 05:47:19.134411
processed,q3_density,Z4,cache,955.0893306732178,0,a6661532-1aed-468b-8633-6f0a52e350d1,2026-06-03 05:47:19.136304
processed,q2_area,Z5,cache,1861.2291812896729,0,54518e10-66fd-4d7c-97cb-967a31d4378d,2026-06-03 05:47:19.138009
processed,q4_compare,Z4,cache,858.086109161377,0,d4c9a0e1-efc3-42ee-8f4a-c59688312132,2026-06-03 05:47:19.139965
processed,q1_count,Z4,generator,2272.759199142456,1,d8bb8a56-9ffc-4efc-a6df-41d4c269b005,2026-06-03 05:47:19.148123
recovered,q1_count,Z4,generator,2272.759199142456,1,d8bb8a56-9ffc-4efc-a6df-41d4c269b005,2026-06-03 05:47:19.150032
retry,q4_compare,Z5,,0.0,1,e8eb0905-0308-4da8-aa6c-4ad4a5422e10,2026-06-03 05:47:19.245262
processed,q5_confidence_dist,Z2,cache,2121.2339401245117,0,51e47270-4d6f-4c80-8474-c647bf768920,2026-06-03 05:47:19.247503
processed,q1_count,Z3,cache,1620.983600616455,0,8fbe5c9b-fb4d-4927-bb71-2bb4624edb08,2026-06-03 05:47:19.249510
processed,q1_count,Z1,cache,1021.6748714447021,0,0bbf41a4-21d6-4d85-bd7a-27648ec97531,2026-06-03 05:47:19.252984
processed,q4_compare,Z1,generator,24.555206298828125,0,f02bac50-d9b9-4546-b0bb-a287e027b69d,2026-06-03 05:47:19.261032
processed,q3_density,Z2,generator,935.1792335510254,0,5693c185-f9e6-4b1c-910c-eadbfded4236,2026-06-03 05:47:19.267253
dlq,q3_density,Z5,,0.0,3,dfeec6e9-c332-46aa-b935-9f37022e1e60,2026-06-03 05:47:19.271518
processed,q1_count,Z1,cache,1293.187141418457,0,9b61e9d3-c953-4e7b-84fc-3adf18298854,2026-06-03 05:47:19.273560
processed,q1_count,Z3,cache,1546.250820159912,0,ebc02035-1c34-4acd-9f8c-b8ef0b116f79,2026-06-03 05:47:19.274888
retry,q3_density,Z2,,0.0,2,ee782e6b-17c1-4f0a-b86e-0e7e4e1c788d,2026-06-03 05:47:19.621455
processed,q3_density,Z2,cache,689.443826675415,0,4697570d-0201-4cd0-b8f9-384c2cc7209f,2026-06-03 05:47:19.624683
processed,q2_area,Z1,cache,641.1890983581543,0,d489fafd-ba67-49d8-bdc7-b08e624d1463,2026-06-03 05:47:19.626368
processed,q5_confidence_dist,Z4,cache,944.2882537841797,0,fb2b36ab-8e19-40b7-9d46-8cc4ed0d045c,2026-06-03 05:47:19.628007
processed,q4_compare,Z1,cache,443.4382915496826,0,02012697-dc62-41f7-9bd8-153f13aaa59f,2026-06-03 05:47:19.629568
retry,q2_area,Z2,,0.0,1,90c8adcc-1566-4fb8-90cc-8adf75381371,2026-06-03 05:47:19.654845
processed,q2_area,Z5,cache,570.9896087646484,0,0448e6a6-bb77-4a7c-80b5-4f5b2bee88a7,2026-06-03 05:47:19.656730
processed,q4_compare,Z5,cache,824.0289688110352,0,083a10be-d352-4ea1-aa1f-49dba9ed414d,2026-06-03 05:47:19.657976
processed,q5_confidence_dist,Z5,cache,624.1662502288818,0,86caab8a-5ffb-4cab-b3cf-09639930987b,2026-06-03 05:47:19.659366
processed,q2_area,Z3,cache,876.8680095672607,0,8947e4e3-ba78-4973-b061-4334c56ce65d,2026-06-03 05:47:19.660488
retry,q3_density,Z2,,0.0,1,d24c1b36-9a90-4ebe-8032-19a9423624f9,2026-06-03 05:47:19.779060
processed,q1_count,Z3,cache,1247.9441165924072,0,13f0d23d-ffe4-4797-a94d-0e70451d810d,2026-06-03 05:47:19.781146
processed,q4_compare,Z4,cache,1953.550100326538,0,cf4b7fe5-375d-4d06-b525-629ba2c9bb91,2026-06-03 05:47:19.783157
processed,q3_density,Z1,cache,1905.2317142486572,0,5a96e7d5-d9a4-4d72-b01d-cd3912038074,2026-06-03 05:47:19.784882
processed,q2_area,Z4,cache,901.8588066101074,0,5dbcd8b0-c98b-4d65-aa43-63ce0485e987,2026-06-03 05:47:19.786318
processed,q1_count,Z1,cache,652.1878242492676,0,fac34228-b138-46de-8066-ea3ee4d4af36,2026-06-03 05:47:19.788310
processed,q3_density,Z2,generator,4830.382347106934,2,ee782e6b-17c1-4f0a-b86e-0e7e4e1c788d,2026-06-03 05:47:19.796133
recovered,q3_density,Z2,generator,4830.382347106934,2,ee782e6b-17c1-4f0a-b86e-0e7e4e1c788d,2026-06-03 05:47:19.797703
processed,q4_compare,Z4,cache,261.43860816955566,0,747d8f26-e589-45e4-8a9e-e6cd217c90de,2026-06-03 05:47:19.799641
processed,q2_area,Z1,cache,213.16170692443848,0,5a063827-5e3a-4212-9e63-769fb251e838,2026-06-03 05:47:19.801462
processed,q1_count,Z1,generator,319.5209503173828,0,3753cc13-3e07-4ec1-9353-0161392bffa5,2026-06-03 05:47:19.807254
retry,q1_count,Z4,,0.0,1,8e66c4fb-0a41-466a-9ba9-78bf39698945,2026-06-03 05:47:20.134204
processed,q2_area,Z2,cache,499.4471073150635,0,fdcdd88a-f6e0-456a-8ad0-7f4315263bdc,2026-06-03 05:47:20.138055
processed,q5_confidence_dist,Z2,cache,250.04816055297852,0,9a489d07-746d-4278-8f6d-be891873443b,2026-06-03 05:47:20.139239
processed,q2_area,Z2,generator,1511.3193988800049,1,90c8adcc-1566-4fb8-90cc-8adf75381371,2026-06-03 05:47:20.144692
recovered,q2_area,Z2,generator,1511.3193988800049,1,90c8adcc-1566-4fb8-90cc-8adf75381371,2026-06-03 05:47:20.145978
processed,q4_compare,Z2,cache,408.70094299316406,0,46dc8fb5-e22a-43ab-973e-2b256a6f88a1,2026-06-03 05:47:20.147329
retry,q3_density,Z4,,0.0,1,b322a95d-9bdb-4c23-88e0-d70b1a129c44,2026-06-03 05:47:20.312400
processed,q1_count,Z3,cache,325.1762390136719,0,038cbca1-edf5-4ab3-9f92-ff361e95813d,2026-06-03 05:47:20.315281
processed,q3_density,Z2,cache,25.493860244750977,0,12bab0db-d304-4717-9ac5-0473dfc488cb,2026-06-03 05:47:20.316717
processed,q1_count,Z4,generator,1588.709831237793,1,8e66c4fb-0a41-466a-9ba9-78bf39698945,2026-06-03 05:47:20.322263
recovered,q1_count,Z4,generator,1588.709831237793,1,8e66c4fb-0a41-466a-9ba9-78bf39698945,2026-06-03 05:47:20.323428
retry,q4_compare,Z5,,0.0,2,e8eb0905-0308-4da8-aa6c-4ad4a5422e10,2026-06-03 05:47:20.666827
processed,q1_count,Z5,cache,1281.6226482391357,0,284a0e01-19e3-4734-8086-901126911ace,2026-06-03 05:47:20.669148
processed,q3_density,Z2,cache,1384.324073791504,0,f272747a-8634-4e74-a24e-6e195eef58dc,2026-06-03 05:47:20.670952
processed,q1_count,Z3,cache,1335.8228206634521,0,7c33b57c-d2bd-4ec1-9696-a913a7a25085,2026-06-03 05:47:20.672546
processed,q1_count,Z3,cache,1236.875295639038,0,99e43c61-79d0-4d51-9b34-e158ce9ebfc8,2026-06-03 05:47:20.674222
processed,q3_density,Z2,cache,2093.9252376556396,1,d24c1b36-9a90-4ebe-8032-19a9423624f9,2026-06-03 05:47:20.676855
processed,q4_compare,Z1,generator,744.7717189788818,0,3a5c648a-f183-496a-a0a2-dc585792e3ad,2026-06-03 05:47:20.684776
processed,q3_density,Z5,cache,646.1858749389648,0,85ba86bd-06d6-485e-9d31-b76c92615c82,2026-06-03 05:47:20.686436
processed,q2_area,Z4,cache,95.25156021118164,0,488babc7-1c31-4745-8434-c9211f225b08,2026-06-03 05:47:20.688349
dlq,q4_compare,Z5,,0.0,3,e8eb0905-0308-4da8-aa6c-4ad4a5422e10,2026-06-03 05:47:20.692246
processed,q3_density,Z2,cache,904.893159866333,0,2a25f81b-b074-4020-8783-e376e90aefd0,2026-06-03 05:47:20.694443
processed,q1_count,Z4,cache,505.22327423095703,0,872245fd-57df-4226-aff0-ed718dc7d0cd,2026-06-03 05:47:20.696585
processed,q1_count,Z5,cache,55.3593635559082,0,fd3bdaaf-ccae-4e1d-a439-873dfbb3d24a,2026-06-03 05:47:20.699624
processed,q4_compare,Z1,generator,5.903005599975586,0,f5e49563-55f1-4a6f-aece-546543135bbd,2026-06-03 05:47:20.699752
processed,q5_confidence_dist,Z3,generator,7.363080978393555,0,fa2867c7-5977-41e8-9080-701dcebf9dbc,2026-06-03 05:47:20.750914
processed,q1_count,Z3,cache,1.554250717163086,0,edfb3a0f-da93-423e-b305-74f51e279253,2026-06-03 05:47:20.796519
processed,q1_count,Z3,cache,1.4410018920898438,0,97653a6e-9af9-40d7-b892-7abb039bc9f2,2026-06-03 05:47:20.846283
processed,q4_compare,Z5,cache,1.6636848449707031,0,004c3fcb-42fc-485e-b423-5d7bc44bcbff,2026-06-03 05:47:20.947279
processed,q5_confidence_dist,Z5,cache,1.3074874877929688,0,f038ceff-f81f-48b3-87f9-337c0fa3a0f1,2026-06-03 05:47:20.996707
processed,q5_confidence_dist,Z2,cache,1.4293193817138672,0,1182e920-2ef4-4b1c-a274-328d2a16f592,2026-06-03 05:47:21.097610
processed,q5_confidence_dist,Z2,cache,1.4507770538330078,0,d9db4754-720a-4086-b41e-aa2827222fc0,2026-06-03 05:47:21.147739
processed,q2_area,Z2,generator,6.988763809204102,0,3061228c-b13e-4868-8f83-5eabd591d0ce,2026-06-03 05:47:21.203309
retry,q3_density,Z4,,0.0,2,b322a95d-9bdb-4c23-88e0-d70b1a129c44,2026-06-03 05:47:21.327425
processed,q5_confidence_dist,Z2,cache,1087.9626274108887,0,d79b538a-0a70-4af6-ba21-6e0f9d87c4f8,2026-06-03 05:47:21.329284
processed,q3_density,Z5,cache,1491.6658401489258,0,59acf0ed-7aea-42e3-92d4-d8e6adddf7bf,2026-06-03 05:47:21.331008
processed,q4_compare,Z2,cache,1191.8811798095703,0,a810052c-17a1-4fbb-85bf-aaa39537a415,2026-06-03 05:47:21.332557
processed,q3_density,Z4,generator,1644.4056034088135,2,b322a95d-9bdb-4c23-88e0-d70b1a129c44,2026-06-03 05:47:21.333140
processed,q5_confidence_dist,Z3,cache,1243.6096668243408,0,b136daa1-22ae-4aa3-b84a-74ceba9316c9,2026-06-03 05:47:21.333939
recovered,q3_density,Z4,generator,1644.4056034088135,2,b322a95d-9bdb-4c23-88e0-d70b1a129c44,2026-06-03 05:47:21.334464
processed,q4_compare,Z5,generator,6.480216979980469,0,e8158a3e-3ea8-47a0-84fd-6b82a8865edb,2026-06-03 05:47:21.403211
processed,q1_count,Z1,cache,1.165628433227539,0,9162017d-2469-4ac6-ba11-115efa4c4899,2026-06-03 05:47:21.448348
processed,q5_confidence_dist,Z1,cache,1.1987686157226562,0,c1ee561b-be28-4f74-ab3f-df0623991a06,2026-06-03 05:47:21.499042
processed,q1_count,Z3,cache,1.2390613555908203,0,8300965b-e33d-4be3-b2f6-10450e25d059,2026-06-03 05:47:21.549216
processed,q4_compare,Z3,cache,1.1544227600097656,0,286e64b5-baa1-4c66-b718-ab1b5ce2cdab,2026-06-03 05:47:21.649282
processed,q1_count,Z1,cache,1.2784004211425781,0,264aa87c-0f2f-4fc2-ad3b-feb7883b39c7,2026-06-03 05:47:21.700051
processed,q3_density,Z5,cache,1.4865398406982422,0,83348db1-733c-421b-994b-a148ad4d7ba2,2026-06-03 05:47:21.801278
retry,q4_compare,Z5,,0.0,1,4cc797d2-96f2-4d4f-8fdb-ec162d1d88dd,2026-06-03 05:47:21.841121
processed,q3_density,Z5,generator,1354.8619747161865,0,f61c42f8-2443-4629-9946-f21094d00a99,2026-06-03 05:47:21.847210
processed,q4_compare,Z5,generator,1506.1674118041992,1,4cc797d2-96f2-4d4f-8fdb-ec162d1d88dd,2026-06-03 05:47:21.848108
processed,q2_area,Z1,cache,1306.3573837280273,0,606c7edb-566e-411a-b9ca-754220136165,2026-06-03 05:47:21.848706
recovered,q4_compare,Z5,generator,1506.1674118041992,1,4cc797d2-96f2-4d4f-8fdb-ec162d1d88dd,2026-06-03 05:47:21.849397
processed,q3_density,Z4,cache,805.2346706390381,0,22b8615e-49fe-4721-b0b4-a8e1fede4b61,2026-06-03 05:47:21.850390
processed,q4_compare,Z5,cache,605.9496402740479,0,3afdbac1-88f7-439e-bae0-c4efa014be2c,2026-06-03 05:47:21.851732
processed,q3_density,Z4,cache,1411.1464023590088,0,e2b42b29-c1a1-474b-9d8c-e256ea0bf29a,2026-06-03 05:47:21.852919
processed,q5_confidence_dist,Z3,cache,960.1755142211914,0,5e5159d0-972a-456e-9164-f6690e9e8a67,2026-06-03 05:47:21.853961
processed,q2_area,Z3,cache,1463.5274410247803,0,c4ff0c9a-d452-40c1-b6e3-e31f2f6121fb,2026-06-03 05:47:21.854985
processed,q5_confidence_dist,Z5,cache,560.206413269043,0,a9019896-ace3-46f2-9cf7-4852c240b347,2026-06-03 05:47:21.856127
processed,q1_count,Z4,cache,110.07428169250488,0,faa69391-1cda-4deb-87f4-f06a112191cc,2026-06-03 05:47:21.858190
processed,q2_area,Z4,cache,513.2174491882324,0,c88488d9-810f-4a52-9e11-6dd718254b7b,2026-06-03 05:47:21.859332
processed,q5_confidence_dist,Z1,cache,1.6689300537109375,0,8889b5e5-bc2a-4133-b3ca-5d55b7e2d3d0,2026-06-03 05:47:22.002642
processed,q2_area,Z4,cache,1.6219615936279297,0,bee30ce6-3fba-4312-9037-988f7ec3e200,2026-06-03 05:47:22.152845
retry,q4_compare,Z3,,0.0,1,b51ee1a4-a562-42e6-b5ba-a3747eb9367d,2026-06-03 05:47:22.362970
processed,q4_compare,Z4,cache,766.9715881347656,0,d21fc397-3708-4767-93e0-cce5ebb4f3cd,2026-06-03 05:47:22.364510
processed,q3_density,Z2,cache,467.6501750946045,0,18e7ee99-3d04-4e36-944c-91131df5d5d7,2026-06-03 05:47:22.366847
processed,q2_area,Z2,generator,171.13518714904785,0,6c8be241-2b4b-4c98-ac47-fcae3a36567a,2026-06-03 05:47:22.372282
processed,q4_compare,Z1,cache,424.17263984680176,0,a94f681d-91dc-46f3-888a-8f3b21d8f966,2026-06-03 05:47:22.373564
processed,q1_count,Z4,cache,73.12202453613281,0,0ad56b59-273c-433d-9e03-5f5eeeec7514,2026-06-03 05:47:22.374640
processed,q1_count,Z1,cache,1.33514404296875,0,bae9960d-0276-4d90-aa97-23842a202859,2026-06-03 05:47:22.404351
processed,q4_compare,Z5,cache,1.4560222625732422,0,b10da523-7670-463d-b145-3356f93873b7,2026-06-03 05:47:22.454733
processed,q1_count,Z1,cache,1.497030258178711,0,2c2b0bde-4517-40f5-a376-12553cec6094,2026-06-03 05:47:22.504978
retry,q5_confidence_dist,Z4,,0.0,1,f1abe400-5555-405b-951c-669d43296d40,2026-06-03 05:47:22.555142
processed,q4_compare,Z4,cache,1.35040283203125,0,602a0a66-98fa-44b2-ae2b-e8e698f2a812,2026-06-03 05:47:22.555194
processed,q5_confidence_dist,Z4,generator,511.27004623413086,1,f1abe400-5555-405b-951c-669d43296d40,2026-06-03 05:47:22.561525
recovered,q5_confidence_dist,Z4,generator,511.27004623413086,1,f1abe400-5555-405b-951c-669d43296d40,2026-06-03 05:47:22.562935
processed,q3_density,Z3,cache,1.2822151184082031,0,c8fc84cc-5ed7-4079-8331-d88937cb5022,2026-06-03 05:47:22.605623
processed,q5_confidence_dist,Z4,cache,1.2454986572265625,0,bb15e4ea-f3f9-4e95-984f-b5ea2810bef2,2026-06-03 05:47:22.655667
processed,q5_confidence_dist,Z1,cache,1.3594627380371094,0,5ec2490e-dba1-4346-9210-e80c5efd784f,2026-06-03 05:47:22.756456
processed,q5_confidence_dist,Z2,cache,1.3666152954101562,0,a065adca-51ba-4309-a722-d8f099f91dfa,2026-06-03 05:47:22.856907
processed,q1_count,Z3,cache,1.4853477478027344,0,bddadc1e-5617-4a06-a522-fc0bb82a7d4c,2026-06-03 05:47:22.907417
processed,q2_area,Z4,cache,1.485586166381836,0,a6103e48-955d-49e8-ae5f-d492ce276d76,2026-06-03 05:47:22.957775
processed,q3_density,Z1,cache,1.4221668243408203,0,8fcfe440-57ff-4819-bc48-f173b7aacc72,2026-06-03 05:47:23.008011
processed,q3_density,Z1,cache,1.4998912811279297,0,a180d8a0-9516-4ff6-b3b1-3b67630b8e00,2026-06-03 05:47:23.059055
processed,q4_compare,Z2,cache,1.7364025115966797,0,ddedf86a-7e1f-47df-b386-d653a16bbbcb,2026-06-03 05:47:23.109632
processed,q3_density,Z2,cache,1.569509506225586,0,3783bbbb-fdea-44e2-9716-846b826adab4,2026-06-03 05:47:23.310842
processed,q5_confidence_dist,Z3,cache,1.7247200012207031,0,d7628214-15e8-41d7-8f7a-c44304339179,2026-06-03 05:47:23.360873
processed,q1_count,Z5,cache,1.438140869140625,0,e4297fd0-c23c-4a09-95e7-d07394bfab8f,2026-06-03 05:47:23.410582
retry,q4_compare,Z3,,0.0,2,b51ee1a4-a562-42e6-b5ba-a3747eb9367d,2026-06-03 05:47:23.561917
processed,q2_area,Z4,cache,1.46484375,0,5c92bf1c-db25-4bd1-8fc1-1974dd7ac318,2026-06-03 05:47:23.561979
processed,q4_compare,Z1,cache,1211.7671966552734,0,979912d4-72f3-49be-bb02-8cb4f776cdb7,2026-06-03 05:47:23.564260
processed,q1_count,Z3,cache,1465.4014110565186,0,08d1b071-3a50-451b-9a98-f7de7badc06e,2026-06-03 05:47:23.566730
processed,q3_density,Z4,cache,1317.0363903045654,0,6c4071fc-9893-4d6a-81a2-82f2c552a914,2026-06-03 05:47:23.568607
processed,q3_density,Z4,cache,867.795467376709,0,f00d91cb-a612-41a8-855d-dc4bd223597f,2026-06-03 05:47:23.572318
processed,q1_count,Z2,cache,316.09272956848145,0,8d6223f0-30c2-475a-8c91-a70adc35d497,2026-06-03 05:47:23.574006
processed,q5_confidence_dist,Z5,cache,770.7221508026123,0,e2e042e9-9f65-4d56-9f2d-be2fba8abbe7,2026-06-03 05:47:23.575791
processed,q3_density,Z3,generator,374.71771240234375,0,2d321887-261e-43c0-a582-ec50e60e0178,2026-06-03 05:47:23.582780
processed,q1_count,Z1,cache,1.3501644134521484,0,db5fa8dd-9cf2-4c5c-95cb-c2cd1c5ac7fc,2026-06-03 05:47:23.663192
retry,q3_density,Z1,,0.0,1,02bb92a4-a707-4a32-aece-1c17e3a6a496,2026-06-03 05:47:23.663242
processed,q4_compare,Z3,generator,1824.4757652282715,2,b51ee1a4-a562-42e6-b5ba-a3747eb9367d,2026-06-03 05:47:23.673834
recovered,q4_compare,Z3,generator,1824.4757652282715,2,b51ee1a4-a562-42e6-b5ba-a3747eb9367d,2026-06-03 05:47:23.675359
processed,q3_density,Z3,cache,1.4371871948242188,0,6f43d873-19bf-4871-ba4e-522a60861734,2026-06-03 05:47:23.712754
processed,q1_count,Z2,cache,1.3799667358398438,0,1650e480-81d4-42db-8bda-d18a5ab72b8b,2026-06-03 05:47:23.762848
processed,q1_count,Z2,cache,1.1551380157470703,0,4f5ac92a-2847-483f-bf5d-320c5dfae588,2026-06-03 05:47:23.812809
processed,q1_count,Z3,cache,1.1179447174072266,0,5fe7fb84-761c-4f0d-8de8-9af216ec348b,2026-06-03 05:47:23.863126
processed,q1_count,Z5,cache,1.2209415435791016,0,2b1971f2-709d-41c7-8fbb-fd3126df7d29,2026-06-03 05:47:23.913051
processed,q4_compare,Z5,cache,1.2149810791015625,0,6f670e88-8492-4625-8532-c1033fd193db,2026-06-03 05:47:23.963265
processed,q3_density,Z4,cache,1.2602806091308594,0,2f7d32fc-51e5-492d-a74f-c278dfcaab36,2026-06-03 05:47:24.063979
processed,q3_density,Z3,cache,1.4467239379882812,0,33a63d73-d2a4-4c9d-9a76-254beef0fa3f,2026-06-03 05:47:24.165368
processed,q3_density,Z3,cache,1.3036727905273438,0,452442c9-8b55-45c7-ab1b-064bbeeeaaec,2026-06-03 05:47:24.265256
processed,q3_density,Z2,generator,5.931377410888672,0,79c3e9c8-d9ea-4098-bdd0-040efe003ce2,2026-06-03 05:47:24.470410
processed,q1_count,Z1,cache,1.0933876037597656,0,c18412c6-af25-41f5-a36d-902cc70d6e82,2026-06-03 05:47:24.616728
retry,q3_density,Z1,,0.0,2,02bb92a4-a707-4a32-aece-1c17e3a6a496,2026-06-03 05:47:24.680324
processed,q5_confidence_dist,Z2,cache,1071.875810623169,0,fabe2231-326d-4027-a52b-bd2b706ace3e,2026-06-03 05:47:24.682027
processed,q5_confidence_dist,Z4,cache,1174.0684509277344,0,b3bcb580-4737-4f9a-b8f5-c7b572fb9481,2026-06-03 05:47:24.683339
processed,q2_area,Z1,cache,1225.7020473480225,0,a783bdf4-2a9f-481a-96d8-9b28f5e7ec7b,2026-06-03 05:47:24.684562
processed,q2_area,Z3,cache,474.84445571899414,0,4b73f578-1943-419a-bb95-1a5c5663a4fc,2026-06-03 05:47:24.688423
processed,q3_density,Z1,generator,1536.2377166748047,2,02bb92a4-a707-4a32-aece-1c17e3a6a496,2026-06-03 05:47:24.693305
recovered,q3_density,Z1,generator,1536.2377166748047,2,02bb92a4-a707-4a32-aece-1c17e3a6a496,2026-06-03 05:47:24.694782
processed,q5_confidence_dist,Z3,cache,684.0815544128418,0,1f5c0e0f-837b-477c-97ab-41ed028c847c,2026-06-03 05:47:24.696208
processed,q4_compare,Z1,cache,585.00075340271,0,38237a3d-c15c-44c8-b717-162f08e554c0,2026-06-03 05:47:24.697546
processed,q4_compare,Z4,cache,334.930419921875,0,bcc95476-889f-4254-9985-6dd78a8a377e,2026-06-03 05:47:24.698766
processed,q5_confidence_dist,Z5,cache,285.9950065612793,0,889e5897-525e-42c7-b8d1-075124f1fe83,2026-06-03 05:47:24.700176
processed,q1_count,Z2,cache,1.1649131774902344,0,9e7aba3e-ce9b-4968-997f-05514046b5d0,2026-06-03 05:47:24.767645
retry,q4_compare,Z1,,0.0,1,4fbc1cf1-1106-4584-bd73-ad88b94b9f6d,2026-06-03 05:47:24.818298
processed,q1_count,Z3,cache,1.4600753784179688,0,a90b0d3c-93ff-498c-98ba-5156328f4608,2026-06-03 05:47:24.818402
processed,q5_confidence_dist,Z3,cache,256.3185691833496,0,e2129d37-5e42-41c7-9d4d-5508cfa7d3b8,2026-06-03 05:47:24.821864
processed,q3_density,Z1,cache,157.95397758483887,0,148042fd-9a34-4d3b-bb2d-179b656312e6,2026-06-03 05:47:24.823397
processed,q2_area,Z4,cache,310.15777587890625,0,bf14ee6c-a0a6-44d1-9f69-0ae8f07a7a15,2026-06-03 05:47:24.824617
processed,q2_area,Z3,cache,110.36920547485352,0,f757049a-ecee-4782-b3a9-a09ffd052b32,2026-06-03 05:47:24.825918
processed,q4_compare,Z1,generator,513.7600898742676,1,4fbc1cf1-1106-4584-bd73-ad88b94b9f6d,2026-06-03 05:47:24.827636
recovered,q4_compare,Z1,generator,513.7600898742676,1,4fbc1cf1-1106-4584-bd73-ad88b94b9f6d,2026-06-03 05:47:24.828952
processed,q1_count,Z1,cache,1.4100074768066406,0,678e25b8-84f4-4e75-8314-6c1babf5d8e6,2026-06-03 05:47:24.868662
processed,q1_count,Z3,cache,1.190185546875,0,a3cafc15-f8f4-4233-9bb6-78899b61b1d3,2026-06-03 05:47:25.018821
processed,q1_count,Z2,cache,1.3442039489746094,0,a9ceb8d0-e1d5-4312-ae37-dce43d40e65b,2026-06-03 05:47:25.370974
retry,q1_count,Z3,,0.0,1,75fa97f4-f078-4a80-b091-b715e169220b,2026-06-03 05:47:25.420949
processed,q5_confidence_dist,Z3,cache,1.171112060546875,0,c1f70990-9a4b-4219-89d1-7b09b91a1338,2026-06-03 05:47:25.421019
processed,q3_density,Z1,cache,456.8650722503662,0,5f9cfa3f-1ba3-44c5-b2bc-837979407118,2026-06-03 05:47:25.423608
processed,q2_area,Z3,cache,1.2736320495605469,0,6466e5ed-9a64-498d-928d-bfb024550d37,2026-06-03 05:47:25.571373
retry,q4_compare,Z4,,0.0,1,3d63bd75-a62a-4961-84b5-44bbdfac6089,2026-06-03 05:47:25.622066
processed,q5_confidence_dist,Z3,cache,1.3689994812011719,0,ae500ff8-4499-46a7-8764-7b3c218440bc,2026-06-03 05:47:25.622146
processed,q4_compare,Z4,generator,510.92076301574707,1,3d63bd75-a62a-4961-84b5-44bbdfac6089,2026-06-03 05:47:25.628483
processed,q1_count,Z3,generator,712.5067710876465,1,75fa97f4-f078-4a80-b091-b715e169220b,2026-06-03 05:47:25.629583
recovered,q4_compare,Z4,generator,510.92076301574707,1,3d63bd75-a62a-4961-84b5-44bbdfac6089,2026-06-03 05:47:25.630458
recovered,q1_count,Z3,generator,712.5067710876465,1,75fa97f4-f078-4a80-b091-b715e169220b,2026-06-03 05:47:25.631635
processed,q2_area,Z5,cache,365.15021324157715,0,0b074321-1894-4b6f-a139-c8f7b2674f75,2026-06-03 05:47:25.633720
processed,q3_density,Z5,cache,467.6530361175537,0,51b9e85d-fe87-4987-ad4e-73f0fdb1b1c7,2026-06-03 05:47:25.635651
processed,q1_count,Z5,cache,318.8450336456299,0,1d1ae4f3-8e6c-4ae0-8602-803104b3c311,2026-06-03 05:47:25.637482
processed,q5_confidence_dist,Z5,cache,169.96145248413086,0,94f775f8-c170-4e95-bab8-18362c9640bf,2026-06-03 05:47:25.639297
processed,q2_area,Z3,cache,1.277923583984375,0,26ba0c20-7283-4199-9755-f1d7ae20795b,2026-06-03 05:47:25.671997
processed,q1_count,Z4,cache,1.3587474822998047,0,44f57982-b807-45ac-b922-3ffb5ae1dbc5,2026-06-03 05:47:25.722645
retry,q2_area,Z4,,0.0,1,73a58efe-4d30-409f-b965-713cd96254a3,2026-06-03 05:47:25.928859
processed,q5_confidence_dist,Z5,cache,712.8100395202637,0,f3cee097-0dc5-4e97-97f4-0e0e2a0489de,2026-06-03 05:47:25.931201
processed,q3_density,Z1,cache,12.900114059448242,0,d719201c-2ffe-4376-a594-84ee64f56866,2026-06-03 05:47:25.934802
processed,q5_confidence_dist,Z3,cache,115.56887626647949,0,393f5c27-f83d-4643-a3d6-a187072b4404,2026-06-03 05:47:25.936821
processed,q3_density,Z3,cache,167.82307624816895,0,d88070b3-cd9b-4ae5-b80d-986395ac2814,2026-06-03 05:47:25.938824
processed,q1_count,Z5,cache,421.1771488189697,0,68616a6a-c573-4a86-9a43-88aaf3dbb748,2026-06-03 05:47:25.940826
processed,q1_count,Z5,cache,1.3651847839355469,0,dff4cd80-b9af-4c9a-be47-8169d3f71faf,2026-06-03 05:47:25.973859
processed,q1_count,Z4,cache,1.4650821685791016,0,ae87379c-f754-4449-8493-cae99ad6c497,2026-06-03 05:47:26.024487
processed,q2_area,Z1,cache,1.470804214477539,0,ab0516a0-162e-44dd-94f3-d6c6939123f8,2026-06-03 05:47:26.125041
retry,q2_area,Z2,,0.0,1,bb3141d8-600d-4ee4-9406-378719fd2288,2026-06-03 05:47:26.377308
processed,q2_area,Z4,generator,1316.8587684631348,1,73a58efe-4d30-409f-b965-713cd96254a3,2026-06-03 05:47:26.384338
recovered,q2_area,Z4,generator,1316.8587684631348,1,73a58efe-4d30-409f-b965-713cd96254a3,2026-06-03 05:47:26.386242
processed,q4_compare,Z5,cache,114.73941802978516,0,3515c126-c7cd-46f5-bd9b-22c91c096f20,2026-06-03 05:47:26.388373
processed,q1_count,Z4,cache,1.4390945434570312,0,3aa78020-ba4c-499f-874d-df3185785ca7,2026-06-03 05:47:26.576607
retry,q1_count,Z1,,0.0,1,a7181835-5fb1-468b-8ce4-6df91df6b3b9,2026-06-03 05:47:26.676825
processed,q2_area,Z3,cache,1.1086463928222656,0,af55d224-f706-417b-8ca4-91d2c8103510,2026-06-03 05:47:26.677105
processed,q2_area,Z5,cache,1.4772415161132812,0,7701dde8-9f1e-4f39-930a-71f83278335a,2026-06-03 05:47:26.727703
retry,q4_compare,Z4,,0.0,1,fe062400-b6a9-4fc4-a173-f77a7b502ef2,2026-06-03 05:47:26.892944
retry,q1_count,Z4,,0.0,1,879627f4-e3ce-404a-866a-1527632fbc58,2026-06-03 05:47:27.381112
retry,q4_compare,Z5,,0.0,1,388fec7a-88ab-4932-83e4-972869ac4a2a,2026-06-03 05:47:27.397580
retry,q2_area,Z2,,0.0,2,bb3141d8-600d-4ee4-9406-378719fd2288,2026-06-03 05:47:27.683182
retry,q2_area,Z1,,0.0,1,2dd8bd83-124f-4c81-8706-62f6ceabb0bd,2026-06-03 05:47:27.904295
processed,q3_density,Z4,cache,1432.1110248565674,0,20842c38-2613-422c-a639-5e790e78ce54,2026-06-03 05:47:27.906621
processed,q3_density,Z3,generator,785.3825092315674,0,44ef5c9d-114f-4457-bc1d-80dd7befc11c,2026-06-03 05:47:27.912512
processed,q1_count,Z5,cache,1138.8070583343506,0,05f13d2b-8a6b-46d4-95d9-b0b175d2f4aa,2026-06-03 05:47:27.914630
processed,q5_confidence_dist,Z2,cache,738.9581203460693,0,d763957f-6773-431e-8585-1a36c5d61e8a,2026-06-03 05:47:27.916531
retry,q4_compare,Z4,,0.0,2,fe062400-b6a9-4fc4-a173-f77a7b502ef2,2026-06-03 05:47:28.387373
retry,q1_count,Z1,,0.0,2,a7181835-5fb1-468b-8ce4-6df91df6b3b9,2026-06-03 05:47:28.687690
processed,q5_confidence_dist,Z4,cache,2315.69504737854,0,6535b55b-bb80-4766-a422-ed370481fc5b,2026-06-03 05:47:28.689381
processed,q3_density,Z4,cache,2166.45884513855,0,1c3ac07a-4d50-42f9-93e3-d3c692cf4a0f,2026-06-03 05:47:28.690534
processed,q5_confidence_dist,Z1,cache,2067.113161087036,0,4f8a6c42-a859-48c1-8505-cfc8bd193ae6,2026-06-03 05:47:28.691560
processed,q5_confidence_dist,Z3,cache,2369.5311546325684,0,7315a6ad-3ad1-414e-83c5-755fbf77a4f1,2026-06-03 05:47:28.692590
processed,q1_count,Z1,generator,2527.1389484405518,2,a7181835-5fb1-468b-8ce4-6df91df6b3b9,2026-06-03 05:47:28.700192
recovered,q1_count,Z1,generator,2527.1389484405518,2,a7181835-5fb1-468b-8ce4-6df91df6b3b9,2026-06-03 05:47:28.702186
processed,q4_compare,Z5,cache,1777.6546478271484,0,fa67bcf2-9e34-4d5b-806c-c3568ffdc494,2026-06-03 05:47:28.704104
processed,q4_compare,Z1,generator,1634.265661239624,0,6cfde4db-0895-4f98-bd17-4da30afd5552,2026-06-03 05:47:28.711172
processed,q1_count,Z4,cache,631.4356327056885,0,430d9951-f4b6-4abd-a390-069db56b4305,2026-06-03 05:47:28.713344
processed,q4_compare,Z4,cache,1688.3156299591064,0,9ec7e15f-8785-483c-ad8b-673d636cb6c6,2026-06-03 05:47:28.715163
processed,q5_confidence_dist,Z3,cache,886.357307434082,0,004f978e-745b-4c9c-b747-65a2f22141f5,2026-06-03 05:47:28.717100
processed,q5_confidence_dist,Z1,cache,134.4738006591797,0,6ab4d55f-8ca1-490b-8f88-454d6be10367,2026-06-03 05:47:28.718937
processed,q5_confidence_dist,Z1,cache,940.3374195098877,0,edbf4e07-7c24-450d-804c-309aac9a8ce0,2026-06-03 05:47:28.720534
processed,q4_compare,Z2,cache,540.1620864868164,0,115d32df-0b3c-45d7-b388-c6ee9e1c6eaa,2026-06-03 05:47:28.722419
dlq,q4_compare,Z4,,0.0,3,fe062400-b6a9-4fc4-a173-f77a7b502ef2,2026-06-03 05:47:28.726566
processed,q1_count,Z1,cache,1902.554988861084,0,c086e470-f41f-469e-b4db-fff6465dcacd,2026-06-03 05:47:28.728515
retry,q2_area,Z1,,0.0,2,2dd8bd83-124f-4c81-8706-62f6ceabb0bd,2026-06-03 05:47:28.922215
processed,q4_compare,Z4,cache,1043.485403060913,0,6c6bf7ee-3b63-4228-bc1a-0a047f3b81d0,2026-06-03 05:47:28.924352
processed,q2_area,Z3,cache,1196.1913108825684,0,68be78fc-5840-4663-a3f1-a7cf5a8993c2,2026-06-03 05:47:28.926400
dlq,q2_area,Z2,,0.0,3,bb3141d8-600d-4ee4-9406-378719fd2288,2026-06-03 05:47:28.930282
processed,q5_confidence_dist,Z5,cache,1503.4830570220947,0,e64897fa-5b9d-4399-bc28-f3dde35462cc,2026-06-03 05:47:28.932177
processed,q1_count,Z5,cache,1354.6111583709717,0,c8c5f68c-837a-41dd-9d37-f33b7b602f4c,2026-06-03 05:47:28.934041
processed,q3_density,Z1,generator,1310.2786540985107,0,ccb8c53d-da40-4278-a9f9-04f0c8fff4f9,2026-06-03 05:47:28.940142
processed,q5_confidence_dist,Z3,cache,1262.2144222259521,0,7bf090b2-9703-4ea3-bdcf-063f87246344,2026-06-03 05:47:28.942068
processed,q5_confidence_dist,Z4,cache,461.4548683166504,0,665fe5b8-bb59-46c2-b852-e89687eb4e16,2026-06-03 05:47:28.945415
retry,q4_compare,Z5,,0.0,1,593e0fd2-af00-4d8f-b850-b23684e9fc94,2026-06-03 05:47:29.233215
processed,q1_count,Z5,cache,1002.8891563415527,0,7eab267f-aeca-442a-b44f-7d7a0ca545d0,2026-06-03 05:47:29.235653
processed,q5_confidence_dist,Z4,cache,552.6037216186523,0,79831421-2cbd-454c-99d7-6598b24ddc10,2026-06-03 05:47:29.237602
retry,q1_count,Z4,,0.0,2,879627f4-e3ce-404a-866a-1527632fbc58,2026-06-03 05:47:29.391522
processed,q3_density,Z1,cache,2115.6253814697266,0,4e114862-7b92-4aaa-86ab-092ef68f3739,2026-06-03 05:47:29.393767
processed,q2_area,Z3,cache,2067.326068878174,0,3f2596b7-63dd-44df-b5d7-2bd2a55bfc6d,2026-06-03 05:47:29.395718
retry,q1_count,Z3,,0.0,1,020874e7-4435-460b-abef-27a07ee16163,2026-06-03 05:47:29.450577
processed,q2_area,Z5,cache,1170.046091079712,0,aaac2186-64e6-4db0-af9b-16df800d0f8c,2026-06-03 05:47:29.452821
processed,q3_density,Z2,cache,1121.86598777771,0,252427df-4b08-4ee6-a5b3-bfec5d51dab9,2026-06-03 05:47:29.454663
processed,q1_count,Z3,generator,576.6456127166748,1,020874e7-4435-460b-abef-27a07ee16163,2026-06-03 05:47:29.462109
recovered,q1_count,Z3,generator,576.6456127166748,1,020874e7-4435-460b-abef-27a07ee16163,2026-06-03 05:47:29.464196
processed,q1_count,Z4,cache,278.83243560791016,0,5d692736-ac42-49ab-9b01-269f7da518ab,2026-06-03 05:47:29.465952
processed,q5_confidence_dist,Z2,cache,0.9415149688720703,0,ccf662f1-3e4e-4af1-a2ad-a50f9c75b700,2026-06-03 05:47:29.489830
processed,q5_confidence_dist,Z5,cache,1.2111663818359375,0,41a024d4-cc22-4e5e-9012-b1ea91dea2f4,2026-06-03 05:47:29.541061
processed,q2_area,Z5,cache,1.058340072631836,0,12a6ffc7-d7b8-4be1-9236-dc7ded82b340,2026-06-03 05:47:29.640710
processed,q2_area,Z5,cache,1.0807514190673828,0,fe11c4df-b4b7-45f3-aa91-716af9c661eb,2026-06-03 05:47:29.690921
retry,q4_compare,Z5,,0.0,1,25860777-f32f-482e-b800-d5600cb4ebf7,2026-06-03 05:47:29.900333
retry,q4_compare,Z5,,0.0,2,388fec7a-88ab-4932-83e4-972869ac4a2a,2026-06-03 05:47:30.242473
processed,q4_compare,Z5,cache,3267.6656246185303,0,09ad14ea-4731-45d1-b998-9a079844f7dc,2026-06-03 05:47:30.244329
retry,q3_density,Z5,,0.0,1,6505f7cb-0260-4ce9-9e55-b474f7fef3a5,2026-06-03 05:47:30.405717
dlq,q4_compare,Z5,,0.0,3,388fec7a-88ab-4932-83e4-972869ac4a2a,2026-06-03 05:47:30.411222
processed,q4_compare,Z5,generator,3191.3139820098877,1,25860777-f32f-482e-b800-d5600cb4ebf7,2026-06-03 05:47:30.419419
recovered,q4_compare,Z5,generator,3191.3139820098877,1,25860777-f32f-482e-b800-d5600cb4ebf7,2026-06-03 05:47:30.421018
processed,q3_density,Z1,cache,2893.580436706543,0,a6115230-0894-4ed4-844b-f9d799e9e291,2026-06-03 05:47:30.422592
processed,q5_confidence_dist,Z4,cache,1890.0177478790283,0,01e584df-d9d8-4bcc-a163-17344cde4a68,2026-06-03 05:47:30.423997
processed,q2_area,Z1,generator,1091.4430618286133,0,742d4431-7a72-4eaf-9f28-c459369531ab,2026-06-03 05:47:30.429720
processed,q5_confidence_dist,Z2,cache,490.4770851135254,0,aaf4a67f-8cab-499b-8e7d-bbec6f2769f7,2026-06-03 05:47:30.431211
processed,q5_confidence_dist,Z3,cache,291.03636741638184,0,2b473e85-698b-46c2-ad8b-8df4eb92759c,2026-06-03 05:47:30.432699
processed,q5_confidence_dist,Z5,cache,242.22755432128906,0,eb418faf-6b11-4d12-af71-7f546bf7edf1,2026-06-03 05:47:30.434034
processed,q4_compare,Z1,cache,1148.120641708374,0,706d390c-3f46-4d7b-bd4a-ab332a65a4ee,2026-06-03 05:47:30.435303
processed,q5_confidence_dist,Z4,cache,1651.5789031982422,0,be0751dc-4e97-4e75-969c-e44e2988806c,2026-06-03 05:47:30.436576
processed,q5_confidence_dist,Z3,cache,848.7682342529297,0,ee6492ed-8d49-4e1a-b9eb-18d7504beed1,2026-06-03 05:47:30.437808
processed,q3_density,Z3,cache,2960.426092147827,0,c8b3e159-9caa-4087-affe-ee3137ceebb0,2026-06-03 05:47:30.439021
processed,q1_count,Z4,generator,3567.997694015503,2,879627f4-e3ce-404a-866a-1527632fbc58,2026-06-03 05:47:30.444177
recovered,q1_count,Z4,generator,3567.997694015503,2,879627f4-e3ce-404a-866a-1527632fbc58,2026-06-03 05:47:30.445467
processed,q2_area,Z3,cache,2465.860366821289,0,1e39a469-2dc6-47c1-a025-acd9ecb229ad,2026-06-03 05:47:30.446783
processed,q4_compare,Z4,cache,2014.9364471435547,0,379a15bb-d2a4-4fc4-8115-baa70bee64ce,2026-06-03 05:47:30.447895
processed,q3_density,Z3,cache,1061.086654663086,0,4df06742-bff2-4ade-aec8-33bd012d7f4b,2026-06-03 05:47:30.449104
processed,q5_confidence_dist,Z4,cache,1012.0768547058105,0,1b12ce86-3461-4ee3-8a34-3612a366d68c,2026-06-03 05:47:30.450201
processed,q2_area,Z2,cache,2068.690538406372,0,b3f17aee-c55f-44f1-91e5-a45cb6d855d9,2026-06-03 05:47:30.451264
retry,q2_area,Z1,,0.0,1,5c5307e5-f114-4c14-bcf3-2055cfc23e9a,2026-06-03 05:47:30.595982
processed,q4_compare,Z3,cache,54.970741271972656,0,8c2743cb-38bf-4d4c-89c1-bf766bbc90e8,2026-06-03 05:47:30.598441
processed,q5_confidence_dist,Z2,cache,207.10229873657227,0,cb4019eb-37b6-42ae-a11d-5df8f10b6f69,2026-06-03 05:47:30.600351
processed,q1_count,Z3,cache,359.7145080566406,0,98ed0df9-af20-4b42-b77d-95d260b09ea9,2026-06-03 05:47:30.601753
processed,q2_area,Z3,cache,9.356260299682617,0,ce9ac019-cabf-42a6-b667-eef3300c62db,2026-06-03 05:47:30.602984
processed,q5_confidence_dist,Z3,cache,1.0673999786376953,0,7cfdbff5-b7f0-45ba-9afd-00f6bf051f20,2026-06-03 05:47:30.645539
processed,q4_compare,Z5,cache,1.1949539184570312,0,96d31875-0321-4fb0-8a30-eb4c5c7dd9d1,2026-06-03 05:47:30.695921
retry,q3_density,Z5,,0.0,1,602ad694-d3ef-44f3-a7e1-2fa4e31f1fc7,2026-06-03 05:47:30.749013
processed,q5_confidence_dist,Z5,cache,3.9920806884765625,0,497d0868-9aa6-414a-912f-034cdf2bc294,2026-06-03 05:47:30.749307
dlq,q2_area,Z1,,0.0,3,2dd8bd83-124f-4c81-8706-62f6ceabb0bd,2026-06-03 05:47:30.754978
processed,q2_area,Z4,cache,1.3315677642822266,0,976685cd-784a-4d86-918f-40a875aa1983,2026-06-03 05:47:30.796580
retry,q4_compare,Z5,,0.0,1,116a9cbf-7e07-4220-993e-5b3760a91f59,2026-06-03 05:47:30.954953
processed,q5_confidence_dist,Z2,cache,965.6932353973389,0,09a59ebb-f6d3-4634-81ef-37f726ea454e,2026-06-03 05:47:30.956872
processed,q3_density,Z1,cache,917.2136783599854,0,efd41b33-9668-4096-96db-85e8af7247e8,2026-06-03 05:47:30.958261
retry,q1_count,Z2,,0.0,1,86eff313-ed22-4448-8333-da0089738170,2026-06-03 05:47:31.349082
processed,q2_area,Z5,generator,361.03224754333496,0,4e032a3a-36d8-4276-9ff3-88dac74a08b3,2026-06-03 05:47:31.356637
retry,q3_density,Z5,,0.0,1,4aa996f0-d00a-48d1-acb2-eb830a45f0d3,2026-06-03 05:47:31.462380
processed,q3_density,Z5,generator,2833.6920738220215,0,fcc7d8ad-b55c-462e-938e-0260968752a4,2026-06-03 05:47:31.468232
processed,q1_count,Z2,generator,629.812479019165,1,86eff313-ed22-4448-8333-da0089738170,2026-06-03 05:47:31.474680
recovered,q1_count,Z2,generator,629.812479019165,1,86eff313-ed22-4448-8333-da0089738170,2026-06-03 05:47:31.475888
retry,q3_density,Z5,,0.0,2,602ad694-d3ef-44f3-a7e1-2fa4e31f1fc7,2026-06-03 05:47:31.759305
processed,q4_compare,Z5,generator,3735.8038425445557,1,593e0fd2-af00-4d8f-b850-b23684e9fc94,2026-06-03 05:47:31.767273
recovered,q4_compare,Z5,generator,3735.8038425445557,1,593e0fd2-af00-4d8f-b850-b23684e9fc94,2026-06-03 05:47:31.768646
processed,q5_confidence_dist,Z5,cache,2834.341287612915,0,8cbd8d6c-4f2f-4860-b178-214156f436ba,2026-06-03 05:47:31.769946
processed,q5_confidence_dist,Z4,cache,1479.1069030761719,0,2f106969-eea3-457a-8cce-60c50864148a,2026-06-03 05:47:31.771546
processed,q2_area,Z1,generator,1686.3102912902832,1,5c5307e5-f114-4c14-bcf3-2055cfc23e9a,2026-06-03 05:47:31.777748
recovered,q2_area,Z1,generator,1686.3102912902832,1,5c5307e5-f114-4c14-bcf3-2055cfc23e9a,2026-06-03 05:47:31.779653
processed,q3_density,Z5,cache,2945.838451385498,0,994439dd-a8ad-435d-8f9b-436f5671795b,2026-06-03 05:47:31.781363
processed,q5_confidence_dist,Z1,cache,2545.809268951416,0,5dcf45ad-7203-46ea-b098-ace867f9822b,2026-06-03 05:47:31.783064
processed,q4_compare,Z3,cache,1291.2962436676025,0,34859f6e-ba3f-4739-bf03-2f2d57501b06,2026-06-03 05:47:31.784572
processed,q5_confidence_dist,Z3,cache,2649.322271347046,0,150e3dad-51dd-454f-897f-4d6c199c419c,2026-06-03 05:47:31.786027
processed,q4_compare,Z2,cache,1897.0258235931396,0,c79352e7-a9a5-427f-a96a-f8b9035b4494,2026-06-03 05:47:31.788049
processed,q5_confidence_dist,Z4,cache,2049.690008163452,0,26a106c5-ad0d-4fe9-be19-9c728cce027e,2026-06-03 05:47:31.789627
processed,q3_density,Z3,cache,2001.2879371643066,0,5120c53d-40f1-454c-8ad2-db11ab5a96d7,2026-06-03 05:47:31.791737
retry,q1_count,Z3,,0.0,1,d071434e-6b06-47c3-9b53-200759cffc12,2026-06-03 05:47:31.860698
processed,q4_compare,Z3,cache,766.207218170166,0,2cb98a27-14d7-427b-8efd-970b35aa3df9,2026-06-03 05:47:31.862304
processed,q3_density,Z3,cache,266.1862373352051,0,3e6e31db-5fd1-448c-af2d-c25d89250a8d,2026-06-03 05:47:31.864500
retry,q4_compare,Z4,,0.0,1,db274f7c-301e-4570-896e-4f84855f2a0c,2026-06-03 05:47:32.369962
processed,q1_count,Z3,cache,120.8047866821289,0,b02ed76f-bdb6-4c67-9f21-e02445c0f29f,2026-06-03 05:47:32.372749
processed,q3_density,Z5,cache,71.9902515411377,0,899b43db-969b-415e-a178-8077cc804503,2026-06-03 05:47:32.374033
processed,q5_confidence_dist,Z3,cache,22.916555404663086,0,1de2c9d9-cc88-4083-92f5-8f8c33597b3a,2026-06-03 05:47:32.375189
processed,q3_density,Z3,generator,481.15038871765137,0,264e07f3-ee36-4776-af66-22519a9403e0,2026-06-03 05:47:32.380722
processed,q3_density,Z4,cache,331.5141201019287,0,32c569db-1961-4ecd-a6ce-8e326eecd730,2026-06-03 05:47:32.381956
processed,q3_density,Z1,cache,181.73694610595703,0,a61bb73c-cf5d-4d74-92db-2b801bac7e73,2026-06-03 05:47:32.383048
processed,q3_density,Z5,cache,1.3570785522460938,0,0c533303-cc27-44f8-9b82-56d71bbb2f10,2026-06-03 05:47:32.455290
retry,q4_compare,Z5,,0.0,2,116a9cbf-7e07-4220-993e-5b3760a91f59,2026-06-03 05:47:32.479597
processed,q4_compare,Z5,generator,3499.7458457946777,2,116a9cbf-7e07-4220-993e-5b3760a91f59,2026-06-03 05:47:32.486260
recovered,q4_compare,Z5,generator,3499.7458457946777,2,116a9cbf-7e07-4220-993e-5b3760a91f59,2026-06-03 05:47:32.488047
processed,q1_count,Z5,cache,1.1668205261230469,0,0e03a323-b51e-4b79-bac4-529cdecbc100,2026-06-03 05:47:32.655959
retry,q3_density,Z5,,0.0,2,6505f7cb-0260-4ce9-9e55-b474f7fef3a5,2026-06-03 05:47:32.797582
processed,q2_area,Z1,cache,4064.5461082458496,0,9b9ac2da-9194-4b91-ba7f-92f1ad68caf2,2026-06-03 05:47:32.799710
retry,q3_density,Z3,,0.0,1,becd4076-92cf-4bb7-9393-39627a915e39,2026-06-03 05:47:33.304109
processed,q1_count,Z1,cache,4219.293832778931,0,58ecfb93-fa27-44c8-b398-29b0403e057b,2026-06-03 05:47:33.305820
processed,q1_count,Z4,cache,3467.0610427856445,0,41d87308-391f-4c5e-aa37-cb5258f69b91,2026-06-03 05:47:33.307185
processed,q5_confidence_dist,Z3,cache,2966.0587310791016,0,4059efcf-3fe2-4676-aaf5-4dbf79b0eec2,2026-06-03 05:47:33.308364
retry,q4_compare,Z1,,0.0,1,685f09b4-01fa-44c9-8ceb-2a1773dbf7cd,2026-06-03 05:47:33.410654
processed,q4_compare,Z1,generator,513.1492614746094,1,685f09b4-01fa-44c9-8ceb-2a1773dbf7cd,2026-06-03 05:47:33.418610
recovered,q4_compare,Z1,generator,513.1492614746094,1,685f09b4-01fa-44c9-8ceb-2a1773dbf7cd,2026-06-03 05:47:33.420029
retry,q3_density,Z5,,0.0,2,4aa996f0-d00a-48d1-acb2-eb830a45f0d3,2026-06-03 05:47:33.484683
processed,q2_area,Z3,cache,2038.740873336792,0,8677b1f7-6526-4766-a5f1-7c717401388f,2026-06-03 05:47:33.486637
processed,q2_area,Z2,cache,2442.425489425659,0,c7eb790a-4cba-42e2-a558-9784d135c8a7,2026-06-03 05:47:33.488328
processed,q2_area,Z2,cache,2142.589807510376,0,490e8f7f-467a-4266-b089-9fb87603f50d,2026-06-03 05:47:33.489907
retry,q2_area,Z1,,0.0,1,6db0b7b3-8f67-45a6-b4d4-0078a098a13b,2026-06-03 05:47:33.813773
processed,q5_confidence_dist,Z5,cache,2267.2972679138184,0,fc45061c-1832-4633-83d8-b30fa565b647,2026-06-03 05:47:33.815516
processed,q2_area,Z3,cache,2017.7075862884521,0,0397d12c-7eae-4ee0-94aa-4c6a8f07eb2b,2026-06-03 05:47:33.816824
processed,q1_count,Z4,cache,1968.6861038208008,0,a9fcd7c5-6d9a-48a3-966f-ade619270e27,2026-06-03 05:47:33.817925
dlq,q3_density,Z5,,0.0,3,6505f7cb-0260-4ce9-9e55-b474f7fef3a5,2026-06-03 05:47:33.821537
retry,q2_area,Z3,,0.0,1,724c8212-df3d-4a21-a920-a5f25946fc9f,2026-06-03 05:47:33.924292
processed,q5_confidence_dist,Z5,cache,819.1673755645752,0,5272fd7e-1c2a-4eb1-acbd-413458825c9a,2026-06-03 05:47:33.925850
processed,q2_area,Z5,generator,975.5744934082031,0,4d1e4750-56e8-469c-a3cc-6e4d91c4a34e,2026-06-03 05:47:33.931076
retry,q1_count,Z2,,0.0,1,17bb75f0-7a2e-4dd6-908f-47f9bfcd24a0,2026-06-03 05:47:33.994257
processed,q5_confidence_dist,Z4,cache,2799.3733882904053,0,75726972-73c0-408a-86bc-6caac137d2fd,2026-06-03 05:47:33.995811
retry,q2_area,Z2,,0.0,1,b24e2984-5f62-443d-8808-816ed2416576,2026-06-03 05:47:34.436397
processed,q5_confidence_dist,Z1,cache,1130.4211616516113,0,27029304-f97c-46ee-bf83-466306066b31,2026-06-03 05:47:34.437833
processed,q3_density,Z1,cache,1081.4995765686035,0,e41dc688-d222-4dac-99b6-d3c1f1dd8ff1,2026-06-03 05:47:34.439092
retry,q1_count,Z3,,0.0,2,d071434e-6b06-47c3-9b53-200759cffc12,2026-06-03 05:47:34.825959
processed,q3_density,Z4,cache,3882.138252258301,0,2efa4e8c-4e16-4c4e-bbd0-32adf4203475,2026-06-03 05:47:34.827722
processed,q5_confidence_dist,Z2,cache,3683.049440383911,0,153493c9-d7e3-433a-b458-5f9f01142cc8,2026-06-03 05:47:34.829842
processed,q3_density,Z3,cache,3082.242488861084,0,90e23354-87a2-4e2d-85bc-c85470b4ca59,2026-06-03 05:47:34.831788
retry,q1_count,Z2,,0.0,1,a0daaf52-af0b-450d-b756-d338376083f5,2026-06-03 05:47:34.944013
processed,q2_area,Z4,cache,1236.1953258514404,0,385bb6f7-ad37-4896-a17d-a491cc28e9be,2026-06-03 05:47:34.946018
processed,q2_area,Z4,cache,1439.0578269958496,0,2160f0f9-d930-46eb-983f-7f7a41c020ba,2026-06-03 05:47:34.947694
processed,q3_density,Z1,cache,988.9237880706787,0,2cccf96b-0af2-4112-a1d9-53db114679e7,2026-06-03 05:47:34.949825
processed,q4_compare,Z1,generator,795.4654693603516,0,9fca9be9-f277-4310-a681-4854f1706f33,2026-06-03 05:47:34.957262
processed,q1_count,Z3,generator,3715.6448364257812,2,d071434e-6b06-47c3-9b53-200759cffc12,2026-06-03 05:47:34.962742
recovered,q1_count,Z3,generator,3715.6448364257812,2,d071434e-6b06-47c3-9b53-200759cffc12,2026-06-03 05:47:34.963990
processed,q1_count,Z5,cache,452.46362686157227,0,15aa00ec-8fb0-43be-85d0-6fba0e756fc7,2026-06-03 05:47:34.965442
retry,q3_density,Z3,,0.0,2,becd4076-92cf-4bb7-9393-39627a915e39,2026-06-03 05:47:35.001501
processed,q3_density,Z5,generator,6875.27871131897,2,602ad694-d3ef-44f3-a7e1-2fa4e31f1fc7,2026-06-03 05:47:35.007056
recovered,q3_density,Z5,generator,6875.27871131897,2,602ad694-d3ef-44f3-a7e1-2fa4e31f1fc7,2026-06-03 05:47:35.008350
processed,q5_confidence_dist,Z5,cache,1.032114028930664,0,3368007c-3815-4f08-85d1-6cd0a3a19b3b,2026-06-03 05:47:35.016380
retry,q1_count,Z4,,0.0,1,70f612e2-dc2d-4d2c-a98e-b88a20759bb3,2026-06-03 05:47:35.337548
processed,q5_confidence_dist,Z5,cache,3389.1215324401855,0,bd8a688f-6dfa-4f9f-8c37-aea6037c75e2,2026-06-03 05:47:35.339027
processed,q3_density,Z1,cache,3239.4962310791016,0,a8f7efd5-1883-4e17-80f4-1be925ab24fc,2026-06-03 05:47:35.340452
processed,q4_compare,Z4,cache,2939.037084579468,0,3227ecdb-c359-43a7-8e0b-e6e978aebb67,2026-06-03 05:47:35.341605
processed,q3_density,Z3,cache,4447.82829284668,0,2227801a-83a6-490e-a3bc-9f4a503aa4e7,2026-06-03 05:47:35.342629
processed,q3_density,Z2,cache,2539.1275882720947,0,510d6451-5240-4dfb-a5cc-25fb7c4d507f,2026-06-03 05:47:35.343656
processed,q4_compare,Z3,cache,3696.3768005371094,0,f309e4fb-4d4a-477e-815b-9ca2912c4519,2026-06-03 05:47:35.344701
retry,q1_count,Z2,,0.0,1,7e285c08-9576-4f89-bf12-c7e5c0f67b44,2026-06-03 05:47:35.512505
processed,q1_count,Z2,cache,3010.751247406006,0,6b5f464f-9172-4e0c-9c33-6201f3c1d741,2026-06-03 05:47:35.514119
processed,q3_density,Z3,cache,2811.206340789795,0,408f99ef-654f-4464-bc3a-46d784ffb482,2026-06-03 05:47:35.515367
processed,q3_density,Z1,cache,2912.827730178833,0,2db61075-9b93-4f6b-9a34-7008221b2a68,2026-06-03 05:47:35.516606
processed,q5_confidence_dist,Z3,cache,2512.068748474121,0,6c47ff79-4ca2-4b4d-af8a-f4d30f37517b,2026-06-03 05:47:35.517874
processed,q5_confidence_dist,Z5,cache,3820.385694503784,0,6e2f5d5c-e3c3-4b96-8bff-39fd83d11adc,2026-06-03 05:47:35.518909
processed,q1_count,Z1,cache,2765.615463256836,0,87dd9d62-f226-4578-901c-8999cea9c0ab,2026-06-03 05:47:35.519935
processed,q1_count,Z2,cache,2464.985132217407,0,c817e66d-b26e-40c3-bcb6-b57139bd77b1,2026-06-03 05:47:35.520965
processed,q2_area,Z5,cache,2365.3931617736816,0,852d6497-b5a2-4b5f-9d52-caa5a7673255,2026-06-03 05:47:35.522017
retry,q4_compare,Z3,,0.0,1,8ec4a27f-6a11-48ae-ab23-792522eb7082,2026-06-03 05:47:35.569727
processed,q1_count,Z2,generator,3576.268434524536,1,7e285c08-9576-4f89-bf12-c7e5c0f67b44,2026-06-03 05:47:35.576773
recovered,q1_count,Z2,generator,3576.268434524536,1,7e285c08-9576-4f89-bf12-c7e5c0f67b44,2026-06-03 05:47:35.578206
retry,q4_compare,Z4,,0.0,1,4b001472-8c52-46d5-bb73-6f47620e6ce3,2026-06-03 05:47:36.025754
processed,q3_density,Z2,cache,2368.306875228882,0,d6f8e6e5-9be6-48ad-b8cd-89199ce0c946,2026-06-03 05:47:36.027602
retry,q2_area,Z1,,0.0,2,6db0b7b3-8f67-45a6-b4d4-0078a098a13b,2026-06-03 05:47:36.350509
retry,q1_count,Z4,,0.0,2,70f612e2-dc2d-4d2c-a98e-b88a20759bb3,2026-06-03 05:47:36.582493
retry,q2_area,Z1,,0.0,1,20cff44f-0c20-4bbd-81a1-f7194a0f61ca,2026-06-03 05:47:36.855893
processed,q1_count,Z3,cache,2294.2862510681152,0,af2427ca-a084-4ae7-b6b1-ccbe6179ded3,2026-06-03 05:47:36.857750
retry,q4_compare,Z4,,0.0,2,db274f7c-301e-4570-896e-4f84855f2a0c,2026-06-03 05:47:37.031878
processed,q2_area,Z3,generator,3831.6292762756348,1,724c8212-df3d-4a21-a920-a5f25946fc9f,2026-06-03 05:47:37.039429
recovered,q2_area,Z3,generator,3831.6292762756348,1,724c8212-df3d-4a21-a920-a5f25946fc9f,2026-06-03 05:47:37.041015
processed,q1_count,Z2,cache,6599.56693649292,1,17bb75f0-7a2e-4dd6-908f-47f9bfcd24a0,2026-06-03 05:47:37.042502
processed,q5_confidence_dist,Z2,cache,4892.672061920166,0,900e74c5-019d-4c35-8395-f7853512695b,2026-06-03 05:47:37.043815
processed,q5_confidence_dist,Z1,cache,3134.960889816284,0,a7e5196b-636d-4caa-9b02-ed8b2e3348d1,2026-06-03 05:47:37.045079
processed,q5_confidence_dist,Z3,cache,4191.422700881958,0,fb247bc9-87ce-4324-9394-3359449d958b,2026-06-03 05:47:37.046189
processed,q1_count,Z2,cache,3438.6842250823975,0,97c364bc-b06b-459f-adba-07b913e515e4,2026-06-03 05:47:37.047264
processed,q1_count,Z2,generator,2692.1942234039307,1,a0daaf52-af0b-450d-b756-d338376083f5,2026-06-03 05:47:37.054319
recovered,q1_count,Z2,generator,2692.1942234039307,1,a0daaf52-af0b-450d-b756-d338376083f5,2026-06-03 05:47:37.055447
processed,q2_area,Z1,generator,3601.989984512329,1,20cff44f-0c20-4bbd-81a1-f7194a0f61ca,2026-06-03 05:47:37.060105
recovered,q2_area,Z1,generator,3601.989984512329,1,20cff44f-0c20-4bbd-81a1-f7194a0f61ca,2026-06-03 05:47:37.061262
processed,q1_count,Z4,cache,2951.5140056610107,0,55cd3db6-cd8c-4f67-8302-67c62276dea1,2026-06-03 05:47:37.062396
processed,q2_area,Z3,generator,193.96281242370605,0,5d6cba5e-06f5-498a-a3c7-9c3ad8a721e3,2026-06-03 05:47:37.067601
dlq,q2_area,Z1,,0.0,3,6db0b7b3-8f67-45a6-b4d4-0078a098a13b,2026-06-03 05:47:37.070552
processed,q4_compare,Z4,generator,5579.088449478149,2,db274f7c-301e-4570-896e-4f84855f2a0c,2026-06-03 05:47:37.077035
recovered,q4_compare,Z4,generator,5579.088449478149,2,db274f7c-301e-4570-896e-4f84855f2a0c,2026-06-03 05:47:37.078273
processed,q3_density,Z3,cache,2868.103265762329,0,1a4abb14-326e-4f4e-b4b3-64c5feec802f,2026-06-03 05:47:37.079493
processed,q5_confidence_dist,Z3,cache,1513.169765472412,0,88c639dd-870f-4ca0-8394-743b8c6fec98,2026-06-03 05:47:37.080576
retry,q1_count,Z3,,0.0,1,847307e9-21ed-4ce3-ba6a-1667ac0ece80,2026-06-03 05:47:37.088300
processed,q1_count,Z4,generator,1727.221965789795,0,eacd9807-2c65-49ea-a52c-af34b8a58960,2026-06-03 05:47:37.094005
processed,q2_area,Z3,cache,1428.9665222167969,0,6fbe3375-0827-4bf0-aa0d-fee6b3741899,2026-06-03 05:47:37.097141
retry,q2_area,Z2,,0.0,1,7af06e66-e51a-4dee-935d-1d506717cb9a,2026-06-03 05:47:37.361773
processed,q3_density,Z5,cache,9432.455778121948,2,4aa996f0-d00a-48d1-acb2-eb830a45f0d3,2026-06-03 05:47:37.363213
retry,q4_compare,Z2,,0.0,1,033b132d-71f1-4f17-bf54-ebfb09e2a1e1,2026-06-03 05:47:37.601881
processed,q3_density,Z1,cache,579.0057182312012,0,150efdc4-2c6d-4312-8c42-3ee751624c21,2026-06-03 05:47:37.604073
processed,q5_confidence_dist,Z3,cache,1635.8518600463867,0,5e81cc8a-ccc9-4f8c-a3e3-579c43986b72,2026-06-03 05:47:37.605829
retry,q4_compare,Z3,,0.0,2,8ec4a27f-6a11-48ae-ab23-792522eb7082,2026-06-03 05:47:38.084316
processed,q4_compare,Z4,generator,5539.60657119751,1,4b001472-8c52-46d5-bb73-6f47620e6ce3,2026-06-03 05:47:38.093418
recovered,q4_compare,Z4,generator,5539.60657119751,1,4b001472-8c52-46d5-bb73-6f47620e6ce3,2026-06-03 05:47:38.094676
processed,q1_count,Z2,cache,3231.4023971557617,0,93a8d0d9-6a32-4a30-bc01-78ea4a321850,2026-06-03 05:47:38.095912
processed,q1_count,Z3,cache,3282.850980758667,0,f2f78595-6629-49e2-983f-9ec88c9ef96b,2026-06-03 05:47:38.097037
processed,q3_density,Z1,cache,2932.414770126343,0,de61e3a0-ea73-46ed-b2fc-f85ca416ef27,2026-06-03 05:47:38.098104
processed,q5_confidence_dist,Z3,cache,2481.518030166626,0,0ad20793-5992-4699-8487-ecb494cf932f,2026-06-03 05:47:38.099113
processed,q3_density,Z3,cache,1578.1691074371338,0,79d36808-ec55-4157-a9eb-8efc7b983b00,2026-06-03 05:47:38.100109
retry,q4_compare,Z4,,0.0,1,b35f7a31-5636-4953-96f9-dc76cdbeae9c,2026-06-03 05:47:38.110846
processed,q3_density,Z4,cache,1338.9332294464111,0,4994bb54-8894-4356-9ec2-89c15487ff08,2026-06-03 05:47:38.112194
processed,q5_confidence_dist,Z3,cache,2344.878911972046,0,1be0649d-21ed-4f44-b527-5c26a8eb4c29,2026-06-03 05:47:38.113364
retry,q2_area,Z2,,0.0,2,b24e2984-5f62-443d-8808-816ed2416576,2026-06-03 05:47:38.382547
dlq,q3_density,Z3,,0.0,3,becd4076-92cf-4bb7-9393-39627a915e39,2026-06-03 05:47:38.386428
processed,q3_density,Z5,cache,3121.476650238037,0,62c1a996-3b16-4e77-a574-7e5c1a96a9cf,2026-06-03 05:47:38.387628
processed,q1_count,Z1,cache,4629.333019256592,0,6349a0bc-5182-4b09-abd2-16dca3ef2f71,2026-06-03 05:47:38.388677
processed,q2_area,Z1,cache,3977.540969848633,0,2ccb228e-47d1-48c5-9136-46f15088819f,2026-06-03 05:47:38.389656
processed,q1_count,Z2,cache,4983.014345169067,0,39348123-204a-42ff-afb1-cfe55fad7663,2026-06-03 05:47:38.391080
processed,q3_density,Z1,cache,4833.9598178863525,0,666f0044-6db5-4763-a702-53be22124eaf,2026-06-03 05:47:38.392380
processed,q2_area,Z4,cache,3679.811477661133,0,9d8fd2bb-bc46-4174-83b4-e109d35a0a72,2026-06-03 05:47:38.393773
processed,q1_count,Z1,cache,4585.245132446289,0,c8601d2c-642e-4764-a84d-518422602489,2026-06-03 05:47:38.394766
processed,q1_count,Z2,cache,3481.1949729919434,0,d34ee8b5-211e-47f0-82bb-a8b51c976026,2026-06-03 05:47:38.396071
processed,q1_count,Z3,generator,3185.127019882202,0,29bbd624-7401-4a8c-9fa9-edfc9ca41cd9,2026-06-03 05:47:38.401067
processed,q4_compare,Z1,generator,4547.258615493774,0,efe49bc0-fb58-4a67-a3cc-fe0450e397a8,2026-06-03 05:47:38.407542
processed,q1_count,Z2,cache,3745.3975677490234,0,55f52c58-0e4d-4659-ad6c-4c7b7219afcf,2026-06-03 05:47:38.408960
processed,q4_compare,Z4,cache,3294.684648513794,0,5595925b-3c83-473c-8c6c-246334e81246,2026-06-03 05:47:38.410512
processed,q3_density,Z1,cache,3095.3526496887207,0,ecb2f565-c103-4e63-8242-5e8a5d25ccb0,2026-06-03 05:47:38.411850
retry,q1_count,Z5,,0.0,1,4dccce00-3450-4610-83bd-26b5f21cd16c,2026-06-03 05:47:38.604142
processed,q2_area,Z1,generator,4599.3332862854,0,ca725fd6-afb0-4e94-bd54-0ce21d6822de,2026-06-03 05:47:38.610069
processed,q4_compare,Z1,cache,4349.7865200042725,0,883604b4-5c41-447c-810a-9a52a7f77586,2026-06-03 05:47:38.611578
processed,q2_area,Z4,cache,3095.5264568328857,0,ad0711bb-65dc-4b54-8cdf-085302675642,2026-06-03 05:47:38.612857
retry,q1_count,Z4,,0.0,1,ec1a9ff3-7f98-4a44-b2ee-c5cf8ecb6892,2026-06-03 05:47:38.617259
processed,q2_area,Z5,generator,3652.3358821868896,0,a7719158-8385-475d-ae55-fcb096842e56,2026-06-03 05:47:38.617303
processed,q4_compare,Z5,cache,1694.871425628662,0,14311805-898b-4783-a09a-32795fc571e9,2026-06-03 05:47:38.618695
processed,q5_confidence_dist,Z3,cache,4559.168815612793,0,1e4979b5-fa6b-41a0-ae25-65c9e03c263d,2026-06-03 05:47:38.619842
dlq,q1_count,Z4,,0.0,3,70f612e2-dc2d-4d2c-a98e-b88a20759bb3,2026-06-03 05:47:38.620452
processed,q3_density,Z3,cache,2501.5201568603516,0,862939ad-b6f1-419d-9d9a-8d6827a7b9c4,2026-06-03 05:47:38.621941
processed,q4_compare,Z2,cache,2904.8070907592773,0,c55c1dbb-31c2-4f70-8e3a-142934447d5c,2026-06-03 05:47:38.623333
processed,q2_area,Z2,generator,5372.118949890137,2,b24e2984-5f62-443d-8808-816ed2416576,2026-06-03 05:47:38.629774
recovered,q2_area,Z2,generator,5372.118949890137,2,b24e2984-5f62-443d-8808-816ed2416576,2026-06-03 05:47:38.631201
processed,q1_count,Z5,generator,1663.1708145141602,1,4dccce00-3450-4610-83bd-26b5f21cd16c,2026-06-03 05:47:38.638042
recovered,q1_count,Z5,generator,1663.1708145141602,1,4dccce00-3450-4610-83bd-26b5f21cd16c,2026-06-03 05:47:38.639577
processed,q2_area,Z4,cache,1465.8963680267334,0,aa9d3e79-7bfa-4f20-9544-792f653c832b,2026-06-03 05:47:38.641100
processed,q2_area,Z2,generator,918.8921451568604,0,1619ce88-5d94-408b-b16b-de2c7427eb27,2026-06-03 05:47:38.646340
processed,q1_count,Z4,generator,370.60046195983887,0,05f834f5-fe8e-4d64-b471-1a3624eab008,2026-06-03 05:47:38.650730
processed,q5_confidence_dist,Z2,cache,271.4219093322754,0,adc4b47f-a82b-4283-abf8-2ceaf17805d7,2026-06-03 05:47:38.651951
processed,q2_area,Z2,cache,121.87790870666504,0,cc03ee4c-31af-4729-b36b-4fd77ffa0dc4,2026-06-03 05:47:38.653149
processed,q1_count,Z1,cache,23.38552474975586,0,52cdbeb1-8830-4784-a574-ed72faef3800,2026-06-03 05:47:38.655155
processed,q1_count,Z1,cache,1.2133121490478516,0,df1372f1-c5f4-4c1c-8b62-6cee2117d58f,2026-06-03 05:47:38.733956
retry,q1_count,Z5,,0.0,1,08db9ed1-7cc8-4d3c-9d2f-e3a3f9a18b49,2026-06-03 05:47:39.123615
processed,q1_count,Z5,cache,2854.224443435669,0,ea085cca-63e7-4e81-9aaa-3d436885bc1c,2026-06-03 05:47:39.125451
processed,q1_count,Z1,cache,2805.6626319885254,0,d2afe682-dbd0-4f44-94d6-36bef33bb03f,2026-06-03 05:47:39.126861
processed,q1_count,Z5,cache,2706.437110900879,0,8d4b8c84-41a8-4952-ade2-65ea22559082,2026-06-03 05:47:39.127960
processed,q2_area,Z5,cache,4666.604995727539,0,7024a156-e552-4d43-b9f5-a76a7af693e8,2026-06-03 05:47:39.129042
processed,q1_count,Z2,cache,4366.205215454102,0,4bb757af-755d-4abe-a60c-63cf86ea137b,2026-06-03 05:47:39.130114
processed,q1_count,Z1,cache,3262.253999710083,0,552aa82d-2c97-45ed-aa66-1e188823c846,2026-06-03 05:47:39.131178
processed,q1_count,Z4,cache,2409.3267917633057,0,2543ed5c-9859-49cd-b218-bfcb65197343,2026-06-03 05:47:39.132220
dlq,q4_compare,Z3,,0.0,3,8ec4a27f-6a11-48ae-ab23-792522eb7082,2026-06-03 05:47:39.137522
retry,q4_compare,Z2,,0.0,1,967b65aa-f998-47d2-96d9-b27b44728b98,2026-06-03 05:47:39.287942
processed,q1_count,Z5,cache,4978.5215854644775,1,08db9ed1-7cc8-4d3c-9d2f-e3a3f9a18b49,2026-06-03 05:47:39.290994
processed,q1_count,Z2,cache,359.1885566711426,0,0fda0b52-90b5-469b-b2c0-bceb3f2318cd,2026-06-03 05:47:39.292419
processed,q1_count,Z5,cache,310.40048599243164,0,f09be156-c3d2-4f3a-bca7-123b3de4786e,2026-06-03 05:47:39.293753
retry,q2_area,Z2,,0.0,2,7af06e66-e51a-4dee-935d-1d506717cb9a,2026-06-03 05:47:39.417815
processed,q4_compare,Z4,generator,6.916046142578125,0,e533eeba-e388-4e6f-9f7a-060ee2211440,2026-06-03 05:47:39.492677
processed,q4_compare,Z1,cache,1.0862350463867188,0,7f4c04de-5e0e-413c-9a36-89097e368223,2026-06-03 05:47:39.537260
processed,q1_count,Z4,cache,1.0488033294677734,0,da200be8-e279-40f7-8ba9-8d05b6be40a4,2026-06-03 05:47:39.738089
processed,q3_density,Z3,cache,1.0638236999511719,0,83409b37-42e1-4c51-a3e6-0b9154ca8f9e,2026-06-03 05:47:39.788637
processed,q5_confidence_dist,Z1,cache,1.1947154998779297,0,36e7c0d4-c44f-4b6d-a03c-ccc2f45b81f5,2026-06-03 05:47:39.888927
processed,q4_compare,Z4,generator,7.459402084350586,0,e93e602c-5ba5-4b0c-baf5-250ec3993da5,2026-06-03 05:47:40.046031
processed,q1_count,Z3,cache,0.9791851043701172,0,ed526187-ec2d-44e7-bef3-cc1efc20d0f7,2026-06-03 05:47:40.089512
processed,q3_density,Z2,cache,1.0752677917480469,0,2aaaf8f4-c64c-4d96-85df-490eb1878434,2026-06-03 05:47:40.140288
retry,q4_compare,Z4,,0.0,2,b35f7a31-5636-4953-96f9-dc76cdbeae9c,2026-06-03 05:47:40.142352
processed,q5_confidence_dist,Z3,cache,2466.5396213531494,0,accaa407-cc9c-42fb-9487-1221f65a0b51,2026-06-03 05:47:40.144333
dlq,q4_compare,Z4,,0.0,3,b35f7a31-5636-4953-96f9-dc76cdbeae9c,2026-06-03 05:47:40.146651
processed,q2_area,Z5,cache,1112.2009754180908,0,3970144e-cce0-40e4-9ccd-46137e0d878a,2026-06-03 05:47:40.146695
processed,q4_compare,Z5,cache,2622.077703475952,0,e9623db7-1caa-4d18-acdf-8e88538e6e20,2026-06-03 05:47:40.149154
processed,q3_density,Z2,cache,2875.1165866851807,0,906326ea-7091-45bc-94b9-4f81427d3f30,2026-06-03 05:47:40.150831
processed,q2_area,Z1,cache,3027.362823486328,0,5bd9c964-9bcd-4ecc-8904-c7a8396b8564,2026-06-03 05:47:40.152079
processed,q3_density,Z5,cache,1.3585090637207031,0,5f1202b0-4830-46f0-b545-deb6eca78867,2026-06-03 05:47:40.291814
processed,q1_count,Z1,cache,1.558065414428711,0,2d6b0c0a-5f5a-4aeb-9b98-28438607c590,2026-06-03 05:47:40.392545
retry,q4_compare,Z2,,0.0,2,033b132d-71f1-4f17-bf54-ebfb09e2a1e1,2026-06-03 05:47:40.422414
processed,q5_confidence_dist,Z2,cache,4604.992389678955,0,426bf419-724b-4de9-96fb-1950602cbe28,2026-06-03 05:47:40.424279
processed,q5_confidence_dist,Z2,cache,4255.122900009155,0,10363b48-ec88-4121-8f57-44c3e22ae029,2026-06-03 05:47:40.425564
processed,q4_compare,Z5,cache,3804.224729537964,0,d39e363f-f68f-4b4d-adf5-7ce1c0061d33,2026-06-03 05:47:40.427083
retry,q1_count,Z5,,0.0,1,8d96f42a-a7c1-461f-9000-31fb07dd00e5,2026-06-03 05:47:40.656194
processed,q2_area,Z2,cache,1975.656509399414,0,7ae40237-1760-42e7-85f9-2eff7b6a69eb,2026-06-03 05:47:40.657753
processed,q5_confidence_dist,Z1,cache,2630.152463912964,0,cda253b8-b732-4fb8-b23b-54903a693fde,2026-06-03 05:47:40.658981
processed,q4_compare,Z5,generator,2084.186792373657,0,ee30bbbc-2c85-4bd6-b421-06305c74c5ad,2026-06-03 05:47:40.665916
processed,q5_confidence_dist,Z2,cache,2738.851308822632,0,e436eb8d-598b-4006-b51d-82343b26375b,2026-06-03 05:47:40.667226
processed,q1_count,Z2,cache,1835.7348442077637,0,a2cdcd03-33a5-4f44-bca2-95e558d76a1d,2026-06-03 05:47:40.668313
processed,q1_count,Z1,cache,1585.7429504394531,0,c22e0bfe-1aee-4eeb-aec5-ac64a0cd1359,2026-06-03 05:47:40.669358
processed,q5_confidence_dist,Z1,cache,3596.0166454315186,0,9668b8df-b3a3-40dc-8cd0-0e4979c56dd0,2026-06-03 05:47:40.670397
processed,q2_area,Z4,cache,3345.987558364868,0,bca59e70-982c-41b3-a604-85ff03e3d887,2026-06-03 05:47:40.671411
processed,q5_confidence_dist,Z4,cache,2593.449831008911,0,c95ff7e8-ce01-4e12-a8b5-2ae4ee3b2e85,2026-06-03 05:47:40.672801
processed,q4_compare,Z2,cache,2444.139003753662,0,486ca15f-72b6-426d-9d17-c63d4a1574be,2026-06-03 05:47:40.673847
processed,q4_compare,Z2,generator,4461.323022842407,2,033b132d-71f1-4f17-bf54-ebfb09e2a1e1,2026-06-03 05:47:40.682638
recovered,q4_compare,Z2,generator,4461.323022842407,2,033b132d-71f1-4f17-bf54-ebfb09e2a1e1,2026-06-03 05:47:40.684294
processed,q1_count,Z4,generator,349.437952041626,0,7a298519-5b3d-4979-bf96-0b3a75c4e0b1,2026-06-03 05:47:40.689041
processed,q2_area,Z1,cache,1455.923080444336,0,c0ac139f-3d4c-4644-aa44-cf435730a429,2026-06-03 05:47:40.690300
processed,q1_count,Z3,cache,854.5873165130615,0,894b5142-b4fe-4acf-a7f4-b8c9ce82a16b,2026-06-03 05:47:40.691713
processed,q1_count,Z4,cache,755.5391788482666,0,1b494008-2fdf-4559-998c-857a4d172081,2026-06-03 05:47:40.693215
processed,q1_count,Z4,cache,254.57406044006348,0,cd0d7269-684e-48b3-9194-410e4f8eb403,2026-06-03 05:47:40.694573
processed,q3_density,Z2,generator,1565.2034282684326,0,2aabab3e-562f-419a-b782-2289f51c8c0f,2026-06-03 05:47:40.699220
processed,q4_compare,Z4,cache,712.7828598022461,0,caf0cff4-abde-4564-8731-000ee7b7bb54,2026-06-03 05:47:40.700483
processed,q4_compare,Z4,generator,165.2238368988037,0,ee6aa40b-d0a4-4ae8-8102-5aada195d0e9,2026-06-03 05:47:40.705586
processed,q5_confidence_dist,Z1,cache,66.09439849853516,0,d23d1b3a-7953-4cfc-a22a-56dab2bded0b,2026-06-03 05:47:40.706841
processed,q4_compare,Z5,cache,1.1951923370361328,0,7e31885f-607b-47b9-adbf-132985a0fcc8,2026-06-03 05:47:40.742897
processed,q1_count,Z1,cache,1.0709762573242188,0,3c3c936b-ef71-4047-a97a-21bd47ef8976,2026-06-03 05:47:40.843248
retry,q4_compare,Z4,,0.0,1,dd7b5ff2-ed47-4dec-9da6-8642efe14644,2026-06-03 05:47:40.931800
processed,q3_density,Z5,cache,3457.034111022949,0,deefc91e-eb64-4f32-b2e1-e1aa0ab2f3a7,2026-06-03 05:47:40.933472
retry,q1_count,Z2,,0.0,1,3c1d7edc-1f6a-4935-9e4e-144ae5b4fb39,2026-06-03 05:47:41.210813
processed,q1_count,Z3,generator,1932.1637153625488,0,99669f6c-2651-4623-9c8b-dba0d8a95785,2026-06-03 05:47:41.217141
retry,q4_compare,Z5,,0.0,1,0a5b9ab9-5cab-4914-af96-80d6cc7febc8,2026-06-03 05:47:41.437566
processed,q3_density,Z4,cache,3611.143112182617,0,8fe245e2-6611-4690-8861-74a81d0f3976,2026-06-03 05:47:41.439280
processed,q1_count,Z4,cache,3311.2452030181885,0,370f4662-3ca4-4f6a-aee8-95edd25099b6,2026-06-03 05:47:41.440757
processed,q1_count,Z3,cache,6025.065898895264,1,847307e9-21ed-4ce3-ba6a-1667ac0ece80,2026-06-03 05:47:41.442122
processed,q5_confidence_dist,Z5,cache,3113.1889820098877,0,199b7a91-09b9-4977-b97d-cd9b6d6b5ece,2026-06-03 05:47:41.443863
processed,q2_area,Z5,cache,4772.344350814819,0,c59dfe0c-4d07-4bc8-96d9-e1705b23bf26,2026-06-03 05:47:41.445394
processed,q2_area,Z3,cache,4020.8311080932617,0,822f9a6a-7e70-4b49-85e9-8a954bc1ffa6,2026-06-03 05:47:41.447274
processed,q5_confidence_dist,Z5,cache,3570.5461502075195,0,3b308540-5610-42fd-ae23-098249d17509,2026-06-03 05:47:41.449132
processed,q1_count,Z3,cache,5983.457803726196,0,8a706de8-6405-4631-924c-e73f143e0320,2026-06-03 05:47:41.451107
processed,q4_compare,Z5,generator,5086.924076080322,0,0412b286-074b-43a4-8d1e-b7da7c69fc20,2026-06-03 05:47:41.459328
retry,q3_density,Z3,,0.0,1,212cf176-a6ae-4370-b30e-74e4540c2770,2026-06-03 05:47:41.722501
processed,q5_confidence_dist,Z2,cache,581.2630653381348,0,26428526-4cbd-4584-ac37-3e997b20c4c1,2026-06-03 05:47:41.724912
processed,q2_area,Z5,cache,834.5108032226562,0,9d9c2741-531a-45e9-a7a5-930ccec58bb4,2026-06-03 05:47:41.727025
retry,q4_compare,Z4,,0.0,2,dd7b5ff2-ed47-4dec-9da6-8642efe14644,2026-06-03 05:47:41.935105
processed,q4_compare,Z4,generator,4567.837476730347,2,dd7b5ff2-ed47-4dec-9da6-8642efe14644,2026-06-03 05:47:41.943837
recovered,q4_compare,Z4,generator,4567.837476730347,2,dd7b5ff2-ed47-4dec-9da6-8642efe14644,2026-06-03 05:47:41.945241
processed,q4_compare,Z1,generator,356.4021587371826,0,ee39948f-4a67-42d6-bffb-d697c901afe4,2026-06-03 05:47:41.951694
processed,q2_area,Z1,cache,910.4065895080566,0,4e9057cc-dc0b-4cac-b1cb-20daeb8f600c,2026-06-03 05:47:41.952989
processed,q5_confidence_dist,Z2,cache,760.932445526123,0,6051aeaa-02e6-4cd7-ac1b-2fc9707f94bc,2026-06-03 05:47:41.954442
processed,q4_compare,Z1,cache,963.2561206817627,0,7c2d8091-b867-451c-8e83-39627d731e04,2026-06-03 05:47:41.955664
processed,q4_compare,Z5,generator,568.6900615692139,0,bf696797-6cf6-448f-8566-d39ed8419811,2026-06-03 05:47:41.963208
retry,q4_compare,Z3,,0.0,1,4bbd41bf-8ee7-401a-88a2-27447dacb667,2026-06-03 05:47:41.964962
processed,q1_count,Z4,cache,168.38550567626953,0,f2640cc9-9353-4ecd-9808-2defd9cf5bcf,2026-06-03 05:47:41.964998
processed,q2_area,Z5,cache,3786.781072616577,0,e03b58c4-4e08-41df-9a5d-974ddc586733,2026-06-03 05:47:41.966597
processed,q5_confidence_dist,Z5,cache,672.8007793426514,0,afcfcec6-32fc-4262-a8d1-c1fdef625443,2026-06-03 05:47:41.966631
processed,q4_compare,Z4,cache,1025.9485244750977,0,ef021acf-45ec-45fa-b4dc-ba6c89dc9dcb,2026-06-03 05:47:41.968262
processed,q4_compare,Z1,cache,726.0162830352783,0,c3195f76-da67-40dd-9f74-f9452b648d80,2026-06-03 05:47:41.969423
processed,q5_confidence_dist,Z4,cache,1.3041496276855469,0,59399192-4569-4c1e-9d1e-63c0e1eb22d8,2026-06-03 05:47:42.049355
processed,q1_count,Z5,cache,1.1510848999023438,0,5996335f-01dd-4bde-9c59-3d4c6b74f70c,2026-06-03 05:47:42.149648
processed,q5_confidence_dist,Z3,cache,1.1169910430908203,0,97a073b9-67d8-4394-b120-901c23bb4697,2026-06-03 05:47:42.249932
retry,q2_area,Z1,,0.0,1,6ff6dd82-16d8-497c-82dd-d72bf70e85c7,2026-06-03 05:47:42.470937
processed,q4_compare,Z2,cache,5247.198820114136,0,1bd6d9a9-51bb-4206-8836-2e5c90f6431f,2026-06-03 05:47:42.472992
processed,q3_density,Z2,cache,4847.37753868103,0,02c9f89b-d121-4ab9-887f-935c68aead1d,2026-06-03 05:47:42.474344
processed,q3_density,Z5,cache,4496.936082839966,0,a1efcf2f-56fb-49da-bf9f-15fe22c3d370,2026-06-03 05:47:42.475835
processed,q1_count,Z3,cache,6407.1831703186035,0,8f79c450-f2bb-4b20-b3d1-913b77decd64,2026-06-03 05:47:42.477743
processed,q3_density,Z3,generator,4705.790996551514,0,5e1d8d5c-93ba-40c6-8921-3126bf8bfd89,2026-06-03 05:47:42.483483
processed,q4_compare,Z2,generator,3709.4266414642334,1,967b65aa-f998-47d2-96d9-b27b44728b98,2026-06-03 05:47:42.492105
recovered,q4_compare,Z2,generator,3709.4266414642334,1,967b65aa-f998-47d2-96d9-b27b44728b98,2026-06-03 05:47:42.493359
processed,q1_count,Z4,cache,6474.87735748291,1,ec1a9ff3-7f98-4a44-b2ee-c5cf8ecb6892,2026-06-03 05:47:42.494567
retry,q4_compare,Z5,,0.0,2,0a5b9ab9-5cab-4914-af96-80d6cc7febc8,2026-06-03 05:47:42.733682
processed,q1_count,Z2,cache,1391.5066719055176,0,7babc843-d3bb-4436-8a2d-96777fabcc17,2026-06-03 05:47:42.736299
processed,q2_area,Z5,cache,1192.9500102996826,0,f1b0367d-1510-4138-9998-44d14a51a2de,2026-06-03 05:47:42.738579
processed,q5_confidence_dist,Z1,cache,1044.3949699401855,0,ad5296bf-fa7f-445a-a9cb-5f9f9c94a81e,2026-06-03 05:47:42.740598
processed,q1_count,Z5,cache,1096.6246128082275,0,9b3487d9-4685-4bf9-9826-235996700e7f,2026-06-03 05:47:42.742727
processed,q5_confidence_dist,Z2,cache,1249.5393753051758,0,6fc442f2-e93f-4353-88d2-ee7bfab3ffa8,2026-06-03 05:47:42.744507
processed,q2_area,Z1,cache,1301.7280101776123,0,e00a95b1-607c-4388-883b-265f4ff5b37c,2026-06-03 05:47:42.746970
processed,q5_confidence_dist,Z3,cache,853.503942489624,0,60536eec-81d0-434e-9b0c-40111c75a91a,2026-06-03 05:47:42.750560
processed,q3_density,Z1,cache,553.8632869720459,0,527eec6c-928f-4c69-9912-ad4e753f3c1f,2026-06-03 05:47:42.752232
processed,q2_area,Z3,cache,204.09655570983887,0,adc3dc3c-4295-4a9a-8d04-ac33973d083a,2026-06-03 05:47:42.754305
processed,q5_confidence_dist,Z1,cache,105.63015937805176,0,2af39a7e-709d-4861-9a4f-e90b14489037,2026-06-03 05:47:42.756476
processed,q1_count,Z2,cache,459.4097137451172,0,3a6e8f5e-214e-41a5-a4c2-f2a30af603d2,2026-06-03 05:47:42.758505
processed,q3_density,Z2,cache,1013.8847827911377,0,e9332872-aa10-48c8-9e1c-5baa8a33e3d1,2026-06-03 05:47:42.760076
processed,q3_density,Z3,cache,161.71741485595703,0,8bbe52d7-9a00-46b5-98b5-210ab5749229,2026-06-03 05:47:42.762080
retry,q1_count,Z5,,0.0,1,bdc7f819-ef93-4abf-9278-8a6c40766ba9,2026-06-03 05:47:43.266356
processed,q3_density,Z4,cache,1170.41015625,0,cc9b5468-9669-4ad5-8eda-c69c9ce0b541,2026-06-03 05:47:43.268792
retry,q2_area,Z1,,0.0,2,6ff6dd82-16d8-497c-82dd-d72bf70e85c7,2026-06-03 05:47:43.474297
processed,q2_area,Z1,generator,530.6181907653809,0,4c96c747-86cb-422c-b03e-9059eb11e611,2026-06-03 05:47:43.482885
processed,q4_compare,Z2,generator,387.33458518981934,0,2735fbf6-68a3-4f07-ad07-4b866c942e83,2026-06-03 05:47:43.490512
retry,q1_count,Z2,,0.0,2,3c1d7edc-1f6a-4935-9e4e-144ae5b4fb39,2026-06-03 05:47:43.499612
processed,q4_compare,Z5,generator,6674.720287322998,2,0a5b9ab9-5cab-4914-af96-80d6cc7febc8,2026-06-03 05:47:43.499673
recovered,q4_compare,Z5,generator,6674.720287322998,2,0a5b9ab9-5cab-4914-af96-80d6cc7febc8,2026-06-03 05:47:43.501819
processed,q5_confidence_dist,Z3,cache,48.76303672790527,0,dd97a0b7-aa71-41e2-8350-60e312c6f128,2026-06-03 05:47:43.503374
processed,q1_count,Z4,cache,1005.1367282867432,0,489e3ec2-ad4b-41bf-a85d-10c4d8bb7a83,2026-06-03 05:47:43.504644
retry,q1_count,Z1,,0.0,1,b174b559-312b-4a5b-9813-7283a77896b2,2026-06-03 05:47:44.008578
processed,q5_confidence_dist,Z2,cache,1259.7315311431885,0,62191557-2862-463f-b8d4-4b263a934012,2026-06-03 05:47:44.011512
processed,q1_count,Z1,cache,1011.1477375030518,0,5dd4c974-ff18-420f-bfe0-abef41b8a987,2026-06-03 05:47:44.013810
retry,q1_count,Z5,,0.0,2,bdc7f819-ef93-4abf-9278-8a6c40766ba9,2026-06-03 05:47:44.274162
processed,q4_compare,Z4,cache,1072.8707313537598,0,8bdb3364-13f5-453b-97f3-ce7ccd154921,2026-06-03 05:47:44.276507
retry,q3_density,Z3,,0.0,2,212cf176-a6ae-4370-b30e-74e4540c2770,2026-06-03 05:47:44.504817
retry,q4_compare,Z1,,0.0,1,980ab6f8-501d-4482-9cfc-27f2bce626b7,2026-06-03 05:47:44.517999
processed,q2_area,Z1,cache,1216.137409210205,0,0930cac1-441d-4815-8333-26f1012752ce,2026-06-03 05:47:44.520323
processed,q1_count,Z5,generator,2580.7130336761475,2,bdc7f819-ef93-4abf-9278-8a6c40766ba9,2026-06-03 05:47:44.527782
recovered,q1_count,Z5,generator,2580.7130336761475,2,bdc7f819-ef93-4abf-9278-8a6c40766ba9,2026-06-03 05:47:44.529780
processed,q3_density,Z2,cache,1026.719093322754,0,a9edd80d-683f-4dfa-98d6-5c503825929d,2026-06-03 05:47:44.531728
processed,q2_area,Z2,cache,375.73885917663574,0,0e21294e-62d6-4559-84ae-d6b93d55d99e,2026-06-03 05:47:44.533580
processed,q2_area,Z2,cache,478.10935974121094,0,3c3798f2-9770-494b-aac8-93b8f2017c56,2026-06-03 05:47:44.535467
processed,q4_compare,Z1,cache,831.474781036377,0,19268c63-a25c-45d9-9e06-2a243aa87bf8,2026-06-03 05:47:44.536893
retry,q4_compare,Z3,,0.0,1,6593367c-0949-4272-8d71-04539951dc94,2026-06-03 05:47:44.781330
processed,q3_density,Z5,cache,1881.5886974334717,0,b7dc8eaf-e468-4403-a0b9-dc32fc1ef638,2026-06-03 05:47:44.783553
dlq,q2_area,Z1,,0.0,3,6ff6dd82-16d8-497c-82dd-d72bf70e85c7,2026-06-03 05:47:44.789550
retry,q4_compare,Z1,,0.0,1,6d280e46-19f0-4058-9497-5ba0ea8a59d5,2026-06-03 05:47:45.041133
processed,q5_confidence_dist,Z1,cache,1186.929702758789,0,17225934-a0bb-4526-a42a-5fb30a9f191f,2026-06-03 05:47:45.043711
retry,q1_count,Z5,,0.0,2,8d96f42a-a7c1-461f-9000-31fb07dd00e5,2026-06-03 05:47:45.510676
processed,q2_area,Z2,cache,10898.823738098145,2,7af06e66-e51a-4dee-935d-1d506717cb9a,2026-06-03 05:47:45.512400
processed,q2_area,Z4,generator,5931.561708450317,0,3b08e5fa-8696-46ff-be0e-97dfe3fe09cf,2026-06-03 05:47:45.517818
processed,q4_compare,Z3,generator,4933.514595031738,0,a2eb7ef7-3955-40df-b6f3-7b5347e3d6b1,2026-06-03 05:47:45.524241
processed,q3_density,Z2,cache,3679.060459136963,0,2bae197a-a85c-4ce1-a817-7057c86db0ce,2026-06-03 05:47:45.525675
processed,q5_confidence_dist,Z4,cache,7096.127510070801,0,eeaadeb9-50cd-4146-af51-bc865df81349,2026-06-03 05:47:45.526891
processed,q3_density,Z3,cache,6092.88477897644,0,815778d9-84b5-4c33-ad2b-fb5693111abf,2026-06-03 05:47:45.528333
processed,q5_confidence_dist,Z1,cache,3080.2371501922607,0,c01af6b2-5b36-44e7-adec-45bdd531e6b1,2026-06-03 05:47:45.529944
retry,q1_count,Z3,,0.0,1,fe4803d7-25f1-4fc0-b5cc-4430156da51f,2026-06-03 05:47:45.548513
processed,q1_count,Z3,cache,1342.2448635101318,0,0a38650f-5f85-4a19-bc96-3365ee7c6ad4,2026-06-03 05:47:45.550079
processed,q4_compare,Z1,generator,1803.290843963623,1,6d280e46-19f0-4058-9497-5ba0ea8a59d5,2026-06-03 05:47:45.559431
recovered,q4_compare,Z1,generator,1803.290843963623,1,6d280e46-19f0-4058-9497-5ba0ea8a59d5,2026-06-03 05:47:45.560890
processed,q1_count,Z3,generator,1659.6920490264893,1,fe4803d7-25f1-4fc0-b5cc-4430156da51f,2026-06-03 05:47:45.565986
recovered,q1_count,Z3,generator,1659.6920490264893,1,fe4803d7-25f1-4fc0-b5cc-4430156da51f,2026-06-03 05:47:45.567416
processed,q4_compare,Z3,cache,2767.7688598632812,1,6593367c-0949-4272-8d71-04539951dc94,2026-06-03 05:47:45.568831
processed,q5_confidence_dist,Z4,cache,960.5627059936523,0,826d6a93-93c7-4907-8dfc-90ada7dcfbec,2026-06-03 05:47:45.570199
retry,q1_count,Z1,,0.0,2,b174b559-312b-4a5b-9813-7283a77896b2,2026-06-03 05:47:45.794239
dlq,q1_count,Z2,,0.0,3,3c1d7edc-1f6a-4935-9e4e-144ae5b4fb39,2026-06-03 05:47:45.798595
processed,q3_density,Z4,cache,2145.1146602630615,0,b904f0ba-d993-4ccd-9652-8de21ce8b7e4,2026-06-03 05:47:45.800702
processed,q1_count,Z2,cache,1393.5630321502686,0,e178515f-121e-457c-9025-c708890ea3f1,2026-06-03 05:47:45.802726
processed,q4_compare,Z1,cache,1697.1020698547363,0,cf31d338-8586-42a9-be24-59b05e28b0ce,2026-06-03 05:47:45.804632
processed,q1_count,Z1,cache,1447.6566314697266,0,f47c920b-ece5-42d5-a233-dd759bd30b77,2026-06-03 05:47:45.806536
processed,q4_compare,Z3,cache,1349.1389751434326,0,486b409e-6e24-4bd1-8a67-55e9343d166c,2026-06-03 05:47:45.808356
retry,q4_compare,Z5,,0.0,1,4fff803b-c243-486f-bb7a-08db8cb1ac57,2026-06-03 05:47:46.074328
processed,q1_count,Z5,cache,964.1530513763428,0,96269d8b-5f50-4a01-b969-c1d4b1ad2b51,2026-06-03 05:47:46.076542
processed,q4_compare,Z1,cache,1418.3909893035889,0,138ff9db-044a-49c9-92c0-d7c2bb30bd56,2026-06-03 05:47:46.078736
processed,q2_area,Z2,cache,867.7942752838135,0,22e8f381-584f-4181-ab88-80cba02dcf86,2026-06-03 05:47:46.080980
processed,q2_area,Z1,cache,1523.1575965881348,0,2876eb74-2528-48c2-8fa9-8a7d5a8aa7b1,2026-06-03 05:47:46.082866
processed,q5_confidence_dist,Z5,cache,670.9210872650146,0,e975701c-0110-4ea2-a35e-ef543c1da747,2026-06-03 05:47:46.084390
processed,q4_compare,Z3,cache,1225.2354621887207,0,02901aca-1de4-40f0-a40e-50068924eced,2026-06-03 05:47:46.086257
processed,q5_confidence_dist,Z4,cache,1377.7613639831543,0,55494eb4-bf0c-4d9a-9a00-50d35bf83673,2026-06-03 05:47:46.088206
processed,q3_density,Z5,cache,1279.2913913726807,0,b085bbd5-6405-4f38-8c93-44cdad087b61,2026-06-03 05:47:46.090094
processed,q1_count,Z3,cache,428.35521697998047,0,8ab52f89-3bd4-48b2-bd20-dd44ced2eaa2,2026-06-03 05:47:46.093342
processed,q3_density,Z4,cache,380.25426864624023,0,33d1e843-dde2-437d-805b-b952b644d917,2026-06-03 05:47:46.095264
processed,q5_confidence_dist,Z4,cache,1.0564327239990234,0,4a92c2e7-569b-47e1-897e-d57f30838544,2026-06-03 05:47:46.218932
processed,q3_density,Z3,cache,1.3079643249511719,0,a1246cca-c31e-4535-886f-5985de842dae,2026-06-03 05:47:46.269399
retry,q3_density,Z2,,0.0,1,c0922173-7d0f-4268-9beb-c8fd3d5af32a,2026-06-03 05:47:46.313665
processed,q1_count,Z1,generator,3269.0584659576416,2,b174b559-312b-4a5b-9813-7283a77896b2,2026-06-03 05:47:46.321486
recovered,q1_count,Z1,generator,3269.0584659576416,2,b174b559-312b-4a5b-9813-7283a77896b2,2026-06-03 05:47:46.323537
processed,q5_confidence_dist,Z1,cache,1313.7054443359375,0,26d81043-9da7-4443-82b8-b33c92475497,2026-06-03 05:47:46.325501
processed,q3_density,Z2,generator,2926.487922668457,1,c0922173-7d0f-4268-9beb-c8fd3d5af32a,2026-06-03 05:47:46.330634
recovered,q3_density,Z2,generator,2926.487922668457,1,c0922173-7d0f-4268-9beb-c8fd3d5af32a,2026-06-03 05:47:46.332303
processed,q5_confidence_dist,Z4,cache,1372.7209568023682,0,93219fa0-294c-4a7f-b3eb-e1e128e4c8fa,2026-06-03 05:47:46.334260
retry,q4_compare,Z3,,0.0,2,4bbd41bf-8ee7-401a-88a2-27447dacb667,2026-06-03 05:47:46.534880
processed,q3_density,Z4,cache,7201.6589641571045,0,0ff89107-e6a9-4632-99ab-3788c6f5823a,2026-06-03 05:47:46.536746
processed,q2_area,Z2,cache,4139.193773269653,0,c30f3017-03c5-4591-9630-53864d6e6ec7,2026-06-03 05:47:46.538799
processed,q3_density,Z4,cache,7356.036901473999,0,76e22524-a85f-4e75-a530-360420015b85,2026-06-03 05:47:46.540729
retry,q4_compare,Z4,,0.0,1,443006a2-65c7-42ea-aa70-a385e6b5446e,2026-06-03 05:47:46.823237
processed,q3_density,Z1,cache,407.78183937072754,0,641b0a6b-179f-454a-91f4-7d239cd8fb58,2026-06-03 05:47:46.826291
processed,q5_confidence_dist,Z4,cache,460.34884452819824,0,1510e165-0c2f-45c3-b9d6-1ff99ab6a6ef,2026-06-03 05:47:46.828418
processed,q3_density,Z4,cache,311.6466999053955,0,72abad01-8cf2-4f58-bfbf-03b67f036124,2026-06-03 05:47:46.830456
processed,q2_area,Z3,cache,263.4701728820801,0,d1d9a585-6e89-4dfd-a54d-7edd50ce9114,2026-06-03 05:47:46.832346
processed,q5_confidence_dist,Z4,cache,14.250516891479492,0,74865fb9-e17f-4cc2-bda9-101ad9943d09,2026-06-03 05:47:46.834212
retry,q1_count,Z5,,0.0,1,23915a84-6d35-4147-becf-405e788575b9,2026-06-03 05:47:46.838588
processed,q2_area,Z2,cache,974.9159812927246,0,4a748922-9ffc-4fdc-a3ba-c917d48cb343,2026-06-03 05:47:46.840332
processed,q2_area,Z3,cache,1.394510269165039,0,084294fa-8074-4228-8ff2-50ef80485d33,2026-06-03 05:47:46.872051
retry,q1_count,Z1,,0.0,1,59360fba-4130-47eb-b3d1-a9bfe3b32ea5,2026-06-03 05:47:47.045265
processed,q5_confidence_dist,Z4,cache,4698.252201080322,0,930a6f6c-dbe5-40fa-8c47-61d2af37ec84,2026-06-03 05:47:47.047783
processed,q4_compare,Z3,cache,8166.362524032593,0,d54dd784-5662-4ffd-b76e-c3c31f1a6651,2026-06-03 05:47:47.049808
processed,q5_confidence_dist,Z4,cache,7666.238784790039,0,60ac9267-d3a6-4d61-99b3-d304eb64e8e3,2026-06-03 05:47:47.051735
processed,q5_confidence_dist,Z5,cache,7366.860866546631,0,1ec1ef91-dc09-4774-8383-0a971094e025,2026-06-03 05:47:47.053422
processed,q4_compare,Z4,generator,8580.564022064209,0,c1037200-8949-4a30-a032-a53afbaea245,2026-06-03 05:47:47.061860
processed,q2_area,Z5,cache,7427.385091781616,0,4b8854bd-fad8-4331-b902-f74154c177ff,2026-06-03 05:47:47.064095
processed,q5_confidence_dist,Z3,cache,6575.433015823364,0,c2f916d3-f767-4569-bc55-008716c10df1,2026-06-03 05:47:47.065945
processed,q2_area,Z4,cache,6376.415967941284,0,365dec25-d37b-46fc-905c-b60e076e8375,2026-06-03 05:47:47.067721
processed,q3_density,Z5,cache,5976.308107376099,0,64dd6268-1686-48cf-ac1c-621592ff26f2,2026-06-03 05:47:47.069566
processed,q2_area,Z3,generator,5078.07469367981,0,ce5cee13-9129-4c3d-ad40-a99473a4531a,2026-06-03 05:47:47.075276
processed,q3_density,Z5,cache,1.1453628540039062,0,2f35d964-de3e-4c31-b4d7-c0f308aff955,2026-06-03 05:47:47.123133
processed,q2_area,Z1,cache,1.40380859375,0,e8729b69-6f34-40a9-91c3-9a29bfbb07f7,2026-06-03 05:47:47.374528
processed,q2_area,Z4,cache,1.3391971588134766,0,d3dc4a2a-195d-4ae2-9e90-c90f4e0efeaf,2026-06-03 05:47:47.424516
processed,q5_confidence_dist,Z2,cache,1.3079643249511719,0,04521f61-530b-442b-b3c9-b7afa66a9f35,2026-06-03 05:47:47.675871
processed,q3_density,Z2,cache,1.2958049774169922,0,ecef3245-2294-46e5-a3d6-368fa693b558,2026-06-03 05:47:47.726025
processed,q2_area,Z5,cache,1.1925697326660156,0,f43565bf-7458-4fdf-a01d-663ed0eee60d,2026-06-03 05:47:47.775952
processed,q1_count,Z1,cache,1.382589340209961,0,0d0c07b3-ec73-4b19-bc12-2ba3de483156,2026-06-03 05:47:47.826584
retry,q4_compare,Z5,,0.0,2,4fff803b-c243-486f-bb7a-08db8cb1ac57,2026-06-03 05:47:47.845442
processed,q3_density,Z1,cache,2082.3633670806885,0,793ff9b0-d87c-4a7a-8831-44a617e88f01,2026-06-03 05:47:47.848308
dlq,q4_compare,Z5,,0.0,3,4fff803b-c243-486f-bb7a-08db8cb1ac57,2026-06-03 05:47:47.848680
processed,q2_area,Z5,cache,2336.066484451294,0,088a7ce0-9ef2-4c1b-bdaf-01ffb8376196,2026-06-03 05:47:47.850167
processed,q4_compare,Z3,cache,1.1744499206542969,0,be9b471f-8fd9-4fe1-8f6a-abfdfbcee93c,2026-06-03 05:47:47.876380
retry,q4_compare,Z1,,0.0,2,980ab6f8-501d-4482-9cfc-27f2bce626b7,2026-06-03 05:47:48.083243
processed,q5_confidence_dist,Z1,cache,5384.281635284424,0,2c7db36b-d13b-4795-b55f-cb48961cab68,2026-06-03 05:47:48.084946
dlq,q4_compare,Z1,,0.0,3,980ab6f8-501d-4482-9cfc-27f2bce626b7,2026-06-03 05:47:48.086261
processed,q5_confidence_dist,Z3,cache,2723.416328430176,0,3bae6458-18b5-4169-b65a-1fc89bf4099c,2026-06-03 05:47:48.087109
processed,q1_count,Z3,cache,2022.3171710968018,0,6521d081-db92-49b0-bdc9-1b95385dfb77,2026-06-03 05:47:48.088606
processed,q3_density,Z3,generator,7304.579734802246,2,212cf176-a6ae-4370-b30e-74e4540c2770,2026-06-03 05:47:48.096561
recovered,q3_density,Z3,generator,7304.579734802246,2,212cf176-a6ae-4370-b30e-74e4540c2770,2026-06-03 05:47:48.098646
dlq,q4_compare,Z3,,0.0,3,4bbd41bf-8ee7-401a-88a2-27447dacb667,2026-06-03 05:47:48.103228
processed,q5_confidence_dist,Z5,cache,5253.4050941467285,0,46da1f6d-aead-46a0-821d-2709870eb499,2026-06-03 05:47:48.104624
processed,q3_density,Z5,cache,1386.9671821594238,0,a0735c5a-5b30-414d-8973-838727727055,2026-06-03 05:47:48.106485
processed,q4_compare,Z2,cache,4955.173969268799,0,7273f15d-01dd-4439-b546-6321d7aa8b6a,2026-06-03 05:47:48.108405
processed,q4_compare,Z5,generator,2803.0903339385986,0,e713c546-9fc4-4639-9413-dcbbb942a25f,2026-06-03 05:47:48.116280
processed,q4_compare,Z2,generator,3363.431453704834,0,db941e42-a81d-4973-be5a-c8acad35ade2,2026-06-03 05:47:48.123761
processed,q5_confidence_dist,Z1,cache,1205.4393291473389,0,518c5b4e-9ad4-4aa4-81d7-8a4d7254cd34,2026-06-03 05:47:48.126041
processed,q3_density,Z1,generator,4576.622486114502,0,d43af07c-e5ed-4b5f-9cb1-f5e589ee65d2,2026-06-03 05:47:48.131428
processed,q2_area,Z5,generator,4128.464698791504,0,adf2b86f-e59c-4c55-b6d0-878d7f8dd821,2026-06-03 05:47:48.135104
processed,q1_count,Z4,cache,3828.1829357147217,0,a01b3a95-7298-4938-a403-9f194c0b43fe,2026-06-03 05:47:48.136302
processed,q2_area,Z4,cache,3075.889825820923,0,ecc980c3-b1b9-4e53-b491-6999092a3fca,2026-06-03 05:47:48.137626
processed,q3_density,Z3,cache,1.2714862823486328,0,35f9986a-bc72-4977-a9fa-900dd57597e8,2026-06-03 05:47:48.177642
processed,q1_count,Z4,cache,1.302957534790039,0,8d400751-a3cd-4df5-9442-927da4b40f0f,2026-06-03 05:47:48.227871
retry,q2_area,Z5,,0.0,1,f97b06ea-4b5f-4ad5-b678-732213d142f5,2026-06-03 05:47:48.355198
retry,q4_compare,Z2,,0.0,1,caf4fa4c-04e2-443f-b87a-2d1c4cfffcc8,2026-06-03 05:47:48.641158
retry,q1_count,Z5,,0.0,1,7d3d6755-cdf2-4f63-a546-c23cc0533e89,2026-06-03 05:47:48.860086
dlq,q1_count,Z5,,0.0,3,8d96f42a-a7c1-461f-9000-31fb07dd00e5,2026-06-03 05:47:48.863442
processed,q5_confidence_dist,Z1,cache,3702.5768756866455,0,6b4ac306-44e0-46df-88bd-bde79beb77d1,2026-06-03 05:47:48.864957
processed,q5_confidence_dist,Z3,cache,2749.669075012207,0,52589e22-2ea8-4e75-880c-e35aff4c85f7,2026-06-03 05:47:48.866252
processed,q2_area,Z3,cache,3604.7580242156982,0,3ee77ee3-5967-45d7-a596-3602dd05b1a9,2026-06-03 05:47:48.867518
processed,q3_density,Z5,cache,2853.0075550079346,0,c5e5df29-eedc-48f6-bb29-978bf16b292b,2026-06-03 05:47:48.869506
processed,q1_count,Z1,generator,8639.264583587646,1,59360fba-4130-47eb-b3d1-a9bfe3b32ea5,2026-06-03 05:47:48.878323
recovered,q1_count,Z1,generator,8639.264583587646,1,59360fba-4130-47eb-b3d1-a9bfe3b32ea5,2026-06-03 05:47:48.880889
retry,q4_compare,Z3,,0.0,1,935b45bf-3f55-4cd6-9cb9-aab0ba23cce6,2026-06-03 05:47:48.880945
processed,q2_area,Z4,cache,255.82647323608398,0,5b623d5f-087f-4e40-a4b2-a717e1a151b3,2026-06-03 05:47:48.883540
processed,q3_density,Z4,cache,157.06801414489746,0,96e18a37-a21b-48c8-9cbe-cdf5afc6793a,2026-06-03 05:47:48.885612
processed,q1_count,Z5,generator,3322.4918842315674,1,23915a84-6d35-4147-becf-405e788575b9,2026-06-03 05:47:48.886448
processed,q5_confidence_dist,Z1,cache,460.4296684265137,0,a122f068-6e3d-48e1-9128-08d705f798c7,2026-06-03 05:47:48.887640
recovered,q1_count,Z5,generator,3322.4918842315674,1,23915a84-6d35-4147-becf-405e788575b9,2026-06-03 05:47:48.888583
processed,q2_area,Z5,cache,1869.720458984375,0,3f5c9d70-fa26-408b-a25b-115ddd636643,2026-06-03 05:47:48.890626
processed,q3_density,Z1,cache,1821.5258121490479,0,73097682-8de7-424f-98ca-b9cee7bab4e8,2026-06-03 05:47:48.892583
processed,q4_compare,Z3,cache,2275.4626274108887,0,d129c643-0282-45dc-ad3a-ec2b0f212f2d,2026-06-03 05:47:48.894515
processed,q4_compare,Z1,generator,16.0067081451416,0,b823e4e9-f97e-42ca-b635-763e2b59b5be,2026-06-03 05:47:48.895474
processed,q4_compare,Z2,generator,2233.692169189453,0,d7a73e62-3186-4ddc-91d5-b4676f75accd,2026-06-03 05:47:48.902934
processed,q4_compare,Z2,generator,3289.0031337738037,1,caf4fa4c-04e2-443f-b87a-2d1c4cfffcc8,2026-06-03 05:47:48.903366
recovered,q4_compare,Z2,generator,3289.0031337738037,1,caf4fa4c-04e2-443f-b87a-2d1c4cfffcc8,2026-06-03 05:47:48.904856
processed,q1_count,Z5,cache,1583.1358432769775,0,23a896f9-9e62-42f4-b951-e3e671cae9ee,2026-06-03 05:47:48.905392
processed,q2_area,Z5,cache,228.3458709716797,0,18921fbf-1957-470d-996a-b2e0a4ebb430,2026-06-03 05:47:48.906047
processed,q1_count,Z4,cache,881.7822933197021,0,25377095-42cf-461d-bc7b-753bebf46c04,2026-06-03 05:47:48.907038
processed,q3_density,Z4,cache,2440.1962757110596,0,b9527675-3701-457b-a529-01099d747bc5,2026-06-03 05:47:48.908599
processed,q1_count,Z5,cache,1939.662218093872,0,bfea9b7d-0523-469c-ac76-46cc0ce3e667,2026-06-03 05:47:48.910414
processed,q5_confidence_dist,Z2,cache,836.5552425384521,0,fb9c326a-185c-4d95-b2b4-14b10f109f98,2026-06-03 05:47:48.912005
processed,q4_compare,Z4,generator,2601.393699645996,1,443006a2-65c7-42ea-aa70-a385e6b5446e,2026-06-03 05:47:48.919355
recovered,q4_compare,Z4,generator,2601.393699645996,1,443006a2-65c7-42ea-aa70-a385e6b5446e,2026-06-03 05:47:48.920612
processed,q2_area,Z3,cache,1750.8800029754639,0,75aa53a0-13a2-4181-ba63-0e212deae027,2026-06-03 05:47:48.922311
processed,q2_area,Z2,cache,2154.217481613159,0,a43588bd-15c5-4ff6-9e11-35575ccd8464,2026-06-03 05:47:48.923682
processed,q4_compare,Z2,cache,1703.7560939788818,0,0eff6e0a-99ef-43cc-af88-7366811678f1,2026-06-03 05:47:48.925342
processed,q3_density,Z5,cache,98.23894500732422,0,a1b70b0c-7130-4cd1-8c1d-baab72ffb8b1,2026-06-03 05:47:48.927230
processed,q1_count,Z2,cache,1405.9362411499023,0,833cffe9-9e83-4383-b55e-a728f40e4f4d,2026-06-03 05:47:48.928751
processed,q3_density,Z2,cache,453.3576965332031,0,46263420-8e34-4247-81a3-a73e22cd8f64,2026-06-03 05:47:48.930634
processed,q3_density,Z5,cache,153.61523628234863,0,bb04fd41-3f80-4eec-9ef7-26e8415f1395,2026-06-03 05:47:48.932058
processed,q5_confidence_dist,Z2,cache,607.285737991333,0,a9b89a86-1d6a-41cc-9136-654ba7936f28,2026-06-03 05:47:48.933905
processed,q1_count,Z3,cache,357.84435272216797,0,93df7f36-65fe-4abe-ade2-4f59baac999c,2026-06-03 05:47:48.935397
processed,q1_count,Z3,cache,1.482248306274414,0,b11a329e-2bc8-4a46-87c8-31b0d93db49e,2026-06-03 05:47:48.982071
processed,q4_compare,Z1,cache,1.276254653930664,0,76bb31d0-fcc9-43c9-b93d-de9df90ae3fe,2026-06-03 05:47:49.032037
processed,q5_confidence_dist,Z1,cache,1.3165473937988281,0,0e2b297b-2c6b-41bd-b128-37ea885af80f,2026-06-03 05:47:49.082346
processed,q1_count,Z5,cache,1.1506080627441406,0,76bdbe3a-13ab-484f-af49-a191d1a234cb,2026-06-03 05:47:49.132433
retry,q1_count,Z2,,0.0,1,8732f432-b7e5-4c3c-aa80-8df2760cd7d7,2026-06-03 05:47:49.145214
processed,q4_compare,Z2,generator,5547.360420227051,0,fa40a72d-c80a-40d1-aff3-b703ef3c521f,2026-06-03 05:47:49.152573
processed,q3_density,Z5,cache,5348.400115966797,0,3ef02b71-3e5b-44dd-98ba-3ad01f69e7c1,2026-06-03 05:47:49.154722
processed,q2_area,Z1,cache,5199.700593948364,0,b6788f95-8da9-438f-86e1-5e811b83732f,2026-06-03 05:47:49.156468
processed,q1_count,Z4,cache,4648.855447769165,0,a1a5819b-2a74-4cb0-b87a-4283ae892c3b,2026-06-03 05:47:49.158384
processed,q3_density,Z1,cache,3696.173906326294,0,d4e1a040-3595-49b5-9f84-1dc20b38eb23,2026-06-03 05:47:49.159858
processed,q5_confidence_dist,Z2,cache,1.0786056518554688,0,e0e61a2b-4d2b-4137-ba78-68ae66ac0327,2026-06-03 05:47:49.181884
processed,q2_area,Z2,cache,1.2450218200683594,0,48a00410-8c88-4157-9e85-b63e1be54db2,2026-06-03 05:47:49.332878
processed,q2_area,Z2,cache,1.2998580932617188,0,562c0932-e8fc-4ba5-b85e-a4dc2967e97c,2026-06-03 05:47:49.634724
retry,q4_compare,Z1,,0.0,1,c53f4cbc-d2fe-43a0-aaf3-4bff3a8199b6,2026-06-03 05:47:49.664354
processed,q2_area,Z4,cache,5407.8404903411865,0,922eef1c-e7db-443d-b177-007052fdc56a,2026-06-03 05:47:49.666020
processed,q1_count,Z5,cache,3500.6723403930664,0,d1990be8-f6e4-45f1-b5f2-3764d1522944,2026-06-03 05:47:49.667319
processed,q1_count,Z5,cache,3754.6470165252686,1,7d3d6755-cdf2-4f63-a546-c23cc0533e89,2026-06-03 05:47:49.670097
processed,q2_area,Z5,cache,1546.0400581359863,0,2ee0dae2-0374-4f54-945c-bdba3a8df5dc,2026-06-03 05:47:49.671229
retry,q1_count,Z2,,0.0,2,8732f432-b7e5-4c3c-aa80-8df2760cd7d7,2026-06-03 05:47:50.148584
retry,q4_compare,Z2,,0.0,1,790ed57c-fb77-4c1d-9ec3-75f9c2972137,2026-06-03 05:47:50.655237
processed,q5_confidence_dist,Z1,cache,974.0533828735352,0,0014273c-5ee7-4dd2-99f8-e8f4fa777a0f,2026-06-03 05:47:50.657086
processed,q3_density,Z5,cache,574.0251541137695,0,cfd86303-052b-4d0a-b746-c2555fae2eac,2026-06-03 05:47:50.659485
processed,q3_density,Z2,cache,1179.0270805358887,0,ca5935a8-78e6-4b9f-a3b0-b8b5736c1572,2026-06-03 05:47:50.660759
processed,q5_confidence_dist,Z4,cache,878.8540363311768,0,c2d8c136-67ce-42aa-94d2-24595bff8e0d,2026-06-03 05:47:50.661853
processed,q5_confidence_dist,Z5,cache,1080.8279514312744,0,8573ca2c-6d72-4939-8ddb-0737e11813d6,2026-06-03 05:47:50.662942
processed,q2_area,Z2,cache,1282.7951908111572,0,f3a57985-75ab-443f-a340-6193ff2375ef,2026-06-03 05:47:50.664031
processed,q2_area,Z1,cache,1434.657335281372,0,13677c9e-19e7-4912-b632-d03b72f8f05e,2026-06-03 05:47:50.665142
processed,q5_confidence_dist,Z4,cache,682.2504997253418,0,29cdc896-171d-48c1-ad58-e528c12622d7,2026-06-03 05:47:50.666166
retry,q4_compare,Z1,,0.0,2,c53f4cbc-d2fe-43a0-aaf3-4bff3a8199b6,2026-06-03 05:47:50.667683
processed,q5_confidence_dist,Z3,cache,332.57222175598145,0,0b4bb609-c653-4ee0-ab82-c2cb32bc3865,2026-06-03 05:47:50.668380
processed,q2_area,Z4,cache,384.080171585083,0,0fbd4584-242c-43de-a329-46bdac4e0b78,2026-06-03 05:47:50.669686
processed,q3_density,Z3,cache,84.05184745788574,0,af490c84-4779-4873-b8b7-b6cfb2ba6235,2026-06-03 05:47:50.670796
processed,q4_compare,Z2,cache,185.577392578125,0,1d86f5c3-5e03-4488-b811-3e16f9e0c9ca,2026-06-03 05:47:50.672243
retry,q2_area,Z5,,0.0,2,f97b06ea-4b5f-4ad5-b678-732213d142f5,2026-06-03 05:47:50.674492
processed,q4_compare,Z1,generator,4711.688756942749,2,c53f4cbc-d2fe-43a0-aaf3-4bff3a8199b6,2026-06-03 05:47:50.677821
recovered,q4_compare,Z1,generator,4711.688756942749,2,c53f4cbc-d2fe-43a0-aaf3-4bff3a8199b6,2026-06-03 05:47:50.679414
processed,q4_compare,Z3,generator,2307.812452316284,1,935b45bf-3f55-4cd6-9cb9-aab0ba23cce6,2026-06-03 05:47:50.684569
recovered,q4_compare,Z3,generator,2307.812452316284,1,935b45bf-3f55-4cd6-9cb9-aab0ba23cce6,2026-06-03 05:47:50.686168
processed,q3_density,Z1,cache,3215.1451110839844,0,31ea14a3-42e9-4c22-9756-9cfbec0d9cf1,2026-06-03 05:47:50.688317
processed,q4_compare,Z5,generator,753.6118030548096,0,2234028e-39b3-4d87-b335-5a71e78ccd93,2026-06-03 05:47:50.688402
processed,q3_density,Z1,cache,1.3799667358398438,0,6a4d0209-5b50-406e-9ead-1b340795b520,2026-06-03 05:47:50.689189
processed,q5_confidence_dist,Z4,cache,3116.852283477783,0,6ca453b2-9931-4b02-a92a-95b77a072e78,2026-06-03 05:47:50.690690
processed,q2_area,Z4,cache,555.2635192871094,0,5b80c738-e854-4908-9214-a74bf264849b,2026-06-03 05:47:50.690729
processed,q4_compare,Z5,cache,506.9301128387451,0,db10f432-217a-4f57-9150-477fc7cc540f,2026-06-03 05:47:50.692204
processed,q5_confidence_dist,Z5,cache,1762.8602981567383,0,48c1d06b-2faf-436b-86af-c826d05d0c9d,2026-06-03 05:47:50.692242
processed,q1_count,Z2,cache,1261.9640827178955,0,8da042e5-3a77-43e2-87f0-3cfd9b1d45fa,2026-06-03 05:47:50.693472
processed,q3_density,Z5,cache,1162.964105606079,0,7f2d4922-024d-4aff-860d-ec39f4e81410,2026-06-03 05:47:50.695581
processed,q4_compare,Z2,cache,3425.60076713562,0,c9b2a42b-257e-47a1-9b38-b9538616b31a,2026-06-03 05:47:50.697829
processed,q4_compare,Z1,generator,262.6333236694336,0,26e7a695-594b-4f78-bea3-8fbbe5d226a8,2026-06-03 05:47:50.699102
processed,q4_compare,Z1,generator,2428.6904335021973,0,94c08641-d865-45a6-bb5a-39754124e398,2026-06-03 05:47:50.704853
processed,q3_density,Z3,cache,2782.0651531219482,0,c714442f-7624-4c8e-9aa8-0c83d4edde75,2026-06-03 05:47:50.707021
processed,q1_count,Z3,cache,2733.813524246216,0,324f1057-40b3-4664-a3c1-2af2a586171f,2026-06-03 05:47:50.708875
processed,q4_compare,Z4,generator,2189.1489028930664,0,e15e582e-5762-4c2d-a796-2ada793bca8c,2026-06-03 05:47:50.716561
processed,q2_area,Z3,cache,3095.2744483947754,0,75e38101-182b-48f8-9315-17770b6077a1,2026-06-03 05:47:50.718890
dlq,q1_count,Z2,,0.0,3,8732f432-b7e5-4c3c-aa80-8df2760cd7d7,2026-06-03 05:47:50.725102
processed,q2_area,Z2,generator,996.7751502990723,0,f28a8903-d3e7-4ae9-9193-109f61448011,2026-06-03 05:47:50.729672
retry,q1_count,Z4,,0.0,1,a679a582-feb5-4096-86c9-62f1dfe9df6d,2026-06-03 05:47:51.204056
processed,q4_compare,Z5,cache,819.8063373565674,0,620de8e0-8a8d-4809-91e9-591f9c19a440,2026-06-03 05:47:51.206515
retry,q4_compare,Z4,,0.0,1,165af3a4-be9a-41c1-9a6b-084ee40ac426,2026-06-03 05:47:51.342846
processed,q1_count,Z1,cache,4.488945007324219,0,b1f8787a-0993-4735-88c4-df0f83a2e3ee,2026-06-03 05:47:51.346942
processed,q3_density,Z4,cache,308.93921852111816,0,16067f7f-b172-44d5-8bce-a2c57ce825bb,2026-06-03 05:47:51.348798
processed,q5_confidence_dist,Z5,cache,58.90059471130371,0,ee191ddd-38ee-472f-9b88-9dc66089161a,2026-06-03 05:47:51.350925
processed,q4_compare,Z4,cache,1.3241767883300781,0,913bd124-baba-492b-9793-76a3a084dee7,2026-06-03 05:47:51.545652
retry,q4_compare,Z2,,0.0,2,790ed57c-fb77-4c1d-9ec3-75f9c2972137,2026-06-03 05:47:51.734184
processed,q2_area,Z5,generator,5924.749851226807,2,f97b06ea-4b5f-4ad5-b678-732213d142f5,2026-06-03 05:47:51.740198
recovered,q2_area,Z5,generator,5924.749851226807,2,f97b06ea-4b5f-4ad5-b678-732213d142f5,2026-06-03 05:47:51.741621
processed,q2_area,Z5,cache,1708.6021900177002,0,3a3bf533-f837-4631-9884-beb3ee900fcd,2026-06-03 05:47:51.743018
processed,q1_count,Z4,cache,1508.929967880249,0,891552a0-3169-43b3-b4c8-7a636a04b97e,2026-06-03 05:47:51.744213
processed,q2_area,Z4,cache,1861.872673034668,0,6c8d89ce-7593-4f9e-b38a-8745766cc744,2026-06-03 05:47:51.745316
processed,q2_area,Z2,cache,1209.8419666290283,0,6ef118d9-0d61-484e-bb8c-b5329a3c5ccb,2026-06-03 05:47:51.746370
processed,q5_confidence_dist,Z5,cache,1110.4722023010254,0,32529883-368b-40f0-9fec-715b8fcdd621,2026-06-03 05:47:51.747384
dlq,q4_compare,Z2,,0.0,3,790ed57c-fb77-4c1d-9ec3-75f9c2972137,2026-06-03 05:47:51.751896
processed,q2_area,Z5,cache,1015.5854225158691,0,90ba6557-252c-4165-a66d-8c36e6cdde6b,2026-06-03 05:47:51.753076
processed,q2_area,Z4,cache,613.9545440673828,0,4b806e90-4042-4098-899f-c49bce83c96f,2026-06-03 05:47:51.754160
processed,q3_density,Z3,cache,111.61541938781738,0,35d1e8a9-0da7-4831-9945-70d418adf93b,2026-06-03 05:47:51.755373
processed,q4_compare,Z4,generator,924.6909618377686,1,165af3a4-be9a-41c1-9a6b-084ee40ac426,2026-06-03 05:47:51.763246
recovered,q4_compare,Z4,generator,924.6909618377686,1,165af3a4-be9a-41c1-9a6b-084ee40ac426,2026-06-03 05:47:51.764637
processed,q2_area,Z2,cache,0.9984970092773438,0,38139d1e-31ae-4947-8bce-9a56ac599454,2026-06-03 05:47:51.795975
processed,q4_compare,Z1,cache,1.2722015380859375,0,7c085965-09b1-4414-88c1-9422aa212fdb,2026-06-03 05:47:51.846988
processed,q2_area,Z2,cache,1.1796951293945312,0,47ff9ae0-1f23-4559-8d24-7ada173fb997,2026-06-03 05:47:52.047609
retry,q1_count,Z4,,0.0,2,a679a582-feb5-4096-86c9-62f1dfe9df6d,2026-06-03 05:47:52.211934
processed,q4_compare,Z3,generator,1431.5235614776611,0,97283097-a3a6-4a42-9339-b19cd93322e3,2026-06-03 05:47:52.219984
processed,q4_compare,Z2,generator,1035.083293914795,0,f1135124-fcbd-46f6-80cf-522783642b38,2026-06-03 05:47:52.225970
processed,q3_density,Z1,cache,1238.0928993225098,0,4cc99328-4a96-41a1-8bcd-059667040ea7,2026-06-03 05:47:52.227356
processed,q1_count,Z2,cache,1340.057134628296,0,2ecc1bb1-f1db-46a5-9346-5a24c8348e86,2026-06-03 05:47:52.228503
processed,q5_confidence_dist,Z5,cache,1290.846586227417,0,876f76c0-2eea-4936-a965-d2be07142098,2026-06-03 05:47:52.229606
retry,q3_density,Z4,,0.0,1,5112afbf-f8d1-42e0-ad8b-b7f42e606620,2026-06-03 05:47:52.268478
processed,q3_density,Z1,cache,777.2634029388428,0,1e4a09db-db23-4a12-af2c-1f50f1549203,2026-06-03 05:47:52.270234
processed,q3_density,Z1,cache,1181.5578937530518,0,d87d20d0-e12c-42a6-ac03-0ebd910c53cb,2026-06-03 05:47:52.271463
processed,q4_compare,Z1,cache,679.2659759521484,0,42a5d148-b38d-4b6b-95bc-2ea9cb16b405,2026-06-03 05:47:52.272533
processed,q5_confidence_dist,Z2,cache,579.6761512756348,0,ba6646bb-9aa4-40c3-a604-bf4dae5e811f,2026-06-03 05:47:52.273568
retry,q4_compare,Z3,,0.0,1,b42ca90d-43c1-4d61-8f5a-975cf5d56e71,2026-06-03 05:47:52.734806
processed,q1_count,Z5,cache,991.9400215148926,0,9fa199bf-9e51-4f0a-bca2-342bc1bb3ef4,2026-06-03 05:47:52.736351
retry,q4_compare,Z2,,0.0,1,7c0b7597-298d-47f2-bf83-627bf744fa01,2026-06-03 05:47:52.751728
retry,q3_density,Z3,,0.0,1,9ce415fb-f555-42d2-ad32-12abf467687b,2026-06-03 05:47:53.240081
processed,q5_confidence_dist,Z4,cache,1296.1981296539307,0,15ba0592-d67a-402d-b2cf-ad1532fe5316,2026-06-03 05:47:53.242331
processed,q4_compare,Z2,cache,1348.5283851623535,0,75de8c87-f8b2-463a-ac13-846ea727a7b5,2026-06-03 05:47:53.243518
processed,q1_count,Z3,cache,1098.5150337219238,0,8ac89a6a-7f63-4b74-b979-f3f604563b25,2026-06-03 05:47:53.244918
processed,q5_confidence_dist,Z5,cache,900.1657962799072,0,faebced4-5594-460c-a9ab-81d62c9c651d,2026-06-03 05:47:53.247545
processed,q5_confidence_dist,Z2,cache,198.34423065185547,0,f98badf7-3ea4-4731-80ee-48c22d86884e,2026-06-03 05:47:53.248823
processed,q3_density,Z3,generator,1810.6322288513184,1,9ce415fb-f555-42d2-ad32-12abf467687b,2026-06-03 05:47:53.252968
recovered,q3_density,Z3,generator,1810.6322288513184,1,9ce415fb-f555-42d2-ad32-12abf467687b,2026-06-03 05:47:53.254094
processed,q3_density,Z2,cache,506.21747970581055,0,8a0ef28d-cda8-4da2-a273-31c5c20a2c03,2026-06-03 05:47:53.255219
processed,q5_confidence_dist,Z5,cache,155.71880340576172,0,aa3e3bc1-7e9e-4204-a1f5-84172370314d,2026-06-03 05:47:53.256716
retry,q3_density,Z4,,0.0,2,5112afbf-f8d1-42e0-ad8b-b7f42e606620,2026-06-03 05:47:53.278635
dlq,q1_count,Z4,,0.0,3,a679a582-feb5-4096-86c9-62f1dfe9df6d,2026-06-03 05:47:53.281811
processed,q3_density,Z5,cache,1086.5199565887451,0,80557a81-bcd7-4193-b174-81bc4a20f430,2026-06-03 05:47:53.282966
processed,q4_compare,Z5,cache,1288.6459827423096,0,535460c6-e14a-4ae6-9743-acf7aee0c7c2,2026-06-03 05:47:53.284025
processed,q3_density,Z3,cache,1189.2459392547607,0,e8120d79-ae00-4570-b7d8-a98882284a26,2026-06-03 05:47:53.285057
dlq,q3_density,Z4,,0.0,3,5112afbf-f8d1-42e0-ad8b-b7f42e606620,2026-06-03 05:47:53.288802
processed,q5_confidence_dist,Z1,cache,289.8385524749756,0,23a3b452-1c2a-4fdb-9335-5653b4c912bf,2026-06-03 05:47:53.289914
processed,q3_density,Z3,cache,893.6212062835693,0,6d2b91e8-9b57-4138-b73d-7cb3dadeb060,2026-06-03 05:47:53.290942
retry,q4_compare,Z3,,0.0,2,b42ca90d-43c1-4d61-8f5a-975cf5d56e71,2026-06-03 05:47:53.758694
retry,q1_count,Z1,,0.0,1,696ebcf0-8533-46c9-9c9e-991c1807da40,2026-06-03 05:47:53.761663
processed,q3_density,Z5,cache,963.9034271240234,0,10ee30a4-d786-4231-8fdf-ff126cffc651,2026-06-03 05:47:53.764464
processed,q3_density,Z4,cache,816.0381317138672,0,28496d65-3faf-400b-bc22-f4745647d699,2026-06-03 05:47:53.766644
processed,q5_confidence_dist,Z3,cache,1320.2950954437256,0,fedfbd92-dcbc-421f-81ee-4cf2f2c928b7,2026-06-03 05:47:53.768149
processed,q4_compare,Z3,generator,1471.2181091308594,0,476724b3-039e-4eab-ac0f-92337056743d,2026-06-03 05:47:53.769233
processed,q1_count,Z4,cache,1221.7395305633545,0,b71bba6c-0543-4fb8-90c2-9cc5c697551b,2026-06-03 05:47:53.770069
processed,q5_confidence_dist,Z5,cache,620.4736232757568,0,21ab9f82-e999-431e-9ba7-455baf5ef6e2,2026-06-03 05:47:53.771724
processed,q2_area,Z4,generator,1076.653003692627,0,58efcd67-b86b-456a-b6d4-661a64f39b72,2026-06-03 05:47:53.775976
processed,q2_area,Z4,cache,1179.0287494659424,0,5179644a-ce2f-4ef7-8636-2c9c6ecfbdbf,2026-06-03 05:47:53.777661
processed,q1_count,Z4,cache,930.7270050048828,0,61b975dd-2d90-4575-a2f6-1bc38ea7a9de,2026-06-03 05:47:53.781184
processed,q1_count,Z1,cache,882.819414138794,0,b600052c-e992-4f1c-b1a1-677690829005,2026-06-03 05:47:53.782828
processed,q5_confidence_dist,Z5,cache,532.8419208526611,0,7dca317e-4f86-45ac-a8d3-7af445b7a534,2026-06-03 05:47:53.784566
processed,q4_compare,Z3,cache,484.6494197845459,0,f2b2baf8-6cbe-4f86-9300-99a71d432331,2026-06-03 05:47:53.786730
processed,q2_area,Z4,cache,185.13846397399902,0,ef8123fb-7771-4a96-b79b-c6eb08820c58,2026-06-03 05:47:53.788130
processed,q2_area,Z3,cache,86.0452651977539,0,27cfad3d-9193-4d70-94d9-2add4995d5df,2026-06-03 05:47:53.789414
retry,q4_compare,Z5,,0.0,1,676d36d4-1928-4fa7-aeb7-642e33bb4ff9,2026-06-03 05:47:53.794747
processed,q3_density,Z4,cache,595.085620880127,0,cfbe037a-fa93-4ba5-8754-037dbb455285,2026-06-03 05:47:53.796857
retry,q4_compare,Z4,,0.0,1,ad6b687e-b468-46d9-8817-cfe3d20d7bbb,2026-06-03 05:47:54.278317
processed,q4_compare,Z2,cache,877.9885768890381,0,22f3e571-989d-4776-9c8a-55553677c7d9,2026-06-03 05:47:54.280455
processed,q3_density,Z3,cache,779.4876098632812,0,30367ea1-7143-4eb8-abf6-24af3f651417,2026-06-03 05:47:54.282377
retry,q4_compare,Z4,,0.0,1,bee41e54-576f-4dda-8e30-1115a93dd1e8,2026-06-03 05:47:54.293489
processed,q4_compare,Z4,generator,951.8008232116699,1,bee41e54-576f-4dda-8e30-1115a93dd1e8,2026-06-03 05:47:54.304439
recovered,q4_compare,Z4,generator,951.8008232116699,1,bee41e54-576f-4dda-8e30-1115a93dd1e8,2026-06-03 05:47:54.306610
retry,q4_compare,Z2,,0.0,2,7c0b7597-298d-47f2-bf83-627bf744fa01,2026-06-03 05:47:54.804097
retry,q3_density,Z4,,0.0,1,93b130bf-10c5-431c-939d-9b2b46ac25a1,2026-06-03 05:47:54.812783
processed,q4_compare,Z4,generator,1359.861135482788,1,ad6b687e-b468-46d9-8817-cfe3d20d7bbb,2026-06-03 05:47:54.812882
recovered,q4_compare,Z4,generator,1359.861135482788,1,ad6b687e-b468-46d9-8817-cfe3d20d7bbb,2026-06-03 05:47:54.815042
processed,q2_area,Z3,cache,809.4415664672852,0,f9088abb-7e9a-4ec8-9244-a16421b03ccd,2026-06-03 05:47:54.815195
processed,q2_area,Z4,cache,660.5539321899414,0,46dede04-78a0-42d9-8e43-2363eebf6b62,2026-06-03 05:47:54.816815
processed,q3_density,Z3,cache,712.730884552002,0,8c1c2195-63b7-477c-b010-1cd1d82922c5,2026-06-03 05:47:54.819301
processed,q4_compare,Z3,generator,3433.8128566741943,2,b42ca90d-43c1-4d61-8f5a-975cf5d56e71,2026-06-03 05:47:54.826548
processed,q3_density,Z4,generator,570.9054470062256,1,93b130bf-10c5-431c-939d-9b2b46ac25a1,2026-06-03 05:47:54.828761
recovered,q4_compare,Z3,generator,3433.8128566741943,2,b42ca90d-43c1-4d61-8f5a-975cf5d56e71,2026-06-03 05:47:54.829115
recovered,q3_density,Z4,generator,570.9054470062256,1,93b130bf-10c5-431c-939d-9b2b46ac25a1,2026-06-03 05:47:54.830857
processed,q1_count,Z5,cache,372.8528022766113,0,22ecc4e9-ee9b-473f-9958-6173294d494f,2026-06-03 05:47:54.831617
processed,q5_confidence_dist,Z1,cache,274.30129051208496,0,6afe0abe-dddb-4583-8df5-9dd8adee6278,2026-06-03 05:47:54.832621
processed,q2_area,Z5,cache,225.33440589904785,0,e56d7078-162b-48e4-84cb-4e246d2da7ae,2026-06-03 05:47:54.833771
processed,q5_confidence_dist,Z2,cache,477.8332710266113,0,31503497-b1f2-446c-942a-a84b0de817c5,2026-06-03 05:47:54.835244
retry,q4_compare,Z5,,0.0,2,676d36d4-1928-4fa7-aeb7-642e33bb4ff9,2026-06-03 05:47:55.289277
processed,q5_confidence_dist,Z1,cache,1386.2521648406982,0,7cd2374a-d634-4d4a-b3f0-61e399cec5ab,2026-06-03 05:47:55.291295
processed,q5_confidence_dist,Z2,cache,1237.3931407928467,0,195f13f6-8ab9-4ecc-93d9-17d4228b25c4,2026-06-03 05:47:55.293203
processed,q5_confidence_dist,Z4,cache,1339.8346900939941,0,586badd3-2a16-4260-9754-1626072f2752,2026-06-03 05:47:55.294987
processed,q4_compare,Z4,cache,1442.216396331787,0,748125dc-b536-49ad-b34f-359a08e00808,2026-06-03 05:47:55.296479
processed,q2_area,Z5,cache,489.3033504486084,0,981bf2f4-0943-46c0-9ff9-68224d76c12a,2026-06-03 05:47:55.298920
processed,q1_count,Z3,cache,38.08999061584473,0,b324040a-df00-43ae-83d3-9acab945644f,2026-06-03 05:47:55.300040
processed,q4_compare,Z4,cache,89.45846557617188,0,a6fa8652-4407-40bd-af58-a83358e2b17c,2026-06-03 05:47:55.301091
processed,q3_density,Z4,generator,798.2649803161621,0,2c2c08c2-93ba-49e0-b1ae-9c568bedfcd3,2026-06-03 05:47:55.306878
processed,q5_confidence_dist,Z4,cache,1001.3606548309326,0,4b7732b0-161c-4817-8ff7-04d730c8bdf6,2026-06-03 05:47:55.308512
processed,q5_confidence_dist,Z4,cache,651.0715484619141,0,816bd569-900c-4bed-87af-a0b629c238d8,2026-06-03 05:47:55.310099
processed,q4_compare,Z1,cache,602.3209095001221,0,f5bba1f1-995b-46fe-b74e-d355a4b82a5b,2026-06-03 05:47:55.311582
processed,q3_density,Z5,cache,251.9967555999756,0,a5fff9c4-080a-4846-9cb9-3b13148a5ea1,2026-06-03 05:47:55.313403
retry,q4_compare,Z4,,0.0,1,282d0b8b-28b7-443c-b15b-a8a8f8af42a9,2026-06-03 05:47:55.336191
processed,q4_compare,Z2,cache,1684.4468116760254,0,c1066f99-e887-449d-aee2-272690327b8b,2026-06-03 05:47:55.337950
retry,q4_compare,Z4,,0.0,1,cd1ee892-0c81-456b-8339-a3ddfd4eeec6,2026-06-03 05:47:55.339416
processed,q4_compare,Z4,cache,1585.8218669891357,0,4cd56330-2e62-4f32-836c-3f4c18b1a227,2026-06-03 05:47:55.339935
processed,q3_density,Z3,cache,1537.3480319976807,0,42781cfb-7700-4029-ae89-56f289edc0fc,2026-06-03 05:47:55.341142
processed,q1_count,Z1,generator,2698.261260986328,1,696ebcf0-8533-46c9-9c9e-991c1807da40,2026-06-03 05:47:55.347627
processed,q4_compare,Z2,generator,3100.6293296813965,2,7c0b7597-298d-47f2-bf83-627bf744fa01,2026-06-03 05:47:55.347678
recovered,q1_count,Z1,generator,2698.261260986328,1,696ebcf0-8533-46c9-9c9e-991c1807da40,2026-06-03 05:47:55.349630
recovered,q4_compare,Z2,generator,3100.6293296813965,2,7c0b7597-298d-47f2-bf83-627bf744fa01,2026-06-03 05:47:55.349661
processed,q4_compare,Z5,cache,1144.777774810791,0,9fc4ff8b-6191-4d45-9da0-765e2e414206,2026-06-03 05:47:55.351695
processed,q2_area,Z1,cache,391.6804790496826,0,9375fb12-b372-4565-81d6-18141a3a37be,2026-06-03 05:47:55.352245
processed,q2_area,Z5,cache,1800.3969192504883,0,7ff139b4-b4e5-4079-81dd-7ecd4773b166,2026-06-03 05:47:55.353482
processed,q5_confidence_dist,Z4,cache,242.2623634338379,0,78c59e01-d685-465d-a36b-fea40b9888fb,2026-06-03 05:47:55.353519
processed,q5_confidence_dist,Z3,cache,495.7582950592041,0,f551bf1c-0518-4331-bf63-3349315fa79c,2026-06-03 05:47:55.355621
processed,q4_compare,Z5,generator,2865.1859760284424,2,676d36d4-1928-4fa7-aeb7-642e33bb4ff9,2026-06-03 05:47:55.363410
recovered,q4_compare,Z5,generator,2865.1859760284424,2,676d36d4-1928-4fa7-aeb7-642e33bb4ff9,2026-06-03 05:47:55.364750
processed,q5_confidence_dist,Z4,cache,455.8267593383789,0,87562c38-e0c5-464c-9b0b-d770b7f187cf,2026-06-03 05:47:55.366296
retry,q4_compare,Z2,,0.0,1,eb227b07-1304-4e20-b148-97dbb53103c1,2026-06-03 05:47:55.870186
retry,q4_compare,Z4,,0.0,2,cd1ee892-0c81-456b-8339-a3ddfd4eeec6,2026-06-03 05:47:56.343236
retry,q4_compare,Z4,,0.0,2,282d0b8b-28b7-443c-b15b-a8a8f8af42a9,2026-06-03 05:47:56.357764
processed,q3_density,Z5,cache,1348.7932682037354,0,764c0e34-4ed5-48e5-8d39-3d65b4e3235a,2026-06-03 05:47:56.359996
processed,q1_count,Z5,cache,1199.9659538269043,0,a2e38348-21ae-4887-8048-62393397fe9a,2026-06-03 05:47:56.361784
processed,q4_compare,Z4,generator,1610.9302043914795,2,282d0b8b-28b7-443c-b15b-a8a8f8af42a9,2026-06-03 05:47:56.370541
recovered,q4_compare,Z4,generator,1610.9302043914795,2,282d0b8b-28b7-443c-b15b-a8a8f8af42a9,2026-06-03 05:47:56.372028
processed,q4_compare,Z4,cache,1965.8639430999756,2,cd1ee892-0c81-456b-8339-a3ddfd4eeec6,2026-06-03 05:47:56.373452
processed,q2_area,Z5,cache,760.7965469360352,0,2ea158ae-241b-4902-8085-8aabcc3c6895,2026-06-03 05:47:56.374928
retry,q2_area,Z1,,0.0,1,79981344-9ba8-4390-b2b4-559fb3188c69,2026-06-03 05:47:56.376311
processed,q5_confidence_dist,Z4,cache,360.4440689086914,0,db6adc40-f8c3-425e-8eac-07a47cfeffa8,2026-06-03 05:47:56.376840
processed,q5_confidence_dist,Z2,cache,663.6555194854736,0,54a5e16d-ab7c-42fe-9e8c-99354c840673,2026-06-03 05:47:56.378604
processed,q3_density,Z2,cache,615.2870655059814,0,9d86cf86-ad5d-4d0b-af01-d76d625cacdf,2026-06-03 05:47:56.380391
processed,q4_compare,Z4,cache,415.93217849731445,0,8ee2b6d3-52cf-43b7-93d4-ba837d83fb98,2026-06-03 05:47:56.381843
processed,q2_area,Z2,cache,115.90361595153809,0,07051343-f5cd-450a-b589-c777b76fbba0,2026-06-03 05:47:56.383465
processed,q4_compare,Z5,cache,569.8583126068115,0,b4dbb94d-3677-4116-a0a2-14729e4d867c,2026-06-03 05:47:56.385392
processed,q2_area,Z1,generator,726.8953323364258,1,79981344-9ba8-4390-b2b4-559fb3188c69,2026-06-03 05:47:56.391402
recovered,q2_area,Z1,generator,726.8953323364258,1,79981344-9ba8-4390-b2b4-559fb3188c69,2026-06-03 05:47:56.393116
processed,q3_density,Z5,cache,26.862621307373047,0,8e56dcd7-ff10-4639-a12e-0e917666e108,2026-06-03 05:47:56.395188
processed,q2_area,Z5,cache,1.2311935424804688,0,1402b4ed-f64d-4251-901e-a98f1e3b20f4,2026-06-03 05:47:56.470353
processed,q2_area,Z1,cache,1.3434886932373047,0,dc7a3dd8-3a89-436a-b331-878e8eef93b5,2026-06-03 05:47:56.570983
processed,q4_compare,Z1,cache,1.3663768768310547,0,568387b0-7ca8-4660-9c51-88ea759c0284,2026-06-03 05:47:56.771461
retry,q1_count,Z2,,0.0,1,107de7da-d30b-4d18-a37f-8b2a0f4db19e,2026-06-03 05:47:56.881446
processed,q1_count,Z1,cache,1017.6417827606201,0,b4c148dc-81eb-41c4-9a5e-dc96299fc3ba,2026-06-03 05:47:56.883635
retry,q4_compare,Z2,,0.0,2,eb227b07-1304-4e20-b148-97dbb53103c1,2026-06-03 05:47:57.348841
processed,q2_area,Z4,cache,1836.9460105895996,0,645f944b-0413-4172-9722-22ff793f1051,2026-06-03 05:47:57.351153
processed,q5_confidence_dist,Z1,cache,1185.7459545135498,0,c722735a-2443-4efc-9094-1da4e2f438b2,2026-06-03 05:47:57.352429
processed,q5_confidence_dist,Z4,cache,1991.1036491394043,0,88f891ff-82f1-4fb6-a627-f8e176e86eaf,2026-06-03 05:47:57.353568
processed,q3_density,Z2,cache,1941.9865608215332,0,cfce5c3a-4839-4158-bc6f-510e7d85e750,2026-06-03 05:47:57.354940
processed,q2_area,Z2,cache,1792.510986328125,0,639862cc-f33d-4ba2-adc0-8dc691c65eda,2026-06-03 05:47:57.355970
processed,q3_density,Z2,cache,1240.7314777374268,0,b0123a78-2f1c-4286-90c7-91b76d35c050,2026-06-03 05:47:57.357220
processed,q2_area,Z2,cache,1292.1826839447021,0,bab6bc66-0d8d-4a6a-ab19-cd57b05f3274,2026-06-03 05:47:57.358212
dlq,q4_compare,Z2,,0.0,3,eb227b07-1304-4e20-b148-97dbb53103c1,2026-06-03 05:47:57.362593
processed,q5_confidence_dist,Z1,cache,393.51606369018555,0,697073cb-4ee3-4a64-95d3-d7f6198fbbee,2026-06-03 05:47:57.364032
processed,q3_density,Z1,cache,143.91851425170898,0,ce28b950-2769-470d-87f4-d43ebc18b080,2026-06-03 05:47:57.365617
processed,q1_count,Z5,cache,647.9151248931885,0,549ed0d9-30a4-4ef1-9536-e2cf43fb3dda,2026-06-03 05:47:57.367610
retry,q2_area,Z3,,0.0,1,f369b86e-e080-4161-a438-4f2af106a9b5,2026-06-03 05:47:57.389547
processed,q5_confidence_dist,Z4,cache,521.0433006286621,0,33371063-7f0a-4c1e-978f-6a1577582a02,2026-06-03 05:47:57.391126
processed,q3_density,Z1,cache,974.5500087738037,0,d2c92df2-449a-4b4a-8605-be481c352852,2026-06-03 05:47:57.392489
processed,q3_density,Z5,cache,724.7560024261475,0,de9840f7-c47c-4bde-9ee0-45f90ad36b44,2026-06-03 05:47:57.393814
processed,q5_confidence_dist,Z2,cache,1178.1055927276611,0,d8047879-b16f-4b6c-b967-ec10dfa50f8c,2026-06-03 05:47:57.395055
processed,q5_confidence_dist,Z3,cache,1480.7934761047363,0,5f87b203-1e29-4590-9f5e-47caa475f1e1,2026-06-03 05:47:57.396584
retry,q4_compare,Z5,,0.0,1,56666ab8-2e30-4e92-a5e9-8e1d153c85b2,2026-06-03 05:47:57.872793
processed,q1_count,Z5,generator,707.4432373046875,0,1cff4ba7-9a51-4556-86aa-75d5ba8482a8,2026-06-03 05:47:57.879075
processed,q4_compare,Z4,cache,1261.744737625122,0,f4c6b087-313e-4bc8-9541-729c42a2642a,2026-06-03 05:47:57.880703
processed,q2_area,Z5,cache,1062.3066425323486,0,050b2029-b7a4-4036-9e3d-6dd986b1f062,2026-06-03 05:47:57.882035
retry,q1_count,Z2,,0.0,2,107de7da-d30b-4d18-a37f-8b2a0f4db19e,2026-06-03 05:47:57.884694
retry,q4_compare,Z2,,0.0,1,566e3f29-658f-4665-bfac-c99e69d036c6,2026-06-03 05:47:57.901025
retry,q2_area,Z3,,0.0,1,af60e10b-c4c3-4b93-b75e-afecf8c83615,2026-06-03 05:47:58.386191
processed,q1_count,Z4,cache,1065.833568572998,0,f0082031-5a0c-4d8d-927f-face7c942198,2026-06-03 05:47:58.388121
processed,q3_density,Z3,cache,164.5956039428711,0,440eba4e-bd8a-4087-8f41-859ef444c483,2026-06-03 05:47:58.390758
processed,q1_count,Z3,cache,417.27161407470703,0,3e9d756e-17b1-476d-990d-342a03d26528,2026-06-03 05:47:58.392245
processed,q1_count,Z2,cache,619.7090148925781,0,f859bdcc-7a36-402f-b7a1-1aeb94167492,2026-06-03 05:47:58.394160
processed,q3_density,Z5,cache,1023.2715606689453,0,bb2773d9-1844-4fa2-ba1c-cc4f76cf724f,2026-06-03 05:47:58.395771
processed,q2_area,Z4,cache,974.7834205627441,0,0777429e-f77f-4818-a675-54dccc52b667,2026-06-03 05:47:58.397459
processed,q2_area,Z5,cache,825.6778717041016,0,acabebd1-f0c6-4682-83e0-f71c11e13762,2026-06-03 05:47:58.398996
processed,q2_area,Z5,cache,525.8159637451172,0,ef824ddd-d0bf-4df3-8235-c5d6f7e5a9f4,2026-06-03 05:47:58.400508
processed,q4_compare,Z3,cache,1.2254714965820312,0,db97daf1-096b-4690-9376-5be9b4f5fbaf,2026-06-03 05:47:58.479229
processed,q5_confidence_dist,Z1,cache,1.1861324310302734,0,06a8a42e-4753-4f61-9dc9-db753b1b05af,2026-06-03 05:47:58.629978
processed,q3_density,Z1,cache,1.169443130493164,0,3a89337b-f389-4865-9c01-cc88bb6716c5,2026-06-03 05:47:58.680019
processed,q4_compare,Z3,generator,8.085489273071289,0,116ddb38-2ad3-4995-bffc-102ac5f8f88b,2026-06-03 05:47:58.887582
retry,q2_area,Z3,,0.0,2,f369b86e-e080-4161-a438-4f2af106a9b5,2026-06-03 05:47:58.890427
processed,q4_compare,Z5,generator,1877.9456615447998,1,56666ab8-2e30-4e92-a5e9-8e1d153c85b2,2026-06-03 05:47:58.899339
recovered,q4_compare,Z5,generator,1877.9456615447998,1,56666ab8-2e30-4e92-a5e9-8e1d153c85b2,2026-06-03 05:47:58.900754
dlq,q1_count,Z2,,0.0,3,107de7da-d30b-4d18-a37f-8b2a0f4db19e,2026-06-03 05:47:58.904950
retry,q4_compare,Z2,,0.0,2,566e3f29-658f-4665-bfac-c99e69d036c6,2026-06-03 05:47:58.906039
processed,q3_density,Z3,cache,1835.707187652588,0,5f707630-af89-4cef-a4a8-de169c70e2ae,2026-06-03 05:47:58.906978
processed,q4_compare,Z1,cache,1636.6713047027588,0,69721c37-4c05-4d70-9d28-d5b5fa939392,2026-06-03 05:47:58.908568
processed,q3_density,Z2,cache,1437.2894763946533,0,fde53842-d04b-4d66-9352-4a01b60a72a5,2026-06-03 05:47:58.909998
processed,q1_count,Z4,cache,1287.9877090454102,0,a594ca66-4d53-4691-9a9d-6428c7313018,2026-06-03 05:47:58.911418
processed,q2_area,Z1,cache,85.12711524963379,0,d6bbcf70-c03e-47c6-8418-c2a967af637e,2026-06-03 05:47:58.913902
processed,q1_count,Z5,cache,789.7577285766602,0,b1d1875c-2286-4f44-8d30-04ef0a7c18b8,2026-06-03 05:47:58.915270
processed,q2_area,Z2,cache,539.99924659729,0,e6848fa3-3286-49e7-94c9-c3795add4aa6,2026-06-03 05:47:58.916587
processed,q1_count,Z3,cache,591.5734767913818,0,b8dcd69b-536b-48b8-8c3e-ca6f85b7e34b,2026-06-03 05:47:58.917765
processed,q2_area,Z3,generator,144.1655158996582,0,daef0ce9-a90d-44de-8734-b8ed5c3fcca2,2026-06-03 05:47:58.922517
processed,q1_count,Z1,cache,1.1851787567138672,0,ad967ebd-0272-4c28-a5c5-3c38064169bd,2026-06-03 05:47:59.032378
retry,q4_compare,Z5,,0.0,1,f592245f-8cd4-4b4e-b99d-8506d4911c35,2026-06-03 05:47:59.410290
processed,q1_count,Z3,cache,1587.6266956329346,0,eb80f1d2-6a8c-4bb4-bf55-4620bf4e161e,2026-06-03 05:47:59.412014
processed,q3_density,Z4,cache,1890.758991241455,0,c73bd932-58dd-42dc-9a8d-10182a7e6d73,2026-06-03 05:47:59.413726
processed,q5_confidence_dist,Z2,cache,1691.2877559661865,0,dd7473a9-d740-4bf9-8a3a-dac45d2a96fa,2026-06-03 05:47:59.414978
processed,q1_count,Z2,generator,1746.438980102539,0,127c9647-ac4a-4ef4-b75e-061b5de391f4,2026-06-03 05:47:59.419974
dlq,q4_compare,Z2,,0.0,3,566e3f29-658f-4665-bfac-c99e69d036c6,2026-06-03 05:47:59.424406
retry,q1_count,Z2,,0.0,1,33925698-1642-4dda-9498-b3ddb869c787,2026-06-03 05:47:59.426702
dlq,q2_area,Z3,,0.0,3,f369b86e-e080-4161-a438-4f2af106a9b5,2026-06-03 05:47:59.427516
processed,q5_confidence_dist,Z3,cache,1152.7788639068604,0,bbd85d7a-cb8d-443c-902c-5ede01a5693a,2026-06-03 05:47:59.429411
processed,q1_count,Z1,cache,47.21713066101074,0,d58724fc-35a0-4d37-9b7c-aeae90c6f21e,2026-06-03 05:47:59.429491
processed,q4_compare,Z4,generator,457.83424377441406,0,e0268ca6-aa50-48a1-8475-f4aa51571a57,2026-06-03 05:47:59.437858
processed,q2_area,Z1,cache,258.547306060791,0,9a105595-5d4f-4d56-afcb-33448bf0fe8e,2026-06-03 05:47:59.439320
retry,q4_compare,Z5,,0.0,1,c3dd98e0-fd07-4ba5-8a4b-ced34c3a5cb5,2026-06-03 05:47:59.786656
retry,q3_density,Z1,,0.0,1,83c6cc6e-6a52-488c-aeaa-37b07486bfd2,2026-06-03 05:47:59.943827
processed,q3_density,Z1,generator,1020.6527709960938,1,83c6cc6e-6a52-488c-aeaa-37b07486bfd2,2026-06-03 05:47:59.950492
recovered,q3_density,Z1,generator,1020.6527709960938,1,83c6cc6e-6a52-488c-aeaa-37b07486bfd2,2026-06-03 05:47:59.951967
processed,q1_count,Z4,cache,69.35763359069824,0,883aea40-0b46-424b-9944-7a32ace038ab,2026-06-03 05:47:59.953285
processed,q5_confidence_dist,Z2,cache,522.5059986114502,0,49ba2e52-b5d0-4430-95b5-456cf152ab5d,2026-06-03 05:47:59.954623
processed,q3_density,Z4,cache,172.40047454833984,0,15aaee04-db0d-496c-8252-e4c6f20a2ccb,2026-06-03 05:47:59.955988
processed,q1_count,Z5,generator,428.3788204193115,0,6e1911d6-c923-4a83-a89d-c043d2cb172a,2026-06-03 05:47:59.961093
processed,q2_area,Z3,cache,128.67498397827148,0,f38682ef-c7c2-4ce2-8277-1d97e4b72817,2026-06-03 05:47:59.962384
processed,q4_compare,Z3,generator,34.28006172180176,0,897013cf-4337-436d-a75f-de27cdb0c269,2026-06-03 05:47:59.968553
processed,q1_count,Z1,cache,1.1327266693115234,0,f66a98d2-514b-4413-af00-2b84dba43805,2026-06-03 05:48:00.036190
processed,q2_area,Z3,cache,1.219034194946289,0,df15d1b4-ec11-48b9-b59d-6581be50bf7d,2026-06-03 05:48:00.186991
processed,q2_area,Z5,cache,1.1911392211914062,0,e01e0391-1061-43a7-a859-bb0e9d280d06,2026-06-03 05:48:00.287409
processed,q2_area,Z1,cache,1.1093616485595703,0,7a0e572a-aca2-41c3-bc94-c1d7a110ea36,2026-06-03 05:48:00.387892
retry,q2_area,Z3,,0.0,2,af60e10b-c4c3-4b93-b75e-afecf8c83615,2026-06-03 05:48:00.435017
processed,q2_area,Z5,cache,1.1529922485351562,0,bda1b6f7-26d8-4413-9826-e63164653832,2026-06-03 05:48:00.438062
processed,q3_density,Z5,cache,1.188039779663086,0,e16923dd-779f-4dce-b3eb-fe0bee426f95,2026-06-03 05:48:00.488226
processed,q1_count,Z3,cache,1.369476318359375,0,4deffa1f-1e52-42e7-bad3-22662ee1dba9,2026-06-03 05:48:00.639796
processed,q1_count,Z1,cache,1.0905265808105469,0,b6eadb27-bee1-43fe-9eae-4acea6b5546f,2026-06-03 05:48:00.689155
processed,q4_compare,Z3,generator,6.671667098999023,0,9350461a-2a29-4b5b-8d64-c1d3c1d2ef4e,2026-06-03 05:48:00.744674
retry,q4_compare,Z5,,0.0,2,f592245f-8cd4-4b4e-b99d-8506d4911c35,2026-06-03 05:48:00.791545
processed,q5_confidence_dist,Z2,cache,1461.4510536193848,0,8e4b9d09-c994-4d29-bf0b-4e8e873d6a6f,2026-06-03 05:48:00.793771
processed,q5_confidence_dist,Z4,cache,1162.191390991211,0,715ad4ab-2a2c-4c6e-a0f2-9bb31f419026,2026-06-03 05:48:00.795277
processed,q5_confidence_dist,Z3,cache,1063.2810592651367,0,a9a75228-c81b-4cba-bc96-21ddc01820c8,2026-06-03 05:48:00.796702
dlq,q4_compare,Z5,,0.0,3,f592245f-8cd4-4b4e-b99d-8506d4911c35,2026-06-03 05:48:00.800576
processed,q3_density,Z3,cache,817.5783157348633,0,5d6738e3-6b97-440e-ad43-805ade1978e5,2026-06-03 05:48:00.802238
processed,q3_density,Z5,cache,0.9629726409912109,0,9b9538de-dcb2-4abe-a2a7-5d0926b61b15,2026-06-03 05:48:00.839699
retry,q3_density,Z2,,0.0,1,ad431846-ebe3-4577-8f6a-6b31985ca7b2,2026-06-03 05:48:00.939788
processed,q3_density,Z5,cache,2916.287422180176,0,75b283e4-ef84-42d0-9c09-9f8927c1d8c5,2026-06-03 05:48:00.941390
processed,q5_confidence_dist,Z5,cache,2365.4589653015137,0,629cdd81-c20d-4e92-8181-669ae27a6f13,2026-06-03 05:48:00.943077
processed,q1_count,Z1,cache,2216.296911239624,0,b32bbd36-8c6e-42e6-9ab0-3251770a0dcc,2026-06-03 05:48:00.944589
processed,q3_density,Z2,generator,3020.8446979522705,1,ad431846-ebe3-4577-8f6a-6b31985ca7b2,2026-06-03 05:48:00.945678
processed,q5_confidence_dist,Z5,cache,2870.6893920898438,0,702f228c-3763-4032-82b9-54c740737e41,2026-06-03 05:48:00.946474
recovered,q3_density,Z2,generator,3020.8446979522705,1,ad431846-ebe3-4577-8f6a-6b31985ca7b2,2026-06-03 05:48:00.948143
processed,q1_count,Z1,cache,2772.078275680542,0,d68477eb-26eb-49bc-ab36-e9d95895fce8,2026-06-03 05:48:00.948174
processed,q5_confidence_dist,Z4,cache,2422.4040508270264,0,658fd9a5-11b7-467d-899e-c2cfd5759e01,2026-06-03 05:48:00.949813
processed,q3_density,Z4,cache,1870.8322048187256,0,c137b485-a9a8-4342-ac7d-67f0ebd5ec3e,2026-06-03 05:48:00.951003
processed,q5_confidence_dist,Z4,cache,1821.7589855194092,0,75d5eb85-3852-4b8f-b0d8-3ffbc3b57de3,2026-06-03 05:48:00.952171
processed,q2_area,Z3,cache,1722.4042415618896,0,68b066fa-98e3-460b-9276-db9d840d8a0f,2026-06-03 05:48:00.953258
processed,q4_compare,Z3,cache,871.0494041442871,0,754a5b8b-2b9a-40d7-89b5-b84d1b5f2a1d,2026-06-03 05:48:00.955791
processed,q5_confidence_dist,Z4,cache,18.288373947143555,0,10b783a8-7937-4e69-be7f-f2da4423d5ec,2026-06-03 05:48:00.956895
processed,q4_compare,Z4,cache,823.115348815918,0,091c45b5-eae3-4dfe-bab2-9d7a38658012,2026-06-03 05:48:00.957992
processed,q4_compare,Z2,cache,723.7331867218018,0,1bc0d635-87eb-4195-8714-6fe965f57f80,2026-06-03 05:48:00.959108
processed,q1_count,Z1,cache,1.0631084442138672,0,0afbc20e-db73-48cb-959b-836349b38f78,2026-06-03 05:48:01.191737
processed,q4_compare,Z2,generator,7.0743560791015625,0,307b6e00-4d80-4632-9de8-7f720b61a113,2026-06-03 05:48:01.298026
retry,q1_count,Z2,,0.0,1,7a056736-b333-4830-9b05-703a3e27c679,2026-06-03 05:48:01.305845
processed,q4_compare,Z5,generator,776.6780853271484,0,c06ae46a-5ca6-4cce-8257-3d5c16ca29d2,2026-06-03 05:48:01.313990
processed,q4_compare,Z5,generator,82.08036422729492,0,b8ff9ad2-f7ad-4462-9f4a-170d7528eb38,2026-06-03 05:48:01.322451
processed,q3_density,Z5,cache,334.89012718200684,0,1defb6e8-bd33-4d14-93ce-5b6bc115f669,2026-06-03 05:48:01.324006
processed,q1_count,Z2,generator,741.471529006958,1,7a056736-b333-4830-9b05-703a3e27c679,2026-06-03 05:48:01.328688
recovered,q1_count,Z2,generator,741.471529006958,1,7a056736-b333-4830-9b05-703a3e27c679,2026-06-03 05:48:01.329743
processed,q5_confidence_dist,Z3,cache,442.4703121185303,0,a710f87e-ffa4-4810-9e25-55421ba16317,2026-06-03 05:48:01.330828
retry,q4_compare,Z2,,0.0,1,b8e4ce70-563c-4e8c-98b1-17741cdcca57,2026-06-03 05:48:01.464462
processed,q1_count,Z2,cache,3039.1898155212402,1,33925698-1642-4dda-9498-b3ddb869c787,2026-06-03 05:48:01.466021
processed,q4_compare,Z5,generator,2189.4407272338867,1,c3dd98e0-fd07-4ba5-8a4b-ced34c3a5cb5,2026-06-03 05:48:01.470829
recovered,q4_compare,Z5,generator,2189.4407272338867,1,c3dd98e0-fd07-4ba5-8a4b-ced34c3a5cb5,2026-06-03 05:48:01.472027
dlq,q2_area,Z3,,0.0,3,af60e10b-c4c3-4b93-b75e-afecf8c83615,2026-06-03 05:48:01.475450
processed,q1_count,Z5,cache,688.7741088867188,0,0b8ffece-2973-437f-8709-025d14b58689,2026-06-03 05:48:01.477162
processed,q4_compare,Z2,generator,2001.2295246124268,0,97d7b2ad-80aa-4eae-b658-92ce4d725cc8,2026-06-03 05:48:01.483678
processed,q3_density,Z4,cache,1902.3308753967285,0,af419da8-73c5-4cc3-aec6-fcd425f9646d,2026-06-03 05:48:01.485053
processed,q3_density,Z1,cache,1803.1978607177734,0,64e04171-9852-4348-ad52-e9c94baa6a0b,2026-06-03 05:48:01.486252
processed,q1_count,Z1,cache,97.686767578125,0,5d926d0e-bbb3-419b-a8bb-1544a1dfd3f9,2026-06-03 05:48:01.488405
retry,q3_density,Z1,,0.0,1,e7b53e6b-f427-43f6-9bc5-1ea3670c7904,2026-06-03 05:48:01.834472
processed,q1_count,Z5,cache,746.5286254882812,0,621c94b1-a397-4305-b457-a3cb3c3bfe63,2026-06-03 05:48:01.836115
retry,q1_count,Z5,,0.0,1,5ef9ac33-f821-4500-b776-73fd6b7517f2,2026-06-03 05:48:01.844651
processed,q2_area,Z1,cache,5.108118057250977,0,6425ab0c-9831-45f8-ad88-f91d098d3559,2026-06-03 05:48:01.848417
processed,q2_area,Z5,cache,56.937456130981445,0,ff71c0d0-718e-4e88-a1f5-58bca6fbed06,2026-06-03 05:48:01.849665
processed,q3_density,Z5,cache,359.6827983856201,0,a261a7c1-1591-4ec0-83e4-109b6dfc54fe,2026-06-03 05:48:01.850799
processed,q5_confidence_dist,Z2,cache,310.5947971343994,0,0733df5e-fe33-4a20-9b9b-e72835e445ba,2026-06-03 05:48:01.851961
processed,q1_count,Z3,cache,412.1830463409424,0,076847be-2f02-4c48-9412-57601019e466,2026-06-03 05:48:01.853054
processed,q4_compare,Z1,cache,1.043081283569336,0,62297d2a-3482-4317-986a-06d95dc06651,2026-06-03 05:48:02.095870
retry,q4_compare,Z2,,0.0,2,b8e4ce70-563c-4e8c-98b1-17741cdcca57,2026-06-03 05:48:02.492087
processed,q5_confidence_dist,Z1,cache,1353.8846969604492,0,69fa1944-ae46-4c9b-8251-b333b04fcccc,2026-06-03 05:48:02.493596
processed,q2_area,Z1,cache,1.0101795196533203,0,edca72a7-02f8-416e-be47-43304cbbc699,2026-06-03 05:48:02.497725
processed,q3_density,Z1,generator,1459.73801612854,1,e7b53e6b-f427-43f6-9bc5-1ea3670c7904,2026-06-03 05:48:02.498828
recovered,q3_density,Z1,generator,1459.73801612854,1,e7b53e6b-f427-43f6-9bc5-1ea3670c7904,2026-06-03 05:48:02.499805
dlq,q4_compare,Z2,,0.0,3,b8e4ce70-563c-4e8c-98b1-17741cdcca57,2026-06-03 05:48:02.503636
processed,q2_area,Z4,cache,259.8583698272705,0,7c2a21be-349a-4ea7-8a12-c48402936440,2026-06-03 05:48:02.505049
processed,q5_confidence_dist,Z2,cache,864.2721176147461,0,c867c37d-16ab-499e-866d-ae4e25661c67,2026-06-03 05:48:02.506391
processed,q3_density,Z4,cache,765.0330066680908,0,c9530654-11ed-471b-8860-ed2a48085b08,2026-06-03 05:48:02.507625
processed,q2_area,Z4,cache,465.2378559112549,0,ceb46a75-4d11-40fd-a069-f3e937f06bc3,2026-06-03 05:48:02.509343
processed,q5_confidence_dist,Z1,cache,165.08889198303223,0,25ab820f-52aa-4613-9401-a7e0f7cac638,2026-06-03 05:48:02.510903
processed,q2_area,Z3,cache,116.36924743652344,0,c82b3509-0ae9-493d-8177-b6f3d4f06cfc,2026-06-03 05:48:02.512218
processed,q5_confidence_dist,Z2,cache,821.2752342224121,0,c05f80ea-c2c3-46fc-94f6-9bd373208c58,2026-06-03 05:48:02.513559
processed,q1_count,Z2,cache,923.1758117675781,0,aa98d83e-243d-41db-9ec2-82f8481170e5,2026-06-03 05:48:02.514922
processed,q5_confidence_dist,Z3,cache,622.9233741760254,0,98e742b9-1437-4987-9efc-c0d8c83f5115,2026-06-03 05:48:02.516363
processed,q4_compare,Z4,generator,7.375478744506836,0,de119a27-44f6-4d4c-884a-8295021d78d8,2026-06-03 05:48:02.554205
processed,q5_confidence_dist,Z3,cache,1.1184215545654297,0,9c231aa5-8f4b-4b8b-9417-5fe4e59bb2ed,2026-06-03 05:48:02.598413
processed,q1_count,Z1,cache,1.1353492736816406,0,21c5bbbf-7bc1-48d3-8bcc-701686627371,2026-06-03 05:48:02.649023
processed,q4_compare,Z5,cache,1.0755062103271484,0,81bfd8b9-d2ee-4123-be7a-741987f53e87,2026-06-03 05:48:02.699267
retry,q1_count,Z5,,0.0,2,5ef9ac33-f821-4500-b776-73fd6b7517f2,2026-06-03 05:48:02.847652
processed,q4_compare,Z5,cache,1.0113716125488281,0,dc4087dc-7ba7-46ed-849d-990a24e1a9ab,2026-06-03 05:48:02.849649
processed,q1_count,Z5,generator,1515.340805053711,2,5ef9ac33-f821-4500-b776-73fd6b7517f2,2026-06-03 05:48:02.856012
recovered,q1_count,Z5,generator,1515.340805053711,2,5ef9ac33-f821-4500-b776-73fd6b7517f2,2026-06-03 05:48:02.857217
processed,q1_count,Z4,cache,412.3556613922119,0,82a3b48c-c74a-4b64-82ca-a91cada12500,2026-06-03 05:48:02.858393
processed,q1_count,Z4,cache,564.4114017486572,0,a34ce84e-9f5e-4745-932b-accbe014abc2,2026-06-03 05:48:02.859894
processed,q1_count,Z1,cache,867.4702644348145,0,3aed387d-cd11-420b-83db-854571a970c0,2026-06-03 05:48:02.861221
processed,q3_density,Z1,cache,667.717456817627,0,afbc8eca-1a33-440f-82fc-fe8461fc0220,2026-06-03 05:48:02.862467
processed,q1_count,Z3,cache,116.11604690551758,0,685d6002-3677-4284-891f-462412026d0f,2026-06-03 05:48:02.864108
processed,q2_area,Z3,cache,921.9131469726562,0,9227bc4e-6050-49ee-8092-10936ae530c8,2026-06-03 05:48:02.865267
processed,q1_count,Z5,cache,721.9908237457275,0,3757179f-9463-4870-aa80-23933c6a4829,2026-06-03 05:48:02.866327
processed,q3_density,Z1,cache,69.64755058288574,0,2b9c6fab-51db-4155-983b-8b65b069a815,2026-06-03 05:48:02.867373
processed,q2_area,Z3,cache,1.0857582092285156,0,5e686a4f-5f0a-444c-87b1-0f0b682c5f77,2026-06-03 05:48:02.899845
processed,q3_density,Z5,cache,0.9860992431640625,0,2c840240-3138-4b5b-94d9-c664482e2dd7,2026-06-03 05:48:03.000467
processed,q1_count,Z1,cache,1.0867118835449219,0,0ea003e4-7620-410c-ab92-078ac4407365,2026-06-03 05:48:03.201870
retry,q4_compare,Z1,,0.0,1,f57a9687-7da3-47d1-87da-6f77e34e20f3,2026-06-03 05:48:03.452528
processed,q3_density,Z3,cache,355.41725158691406,0,6b7a7773-68cd-4697-9d4c-71ac42646d31,2026-06-03 05:48:03.455022
processed,q1_count,Z1,cache,105.53598403930664,0,42018e94-43e7-4efd-871d-9be0206afcc4,2026-06-03 05:48:03.456571
retry,q4_compare,Z4,,0.0,1,addf82b1-282b-4205-ba67-fb56e9c22d1d,2026-06-03 05:48:03.654467
retry,q4_compare,Z5,,0.0,1,0964aa99-cc2f-450a-ba64-664e42fb5703,2026-06-03 05:48:03.754914
processed,q4_compare,Z1,generator,814.772367477417,1,f57a9687-7da3-47d1-87da-6f77e34e20f3,2026-06-03 05:48:03.763645
recovered,q4_compare,Z1,generator,814.772367477417,1,f57a9687-7da3-47d1-87da-6f77e34e20f3,2026-06-03 05:48:03.764943
retry,q1_count,Z2,,0.0,1,10bbc1b5-4a01-417e-b305-2f9481f9d7f1,2026-06-03 05:48:03.960555
retry,q2_area,Z1,,0.0,1,e22a3186-d955-4e0e-b22b-91e0738b1b9f,2026-06-03 05:48:04.465410
processed,q4_compare,Z5,cache,213.059663772583,0,d283ad40-8a4c-469d-893a-51164bcef3f2,2026-06-03 05:48:04.468254
processed,q1_count,Z5,cache,515.9616470336914,0,0c3f287e-68e0-45f7-a41a-de90d50b3478,2026-06-03 05:48:04.469573
processed,q3_density,Z4,cache,919.0309047698975,0,f6f2b528-db08-4e58-b99c-92ec53aa66c2,2026-06-03 05:48:04.470932
processed,q2_area,Z2,cache,568.8493251800537,0,4fae6714-ebcb-4e8c-b275-be335b009f9c,2026-06-03 05:48:04.472589
processed,q2_area,Z3,cache,470.0469970703125,0,00afdba2-ef10-43f1-b117-6a6b1df2a7e2,2026-06-03 05:48:04.473815
processed,q4_compare,Z5,cache,19.117116928100586,0,cc0b8598-6f70-4650-a148-850b762792d9,2026-06-03 05:48:04.474978
processed,q1_count,Z1,cache,823.9953517913818,0,c54bd56a-570b-4902-b29d-e9740104a541,2026-06-03 05:48:04.476430
processed,q4_compare,Z1,cache,1.2238025665283203,0,fec6a0e5-f790-469b-bc22-735696941380,2026-06-03 05:48:04.608445
retry,q4_compare,Z4,,0.0,2,addf82b1-282b-4205-ba67-fb56e9c22d1d,2026-06-03 05:48:04.660202
processed,q1_count,Z5,cache,1.155853271484375,0,fe219a15-40d8-43f0-be4a-c81334413fb1,2026-06-03 05:48:04.708871
retry,q4_compare,Z5,,0.0,2,0964aa99-cc2f-450a-ba64-664e42fb5703,2026-06-03 05:48:04.769095
processed,q2_area,Z3,cache,1168.5619354248047,0,f97a1503-4e11-4372-acb3-8675a53548d8,2026-06-03 05:48:04.771106
dlq,q4_compare,Z5,,0.0,3,0964aa99-cc2f-450a-ba64-664e42fb5703,2026-06-03 05:48:04.771793
processed,q3_density,Z5,cache,1020.0290679931641,0,b071a2f0-393f-4425-bee5-ac110a78e119,2026-06-03 05:48:04.772840
processed,q2_area,Z1,generator,1731.7159175872803,1,e22a3186-d955-4e0e-b22b-91e0738b1b9f,2026-06-03 05:48:04.781451
recovered,q2_area,Z1,generator,1731.7159175872803,1,e22a3186-d955-4e0e-b22b-91e0738b1b9f,2026-06-03 05:48:04.783346
processed,q5_confidence_dist,Z2,cache,1.4300346374511719,0,2a87c62b-cf40-4494-950f-c47aeace5aef,2026-06-03 05:48:04.910938
processed,q2_area,Z1,cache,1.1239051818847656,0,502b2240-b30c-479c-ab86-8a114a9e1300,2026-06-03 05:48:05.110962
processed,q2_area,Z2,cache,1.1758804321289062,0,a7c93613-ffba-4b44-8031-c423d7d24659,2026-06-03 05:48:05.161303
retry,q1_count,Z4,,0.0,1,8375312d-5314-4783-ae32-77b8c09cdd2a,2026-06-03 05:48:05.164741
processed,q3_density,Z4,cache,1714.798927307129,0,6fb1e73f-efec-4b09-916d-ed28ab72c41d,2026-06-03 05:48:05.166431
processed,q5_confidence_dist,Z5,cache,1666.135549545288,0,efad235b-ab3a-4fc2-ab6b-209a35deafcb,2026-06-03 05:48:05.167651
processed,q2_area,Z3,cache,1.3916492462158203,0,915ea184-c9c4-4fc0-b4a2-7f81d856fe40,2026-06-03 05:48:05.463685
processed,q2_area,Z5,cache,1.1289119720458984,0,a7720399-b06e-4024-9e83-e906ea3d11cf,2026-06-03 05:48:05.613516
retry,q1_count,Z2,,0.0,2,10bbc1b5-4a01-417e-b305-2f9481f9d7f1,2026-06-03 05:48:05.787572
processed,q4_compare,Z4,cache,1132.1632862091064,0,8e0a3e59-ad5f-47fc-b3bd-2b6ce541c2e1,2026-06-03 05:48:05.789263
dlq,q4_compare,Z4,,0.0,3,addf82b1-282b-4205-ba67-fb56e9c22d1d,2026-06-03 05:48:05.792490
processed,q2_area,Z4,cache,1287.6200675964355,0,88fb7e40-e8df-4820-8e09-c584dae71ca2,2026-06-03 05:48:05.793724
processed,q3_density,Z2,cache,1238.5492324829102,0,25540a24-ae6d-441f-8a64-1f592b302cf5,2026-06-03 05:48:05.794783
processed,q5_confidence_dist,Z2,cache,1.1050701141357422,0,700bdd58-0e2f-4e0c-9d0e-7d10ad58be83,2026-06-03 05:48:05.814814
processed,q3_density,Z5,cache,1.291036605834961,0,340aa9a4-25a2-40c8-a858-7ab1d6228949,2026-06-03 05:48:05.915787
processed,q3_density,Z2,cache,1.2164115905761719,0,e54e4e03-ce70-4f9b-9efa-896afa91d1e5,2026-06-03 05:48:06.066320
retry,q1_count,Z4,,0.0,2,8375312d-5314-4783-ae32-77b8c09cdd2a,2026-06-03 05:48:06.174721
processed,q2_area,Z5,cache,2323.1382369995117,0,3ff9f219-b498-46ac-b537-dd7ede2cc2f8,2026-06-03 05:48:06.176901
dlq,q1_count,Z4,,0.0,3,8375312d-5314-4783-ae32-77b8c09cdd2a,2026-06-03 05:48:06.177743
processed,q5_confidence_dist,Z4,cache,1219.8877334594727,0,18685e4c-e239-4095-8860-8b007f183fc3,2026-06-03 05:48:06.178766
processed,q1_count,Z3,cache,2126.1065006256104,0,cb4cbeb1-224d-4130-a0a2-9f59ce741176,2026-06-03 05:48:06.180364
processed,q4_compare,Z4,generator,1881.9499015808105,0,10ef24e6-1d57-4408-84cf-8054c3b81af0,2026-06-03 05:48:06.187274
processed,q5_confidence_dist,Z2,cache,1782.9394340515137,0,e2d737de-0e4b-4f00-bf85-d4486642ada9,2026-06-03 05:48:06.188578
processed,q4_compare,Z4,cache,1331.8297863006592,0,31bc209a-bf78-460c-b5ee-d60432383c6e,2026-06-03 05:48:06.189649
processed,q2_area,Z4,cache,2488.3644580841064,0,23c3971a-a3a0-4375-bb03-698094c5d76a,2026-06-03 05:48:06.190769
processed,q5_confidence_dist,Z5,cache,2087.7060890197754,0,26536203-e210-4b7b-815c-c5415fff05d7,2026-06-03 05:48:06.191996
processed,q1_count,Z1,cache,1435.8093738555908,0,57925f86-4507-402e-841e-cfc4fb7160c8,2026-06-03 05:48:06.193244
processed,q5_confidence_dist,Z4,cache,2039.9835109710693,0,a79518a8-5b74-41fa-9cd2-680e384cd326,2026-06-03 05:48:06.194388
processed,q4_compare,Z1,generator,1996.0613250732422,0,c3240381-d9da-41ac-b0a4-199a9bc87874,2026-06-03 05:48:06.201048
processed,q2_area,Z1,cache,1847.0473289489746,0,5368aac6-7379-4522-92d2-cd8269b325a1,2026-06-03 05:48:06.202545
processed,q1_count,Z2,cache,2400.895595550537,0,ae2f304e-2dc3-461d-b18f-1bdfbbd7e306,2026-06-03 05:48:06.203730
dlq,q1_count,Z2,,0.0,3,10bbc1b5-4a01-417e-b305-2f9481f9d7f1,2026-06-03 05:48:06.208067
processed,q3_density,Z3,cache,446.6996192932129,0,1033b114-61c3-4532-81df-afa2f1351ad1,2026-06-03 05:48:06.209643
processed,q3_density,Z5,cache,46.201229095458984,0,37510b11-9f77-4086-b6ca-51c98e9cf439,2026-06-03 05:48:06.210839
processed,q5_confidence_dist,Z5,cache,97.68152236938477,0,ebd869c6-1420-41ae-a586-34b7b7c1daf6,2026-06-03 05:48:06.212028
retry,q1_count,Z4,,0.0,1,d7a619e4-5250-4b42-b011-456cbb8eb0f5,2026-06-03 05:48:06.299724
processed,q2_area,Z2,cache,940.6545162200928,0,c9201a7e-a023-4584-8a4d-820de9f28349,2026-06-03 05:48:06.301312
processed,q4_compare,Z4,cache,741.0192489624023,0,b4e6d61d-71c7-4cde-bc20-095075ed8110,2026-06-03 05:48:06.302425
processed,q5_confidence_dist,Z3,cache,1244.5769309997559,0,66d6b84d-5ac2-49c0-a7e6-7dd3146ecb8c,2026-06-03 05:48:06.303447
processed,q3_density,Z3,cache,1496.9253540039062,0,841a05bd-60cf-437f-9251-9fdd57a1331f,2026-06-03 05:48:06.304484
processed,q4_compare,Z1,cache,593.2943820953369,0,c67e8709-9dea-4b93-9534-720f20c52216,2026-06-03 05:48:06.305476
processed,q2_area,Z2,cache,1096.8294143676758,0,0b9177f5-efcb-406e-b29e-0955788682e7,2026-06-03 05:48:06.306471
processed,q3_density,Z2,cache,896.8815803527832,0,f322b732-5096-443b-be8c-995271de796a,2026-06-03 05:48:06.308145
processed,q2_area,Z5,cache,798.07448387146,0,09b884d6-a364-44a4-bc2f-1c4d7d7ba65c,2026-06-03 05:48:06.309249
processed,q1_count,Z1,cache,448.35829734802246,0,165f2187-daae-45be-97f1-0e629b3a4160,2026-06-03 05:48:06.311343
processed,q4_compare,Z5,generator,6.742715835571289,0,905d75ac-f1b7-4d6a-97dd-a5007782f285,2026-06-03 05:48:06.573869
processed,q5_confidence_dist,Z2,cache,1.1568069458007812,0,59f152c3-6aca-4f86-8dbc-5dd45098054f,2026-06-03 05:48:06.669244
retry,q4_compare,Z2,,0.0,1,76039165-dc0f-4b83-b007-e24ec30bda77,2026-06-03 05:48:06.715923
processed,q5_confidence_dist,Z2,cache,703.4432888031006,0,ff848862-a6d9-464f-a10e-34e02defa0a9,2026-06-03 05:48:06.717822
processed,q5_confidence_dist,Z3,cache,1459.0749740600586,0,9530e7c8-9507-4101-953e-a8721185e696,2026-06-03 05:48:06.719378
retry,q2_area,Z3,,0.0,1,060a867c-977c-476f-93c6-fc3afe8d5e8e,2026-06-03 05:48:06.815657
processed,q5_confidence_dist,Z5,cache,853.4848690032959,0,147f1bbc-64fb-4040-9a76-5689baad67f6,2026-06-03 05:48:06.817639
processed,q4_compare,Z4,generator,6.12950325012207,0,366e4185-f2d1-4fa8-b377-21b4f7bfb477,2026-06-03 05:48:06.824504
processed,q4_compare,Z2,generator,1518.7804698944092,1,76039165-dc0f-4b83-b007-e24ec30bda77,2026-06-03 05:48:06.829867
recovered,q4_compare,Z2,generator,1518.7804698944092,1,76039165-dc0f-4b83-b007-e24ec30bda77,2026-06-03 05:48:06.831094
processed,q3_density,Z1,cache,215.20256996154785,0,483b0d2c-64eb-435a-8480-97216c91f96e,2026-06-03 05:48:06.832274
processed,q5_confidence_dist,Z2,cache,65.61613082885742,0,8f9f94db-0fa2-4f04-8f89-82e234582c23,2026-06-03 05:48:06.833350
retry,q1_count,Z2,,0.0,1,97fe2f5c-dffe-4750-ab3f-46b45e369195,2026-06-03 05:48:07.223992
processed,q2_area,Z3,generator,1019.3948745727539,1,060a867c-977c-476f-93c6-fc3afe8d5e8e,2026-06-03 05:48:07.235159
recovered,q2_area,Z3,generator,1019.3948745727539,1,060a867c-977c-476f-93c6-fc3afe8d5e8e,2026-06-03 05:48:07.236700
processed,q1_count,Z4,generator,2232.651948928833,1,d7a619e4-5250-4b42-b011-456cbb8eb0f5,2026-06-03 05:48:07.241924
recovered,q1_count,Z4,generator,2232.651948928833,1,d7a619e4-5250-4b42-b011-456cbb8eb0f5,2026-06-03 05:48:07.243429
retry,q1_count,Z4,,0.0,1,a3523191-0a98-43fe-a8d2-d874fe17e343,2026-06-03 05:48:07.337730
processed,q1_count,Z1,cache,822.6304054260254,0,6a7726c5-1e71-41f1-a660-9e14db947336,2026-06-03 05:48:07.339746
processed,q2_area,Z2,cache,874.7115135192871,0,b26ef017-563c-49cc-9c81-a03c016cba2b,2026-06-03 05:48:07.341276
retry,q4_compare,Z5,,0.0,1,909dbf7b-fc5a-4323-8e5a-6e5a5a36b71e,2026-06-03 05:48:07.474373
retry,q1_count,Z2,,0.0,2,97fe2f5c-dffe-4750-ab3f-46b45e369195,2026-06-03 05:48:08.248957
processed,q1_count,Z2,cache,1532.7677726745605,0,fac915be-1595-414f-bbef-6ce41791da2e,2026-06-03 05:48:08.250986
processed,q5_confidence_dist,Z1,cache,1836.1625671386719,0,62b72dc7-2773-45e4-b8a6-7ffce7421fe3,2026-06-03 05:48:08.252634
processed,q2_area,Z1,cache,1335.247278213501,0,62895db3-97cd-457e-b3e4-43b05b896816,2026-06-03 05:48:08.254145
processed,q5_confidence_dist,Z5,cache,1135.5435848236084,0,62c2f67e-0b7d-4a32-bd4d-eb6bb0646b86,2026-06-03 05:48:08.255651
processed,q5_confidence_dist,Z5,cache,1388.5083198547363,0,941a6baf-baf5-46b3-a3cc-90e87baa6305,2026-06-03 05:48:08.257130
processed,q1_count,Z3,cache,1993.0853843688965,0,ad496144-b00c-431c-928e-12899b3e6058,2026-06-03 05:48:08.258611
processed,q5_confidence_dist,Z3,cache,1944.4117546081543,0,fd21c99f-a655-4d72-8a4a-b37180f859d8,2026-06-03 05:48:08.260263
processed,q2_area,Z5,cache,238.68823051452637,0,6b54c25a-1551-4fd5-98d1-92ebb570768d,2026-06-03 05:48:08.262712
processed,q2_area,Z5,cache,993.5994148254395,0,abbf9eb2-2fff-4e51-8773-d3447e5b0de7,2026-06-03 05:48:08.264090
processed,q4_compare,Z2,generator,400.10881423950195,0,ee0b0e3d-faf9-4b58-ba27-eb7852728b89,2026-06-03 05:48:08.273969
retry,q1_count,Z4,,0.0,2,a3523191-0a98-43fe-a8d2-d874fe17e343,2026-06-03 05:48:08.347249
processed,q3_density,Z4,cache,1128.519058227539,0,0692f974-6c30-408a-80ec-37cc6e7a659d,2026-06-03 05:48:08.348830
retry,q4_compare,Z5,,0.0,2,909dbf7b-fc5a-4323-8e5a-6e5a5a36b71e,2026-06-03 05:48:08.481895
processed,q5_confidence_dist,Z5,cache,1162.7399921417236,0,217a5a54-e053-42fa-8656-9f4ad072a28e,2026-06-03 05:48:08.483654
processed,q4_compare,Z4,cache,1114.1180992126465,0,3dc8441f-0478-4386-8a86-4caf15e2433c,2026-06-03 05:48:08.484912
processed,q1_count,Z1,cache,1014.8718357086182,0,16245a2b-2a5c-4ea6-afd8-30c6c967f0a2,2026-06-03 05:48:08.486034
processed,q1_count,Z5,cache,313.9808177947998,0,33e945dc-cebe-449b-a857-82a652a867f1,2026-06-03 05:48:08.488362
processed,q5_confidence_dist,Z5,cache,817.3892498016357,0,90a88d24-0ad7-44a7-9082-2d4e9324458d,2026-06-03 05:48:08.489481
processed,q2_area,Z1,cache,667.8407192230225,0,d1d3a89a-acfc-4823-b6dc-e66303afca82,2026-06-03 05:48:08.490873
processed,q3_density,Z5,cache,970.5779552459717,0,a8d67f3c-1f15-4918-8a9b-dd48f3fb9711,2026-06-03 05:48:08.492300
processed,q5_confidence_dist,Z3,cache,921.9350814819336,0,1e8227c3-dad3-4837-9691-a88661b1d704,2026-06-03 05:48:08.493889
processed,q3_density,Z5,cache,370.9065914154053,0,54de4293-cef7-4c00-ad98-085340228780,2026-06-03 05:48:08.495332
processed,q1_count,Z3,cache,774.0786075592041,0,394530db-f3a6-4751-b4c3-1b13071c9781,2026-06-03 05:48:08.496606
processed,q4_compare,Z3,cache,423.8104820251465,0,1a4255f7-51a6-4adc-9e17-12b101acc427,2026-06-03 05:48:08.497873
processed,q3_density,Z1,cache,1.0254383087158203,0,f9b47c0f-d46c-459f-98e9-fdb58e4a5d44,2026-06-03 05:48:08.527715
retry,q4_compare,Z1,,0.0,1,046c759d-7ce7-4e2d-9a02-0aec99254d8a,2026-06-03 05:48:08.779644
dlq,q4_compare,Z5,,0.0,3,909dbf7b-fc5a-4323-8e5a-6e5a5a36b71e,2026-06-03 05:48:08.786959
retry,q4_compare,Z3,,0.0,1,5375e52a-4dca-43fd-98f5-2757d881fc8a,2026-06-03 05:48:08.854373
processed,q5_confidence_dist,Z3,cache,1786.3447666168213,0,b98f09dc-45d0-4c4d-b052-912f1071b198,2026-06-03 05:48:08.855916
processed,q1_count,Z1,cache,1.3995170593261719,0,ac01be9b-02f4-458b-b453-a563a48833e0,2026-06-03 05:48:08.930848
processed,q5_confidence_dist,Z5,cache,1.1789798736572266,0,2244072f-b46b-4a6c-a2b7-be777cff4153,2026-06-03 05:48:08.980394
retry,q1_count,Z4,,0.0,1,2fdfe6f6-08aa-4e38-b74d-483c779752a0,2026-06-03 05:48:09.361253
processed,q1_count,Z2,generator,3706.3307762145996,2,97fe2f5c-dffe-4750-ab3f-46b45e369195,2026-06-03 05:48:09.368999
recovered,q1_count,Z2,generator,3706.3307762145996,2,97fe2f5c-dffe-4750-ab3f-46b45e369195,2026-06-03 05:48:09.370806
processed,q1_count,Z4,generator,3010.659694671631,2,a3523191-0a98-43fe-a8d2-d874fe17e343,2026-06-03 05:48:09.376621
recovered,q1_count,Z4,generator,3010.659694671631,2,a3523191-0a98-43fe-a8d2-d874fe17e343,2026-06-03 05:48:09.378175
retry,q1_count,Z2,,0.0,1,f66d830d-b94b-4cc0-a810-822c02dfba5a,2026-06-03 05:48:09.534427
processed,q2_area,Z3,cache,458.3156108856201,0,f92398fd-5912-42f3-8796-3f7c67a781fa,2026-06-03 05:48:09.537675
processed,q4_compare,Z2,cache,409.67369079589844,0,5bd749b1-f3d5-40de-9788-48cadc28e855,2026-06-03 05:48:09.538831
processed,q5_confidence_dist,Z2,cache,8.775711059570312,0,34f006f3-d8cf-462c-aa10-da89f2959946,2026-06-03 05:48:09.539871
processed,q3_density,Z2,cache,361.5396022796631,0,70c48d1d-b785-4571-b37c-94ca940bcdc3,2026-06-03 05:48:09.540864
retry,q4_compare,Z1,,0.0,2,046c759d-7ce7-4e2d-9a02-0aec99254d8a,2026-06-03 05:48:09.791378
processed,q3_density,Z4,cache,1115.8664226531982,0,b98951fc-142e-444f-a61d-dfb38b3138e5,2026-06-03 05:48:09.792984
processed,q4_compare,Z1,cache,1067.0642852783203,0,c472f0d2-054c-4578-9f60-1c80b7c0f385,2026-06-03 05:48:09.794280
dlq,q4_compare,Z1,,0.0,3,046c759d-7ce7-4e2d-9a02-0aec99254d8a,2026-06-03 05:48:09.794924
processed,q2_area,Z4,cache,1369.708776473999,0,91074c37-0df4-4adc-99ba-ffb97e22b65d,2026-06-03 05:48:09.795475
processed,q2_area,Z4,cache,1170.1865196228027,0,34d07192-bc10-477c-b9b2-f7fb796f9f50,2026-06-03 05:48:09.797456
processed,q3_density,Z1,cache,1021.2709903717041,0,e668bcc4-e2a2-4905-9139-a0b7762a9322,2026-06-03 05:48:09.798850
processed,q4_compare,Z3,generator,1329.742431640625,0,6b0d8506-8524-4611-a727-325a19a99a0d,2026-06-03 05:48:09.806531
processed,q1_count,Z5,cache,1231.5526008605957,0,beced7c5-d304-4b69-9778-9ee0d6b8c6e2,2026-06-03 05:48:09.808722
processed,q1_count,Z2,cache,782.6812267303467,1,f66d830d-b94b-4cc0-a810-822c02dfba5a,2026-06-03 05:48:09.811593
processed,q5_confidence_dist,Z2,cache,331.8660259246826,0,d0417fdc-065d-465f-864c-e146c00f0f09,2026-06-03 05:48:09.813141
processed,q5_confidence_dist,Z2,cache,82.08203315734863,0,d9091a62-1023-4757-8df6-5117422f1eba,2026-06-03 05:48:09.814495
processed,q2_area,Z2,cache,133.76259803771973,0,00063ca6-59c0-48ee-83e0-f4559fd3e039,2026-06-03 05:48:09.815722
processed,q1_count,Z5,cache,34.43789482116699,0,bab961b9-22f3-434b-bcf6-50ee6278f0a4,2026-06-03 05:48:09.817144
processed,q2_area,Z2,cache,236.88292503356934,0,d4e65b3d-65d1-444c-8a8d-ecf3c1456cbf,2026-06-03 05:48:09.818496
processed,q5_confidence_dist,Z5,cache,991.9931888580322,0,ca287128-0df1-4b23-be4f-ffbe2efd5984,2026-06-03 05:48:09.819735
processed,q2_area,Z1,cache,591.2165641784668,0,47922508-8ec4-451a-abfa-e566d39c6026,2026-06-03 05:48:09.821259
processed,q2_area,Z5,cache,0.9510517120361328,0,a305d717-ea6b-4fd9-9a06-e5e3f1c53238,2026-06-03 05:48:09.833946
processed,q4_compare,Z3,cache,0.9930133819580078,0,79299441-fa3d-40d1-bfe8-37cf818b42fd,2026-06-03 05:48:09.884536
processed,q2_area,Z5,cache,1.1441707611083984,0,71b61a64-7e1d-4274-967d-6d22d08b59ef,2026-06-03 05:48:09.934941
processed,q4_compare,Z4,cache,1.119852066040039,0,0b948a02-e9f9-430f-81b9-0f98fc0bac20,2026-06-03 05:48:09.985104
processed,q3_density,Z3,cache,1.3515949249267578,0,54ef2d6e-bd93-463a-933e-1a072096a9d2,2026-06-03 05:48:10.085798
processed,q5_confidence_dist,Z1,cache,1.1391639709472656,0,93a93603-c77b-4543-a6b0-6bf01172a7e9,2026-06-03 05:48:10.136109
processed,q2_area,Z4,cache,1.104593276977539,0,538f90a9-4706-4af8-b581-c4439f23ffe3,2026-06-03 05:48:10.186390
processed,q3_density,Z5,cache,1.0313987731933594,0,1d54dad8-f19d-4452-9175-8c0ad6a43e76,2026-06-03 05:48:10.236741
retry,q4_compare,Z3,,0.0,2,5375e52a-4dca-43fd-98f5-2757d881fc8a,2026-06-03 05:48:10.383111
processed,q1_count,Z1,cache,2762.570858001709,0,6b698a93-de26-409e-8c6f-022ebcabf4f4,2026-06-03 05:48:10.384923
processed,q5_confidence_dist,Z3,cache,2111.3216876983643,0,5307fa8f-7ab1-4ccb-be90-e3d3874d6c3c,2026-06-03 05:48:10.386390
processed,q5_confidence_dist,Z1,cache,2062.4661445617676,0,d7823e45-5289-4f4c-afe4-3245a5ece9ff,2026-06-03 05:48:10.387754
processed,q4_compare,Z3,generator,3372.0483779907227,2,5375e52a-4dca-43fd-98f5-2757d881fc8a,2026-06-03 05:48:10.391721
recovered,q4_compare,Z3,generator,3372.0483779907227,2,5375e52a-4dca-43fd-98f5-2757d881fc8a,2026-06-03 05:48:10.393450
processed,q2_area,Z1,cache,1.2235641479492188,0,9546414e-cf62-4370-bae6-2a0dcfc645b6,2026-06-03 05:48:10.537949
processed,q4_compare,Z1,cache,1.0669231414794922,0,17296f3f-31ef-4d9b-829f-98d613e7d35b,2026-06-03 05:48:10.789754
retry,q4_compare,Z5,,0.0,1,430240e0-180f-4a3d-a941-0804d3edfba6,2026-06-03 05:48:10.789805
processed,q5_confidence_dist,Z3,cache,407.21702575683594,0,858bdbee-d839-49fd-99c2-808701fe83e9,2026-06-03 05:48:10.792839
processed,q1_count,Z5,cache,459.17439460754395,0,7e1a2ade-e9a3-47d0-ab72-afcf185593d8,2026-06-03 05:48:10.794294
processed,q4_compare,Z4,generator,314.62931632995605,0,6b43e0b3-43bd-4590-a1db-963b16f4ce1d,2026-06-03 05:48:10.800878
processed,q2_area,Z3,cache,115.50474166870117,0,f5f75b6d-05c7-4425-af50-a255a9025436,2026-06-03 05:48:10.802348
retry,q4_compare,Z1,,0.0,1,4ed61676-234a-48ea-9b51-a09bb09a811d,2026-06-03 05:48:10.892593
processed,q4_compare,Z1,generator,2974.4410514831543,0,272e95ac-e342-4b96-9c5e-d5f0c62debb5,2026-06-03 05:48:10.897939
processed,q5_confidence_dist,Z3,cache,1619.2700862884521,0,57a6362f-6f41-4204-b201-e2d13593bcae,2026-06-03 05:48:10.899365
retry,q4_compare,Z5,,0.0,1,49075b60-8407-4e1d-951b-89a173d40247,2026-06-03 05:48:11.306277
processed,q2_area,Z4,cache,721.5042114257812,0,78f124a1-73af-4ff1-8a71-56ff595d69d0,2026-06-03 05:48:11.307941
processed,q5_confidence_dist,Z5,cache,321.8691349029541,0,7f749410-3175-4cdb-ba58-9ec596f51190,2026-06-03 05:48:11.310109
processed,q2_area,Z5,cache,122.09224700927734,0,bef46c3e-7c98-4f3d-902a-3bdee838703b,2026-06-03 05:48:11.311267
processed,q3_density,Z2,cache,1.0066032409667969,0,5dda9f45-3a06-42f4-8f05-e74bf343e2bd,2026-06-03 05:48:11.341792
processed,q2_area,Z4,cache,1.3756752014160156,0,07116942-8b42-40be-9a8f-9bdd20478396,2026-06-03 05:48:11.493282
processed,q1_count,Z4,generator,5.717277526855469,0,39968679-cc85-4b31-9fd1-4f4a180c3b4a,2026-06-03 05:48:11.547298
processed,q2_area,Z4,cache,1.3670921325683594,0,58d9b79f-67ad-422f-903e-35424dbd3397,2026-06-03 05:48:11.643891
processed,q5_confidence_dist,Z2,cache,1.2784004211425781,0,e5ee1a8f-fcfb-4e16-94fb-aef8f572cb25,2026-06-03 05:48:11.794839
retry,q4_compare,Z5,,0.0,2,430240e0-180f-4a3d-a941-0804d3edfba6,2026-06-03 05:48:11.795859
processed,q4_compare,Z1,cache,960.6242179870605,0,90fd2902-dec9-4dc0-980f-5ba3bd20d571,2026-06-03 05:48:11.798291
processed,q5_confidence_dist,Z2,cache,509.84859466552734,0,020a04f1-7a6a-45f7-ac69-ce007d88f2c4,2026-06-03 05:48:11.799564
processed,q5_confidence_dist,Z3,cache,712.0592594146729,0,1287064b-7f72-487c-9595-ec9193eb291f,2026-06-03 05:48:11.801298
dlq,q4_compare,Z5,,0.0,3,430240e0-180f-4a3d-a941-0804d3edfba6,2026-06-03 05:48:11.801328
processed,q1_count,Z2,cache,412.4331474304199,0,8eecedbd-f228-48a1-b550-631a3aaaa2e7,2026-06-03 05:48:11.802617
processed,q5_confidence_dist,Z2,cache,363.33513259887695,0,814950aa-7df3-4656-9e8b-41867e91d523,2026-06-03 05:48:11.803703
processed,q5_confidence_dist,Z4,cache,113.07024955749512,0,b3722019-abdf-4e9d-9b88-b147890e3945,2026-06-03 05:48:11.804746
processed,q5_confidence_dist,Z1,cache,566.4606094360352,0,8781edba-e5fd-46a7-b585-1ed5decf5a4c,2026-06-03 05:48:11.805810
processed,q3_density,Z4,cache,64.87131118774414,0,da62b233-f496-4ea7-970b-e36910b249ef,2026-06-03 05:48:11.806818
retry,q1_count,Z4,,0.0,2,2fdfe6f6-08aa-4e38-b74d-483c779752a0,2026-06-03 05:48:11.903459
processed,q1_count,Z4,cache,4733.380079269409,2,2fdfe6f6-08aa-4e38-b74d-483c779752a0,2026-06-03 05:48:11.903812
processed,q4_compare,Z5,cache,3931.9167137145996,0,d4a5d29b-e4a7-4dc2-88d8-139140e56884,2026-06-03 05:48:11.906137
processed,q2_area,Z2,cache,2577.070951461792,0,7473fecb-7e1b-4057-93be-32dfdeab5a4e,2026-06-03 05:48:11.907289
processed,q2_area,Z4,cache,3030.5581092834473,0,b835ab73-c1d3-421a-83f6-a7c3c450a1e7,2026-06-03 05:48:11.908548
processed,q2_area,Z2,cache,4137.157440185547,0,2c24107a-e31f-4a84-8206-ad0da2355a49,2026-06-03 05:48:11.909705
processed,q2_area,Z3,cache,3686.2192153930664,0,ff9ec2cf-ff5b-43e8-a7e9-8c674326eddb,2026-06-03 05:48:11.911079
processed,q4_compare,Z1,generator,3544.689655303955,1,4ed61676-234a-48ea-9b51-a09bb09a811d,2026-06-03 05:48:11.920458
recovered,q4_compare,Z1,generator,3544.689655303955,1,4ed61676-234a-48ea-9b51-a09bb09a811d,2026-06-03 05:48:11.922000
processed,q5_confidence_dist,Z1,cache,1286.7162227630615,0,fd994c73-0dc3-41ea-beec-b62e42a34f46,2026-06-03 05:48:11.923445
processed,q4_compare,Z5,cache,1.1773109436035156,0,99292f56-fb16-4118-b896-ea34e68fc0fe,2026-06-03 05:48:11.995104
processed,q3_density,Z2,cache,1.1348724365234375,0,dd5572c7-9487-4e3c-9ea7-431592e87c56,2026-06-03 05:48:12.045136
processed,q5_confidence_dist,Z3,cache,1.081705093383789,0,86bc6448-8e4c-4785-9291-287b5fafa214,2026-06-03 05:48:12.095376
processed,q5_confidence_dist,Z1,cache,1.0318756103515625,0,ab1cbc87-6280-45dd-a774-317044f4295b,2026-06-03 05:48:12.145480
processed,q1_count,Z3,cache,1.1789798736572266,0,2785381c-c9d0-426a-a33e-f782fc57e9ea,2026-06-03 05:48:12.195887
processed,q4_compare,Z5,generator,6.949901580810547,0,4d83bb82-3aad-40ed-b407-fd60495053b4,2026-06-03 05:48:12.251630
processed,q3_density,Z3,cache,1.004934310913086,0,8c07a0d8-cf3b-416e-80ed-b7fe027925ae,2026-06-03 05:48:12.296097
processed,q2_area,Z1,cache,1.0116100311279297,0,542c41fc-5abe-4bee-abd3-b53d0d4bdb04,2026-06-03 05:48:12.346528
processed,q4_compare,Z3,cache,1.1246204376220703,0,d404697e-001d-42a9-876c-39e74d9dac51,2026-06-03 05:48:12.397147
retry,q3_density,Z4,,0.0,1,d943293b-a96f-4e82-98c7-6bead78d807b,2026-06-03 05:48:12.427327
processed,q3_density,Z1,cache,1691.7800903320312,0,6c8cc04a-71c0-4996-a650-88fa05ddcdd6,2026-06-03 05:48:12.429255
processed,q3_density,Z3,cache,1.1844635009765625,0,0512d2ef-98cb-4935-85a4-2e232c465498,2026-06-03 05:48:12.497900
processed,q1_count,Z1,cache,1.3794898986816406,0,84b01638-7ace-47f4-9d48-c4d75bb62cfe,2026-06-03 05:48:12.699250
processed,q5_confidence_dist,Z3,cache,1.2202262878417969,0,dc85363c-9cae-4999-8530-59a40f751e89,2026-06-03 05:48:12.899854
processed,q2_area,Z3,cache,1.2853145599365234,0,b7df04f7-ae6c-4f25-9bb8-404c0d7605bd,2026-06-03 05:48:13.050872
processed,q5_confidence_dist,Z4,cache,1.0311603546142578,0,3b4cfc1a-378a-4b83-a6a4-a3ebfae92fad,2026-06-03 05:48:13.150893
processed,q2_area,Z5,cache,1.2333393096923828,0,d08f454c-e17c-4b9e-97ce-d8aed8409564,2026-06-03 05:48:13.301943
processed,q1_count,Z1,cache,1.0476112365722656,0,b51f7774-cfa2-422f-bf2e-36f5fa84f2fe,2026-06-03 05:48:13.402243
retry,q3_density,Z4,,0.0,2,d943293b-a96f-4e82-98c7-6bead78d807b,2026-06-03 05:48:13.430809
retry,q4_compare,Z5,,0.0,2,49075b60-8407-4e1d-951b-89a173d40247,2026-06-03 05:48:13.433249
processed,q3_density,Z3,cache,4054.166555404663,0,a5f7f469-31c4-4210-b541-ffc7b8c5fb31,2026-06-03 05:48:13.435010
processed,q3_density,Z1,cache,4005.6521892547607,0,7cfc1551-59c7-4a3c-a153-60be00248f54,2026-06-03 05:48:13.436573
processed,q3_density,Z5,cache,1846.5089797973633,0,bdeb4a68-5b04-4701-928f-6ffd518c9d40,2026-06-03 05:48:13.437689
processed,q2_area,Z5,cache,2500.922918319702,0,e2623365-b05b-4158-a67c-81dc8935ece2,2026-06-03 05:48:13.439011
processed,q2_area,Z1,cache,2401.6847610473633,0,baf0a4ff-b4cb-49ac-a1ec-58c9bbeb94f5,2026-06-03 05:48:13.440324
processed,q3_density,Z2,cache,2302.546501159668,0,b0964f9e-7757-4969-bbdc-566733c94820,2026-06-03 05:48:13.441583
processed,q5_confidence_dist,Z1,cache,3811.0764026641846,0,edfe5664-956d-4410-8344-9fd17aff51da,2026-06-03 05:48:13.442971
processed,q2_area,Z5,cache,2556.4000606536865,0,7708a3ca-5685-4952-98bd-bd1087d2938f,2026-06-03 05:48:13.444259
processed,q4_compare,Z2,cache,1602.8590202331543,0,6e4e3f8b-51ca-4fd8-b076-2af750db5cb2,2026-06-03 05:48:13.445491
processed,q4_compare,Z1,generator,1557.7101707458496,0,da7dce35-5f27-4bda-80d2-7faeec093d0a,2026-06-03 05:48:13.451152
processed,q4_compare,Z5,cache,1.2874603271484375,0,84d916fa-b374-4097-b479-acf807e530d9,2026-06-03 05:48:13.452584
processed,q3_density,Z2,cache,103.6829948425293,0,bb2bab2e-5f86-470d-bbd5-b8b444667a13,2026-06-03 05:48:13.454122
processed,q3_density,Z4,generator,3425.224781036377,2,d943293b-a96f-4e82-98c7-6bead78d807b,2026-06-03 05:48:13.459331
recovered,q3_density,Z4,generator,3425.224781036377,2,d943293b-a96f-4e82-98c7-6bead78d807b,2026-06-03 05:48:13.461368
dlq,q4_compare,Z5,,0.0,3,49075b60-8407-4e1d-951b-89a173d40247,2026-06-03 05:48:13.465630
processed,q4_compare,Z2,generator,1527.2696018218994,0,05f6d762-0565-4124-b7ef-25e08d480344,2026-06-03 05:48:13.470290
processed,q2_area,Z2,cache,724.8706817626953,0,3ee2df08-d3a4-4383-93aa-c16def3b699d,2026-06-03 05:48:13.472238
processed,q2_area,Z5,cache,525.7666110992432,0,4af3a29e-aced-4a58-8c3f-1e435374ce04,2026-06-03 05:48:13.474189
processed,q5_confidence_dist,Z4,cache,879.5111179351807,0,91b46c36-25ca-41af-8ae9-6e3688db3ba8,2026-06-03 05:48:13.476249
processed,q3_density,Z2,cache,680.5253028869629,0,3f4d57ae-32a4-4322-9ecc-a4256c493ed0,2026-06-03 05:48:13.478269
processed,q5_confidence_dist,Z4,cache,280.5066108703613,0,bb42576e-66d3-4e4b-92fa-213d0c25c7f5,2026-06-03 05:48:13.480247
processed,q4_compare,Z5,cache,1.1317729949951172,0,7f737ecd-0e17-465e-a18c-7ed7df9b8fee,2026-06-03 05:48:13.553388
processed,q5_confidence_dist,Z2,cache,1.1348724365234375,0,231b867b-ad3b-40ea-a68e-e6f7edb4e249,2026-06-03 05:48:13.603622
processed,q1_count,Z5,cache,1.329660415649414,0,d3872c43-f769-43a9-8334-686e97734e27,2026-06-03 05:48:13.704481
processed,q2_area,Z2,cache,1.245737075805664,0,25e5d2b0-d6d8-4b1f-80c1-5e32bd5aaba0,2026-06-03 05:48:13.804850
retry,q4_compare,Z5,,0.0,1,8a3c233e-f3c5-43b4-9f27-2340925eba96,2026-06-03 05:48:13.937568
processed,q2_area,Z4,cache,840.4426574707031,0,6ddc1cc3-341e-47af-9d5b-d7a329935ded,2026-06-03 05:48:13.939870
processed,q4_compare,Z2,cache,1294.8615550994873,0,65b5660d-4ab4-48de-a062-e1db0f4ea67f,2026-06-03 05:48:13.941939
processed,q4_compare,Z5,generator,1101.8486022949219,0,3c089a3c-562a-4f73-b098-7fc0723ff4f6,2026-06-03 05:48:13.949809
processed,q5_confidence_dist,Z4,cache,953.1683921813965,0,ab287fcf-3570-42ee-864d-c8dd8be37e53,2026-06-03 05:48:13.951906
processed,q4_compare,Z3,cache,1507.9700946807861,0,6096fde6-fd38-41a6-a9e6-5efa41be443c,2026-06-03 05:48:13.953694
processed,q4_compare,Z2,cache,1.2001991271972656,0,dbf0c176-bead-453b-b0a2-3e6b3bce64ad,2026-06-03 05:48:13.954970
processed,q2_area,Z3,cache,705.6381702423096,0,e6d90608-a95d-4d67-889f-5f49b4ab5f77,2026-06-03 05:48:13.955811
processed,q4_compare,Z5,generator,1420.290231704712,1,8a3c233e-f3c5-43b4-9f27-2340925eba96,2026-06-03 05:48:13.966972
recovered,q4_compare,Z5,generator,1420.290231704712,1,8a3c233e-f3c5-43b4-9f27-2340925eba96,2026-06-03 05:48:13.968613
processed,q1_count,Z5,cache,469.29144859313965,0,d9da7c82-706f-4dc0-ba65-4a840302d43c,2026-06-03 05:48:13.970510
processed,q5_confidence_dist,Z4,cache,320.35112380981445,0,68a675c1-cd7d-481a-8134-a858af580874,2026-06-03 05:48:13.972334
processed,q4_compare,Z5,cache,121.16289138793945,0,c4bb7947-59fb-4379-9cc4-df83cccbff96,2026-06-03 05:48:13.974216
processed,q1_count,Z4,cache,223.49190711975098,0,c33f657b-19e9-41a8-855d-9e1d9c6fce9b,2026-06-03 05:48:13.976073
processed,q1_count,Z2,cache,74.6610164642334,0,c1927b2b-6014-4206-88ba-57ba4ca03b95,2026-06-03 05:48:13.977913
processed,q3_density,Z1,cache,1.2891292572021484,0,1a9d72ff-d81f-4e8c-9b2d-8038bce49f3d,2026-06-03 05:48:14.005792
processed,q2_area,Z1,cache,1.2083053588867188,0,5ac24186-2946-45cf-8618-7b8108b91716,2026-06-03 05:48:14.106231
processed,q1_count,Z2,cache,1.3420581817626953,0,291e4996-e2b2-419f-82fd-0d46651187d2,2026-06-03 05:48:14.156731
processed,q5_confidence_dist,Z5,cache,1.2574195861816406,0,e06aa9d1-5fa5-4858-a53f-380cb02fc506,2026-06-03 05:48:14.206970
processed,q4_compare,Z2,cache,1.3539791107177734,0,fd2d0d7d-f1cb-477c-86d9-8c6fae0dfe6e,2026-06-03 05:48:14.257140
processed,q5_confidence_dist,Z4,cache,1.1487007141113281,0,20e8c27c-4cd9-4a1e-9df0-b16a5ab76720,2026-06-03 05:48:14.457909
processed,q3_density,Z5,cache,1.0304450988769531,0,921e4841-0e90-452b-86b7-4f90dda44848,2026-06-03 05:48:14.508190
processed,q2_area,Z5,cache,1.1832714080810547,0,01619454-a29c-4fdc-b8af-5b0aa2e5dbe0,2026-06-03 05:48:14.558580
retry,q4_compare,Z5,,0.0,1,8121c2d8-b096-448c-9ddd-fa9c31439c7e,2026-06-03 05:48:14.559629
processed,q4_compare,Z5,generator,512.2201442718506,1,8121c2d8-b096-448c-9ddd-fa9c31439c7e,2026-06-03 05:48:14.565946
recovered,q4_compare,Z5,generator,512.2201442718506,1,8121c2d8-b096-448c-9ddd-fa9c31439c7e,2026-06-03 05:48:14.567944
retry,q3_density,Z4,,0.0,1,fbfe4a36-202c-4b8d-a29e-b93dc664fd90,2026-06-03 05:48:14.860383
processed,q5_confidence_dist,Z4,cache,55.65309524536133,0,fec07a99-b981-4e6e-9543-7a1d8632df56,2026-06-03 05:48:14.863937
retry,q4_compare,Z2,,0.0,1,bddb9c59-b4dd-40a6-b3ad-c4dc0d2189fb,2026-06-03 05:48:15.065482
processed,q4_compare,Z3,cache,762.2396945953369,0,cddabf24-d23e-4295-ac5e-4b2299c05ee2,2026-06-03 05:48:15.068025
processed,q3_density,Z4,generator,719.9418544769287,1,fbfe4a36-202c-4b8d-a29e-b93dc664fd90,2026-06-03 05:48:15.075802
recovered,q3_density,Z4,generator,719.9418544769287,1,fbfe4a36-202c-4b8d-a29e-b93dc664fd90,2026-06-03 05:48:15.077896
processed,q5_confidence_dist,Z1,cache,221.3597297668457,0,77d7d0e0-6f55-42d9-b3e0-76ee4f001de7,2026-06-03 05:48:15.079901
processed,q3_density,Z2,cache,72.41964340209961,0,7d286b70-c176-4d94-a1f0-4a6983e0c08e,2026-06-03 05:48:15.081832
processed,q3_density,Z4,cache,24.090290069580078,0,f8c9c1e1-e8dd-49f4-969c-cbb9b63bb3c2,2026-06-03 05:48:15.084065
processed,q1_count,Z4,cache,177.2480010986328,0,e9975421-098a-477b-95a5-6073e8213dc5,2026-06-03 05:48:15.085998
retry,q4_compare,Z3,,0.0,1,cc44f7d4-9c79-4f28-8407-c3c8e74de82d,2026-06-03 05:48:15.162469
processed,q5_confidence_dist,Z3,cache,1.3930797576904297,0,bb902b96-0012-427d-8a98-4d856dafa027,2026-06-03 05:48:15.162533
processed,q4_compare,Z2,cache,407.5009822845459,0,c731de34-8cd1-4d9f-ad0e-784b83c5b43b,2026-06-03 05:48:15.165894
processed,q2_area,Z1,cache,58.211326599121094,0,3f59f5c1-95e8-4fb1-ac0a-a7e75faa1f8d,2026-06-03 05:48:15.168357
processed,q5_confidence_dist,Z3,cache,462.7988338470459,0,8d65ec8f-af71-4af4-81bc-afa0968cb1fc,2026-06-03 05:48:15.170564
processed,q3_density,Z3,cache,1.313924789428711,0,7e0d2532-fa40-4e54-a351-fc0d1e259bb4,2026-06-03 05:48:15.212180
processed,q4_compare,Z4,cache,1.413106918334961,0,f69d6cb2-7123-463a-b375-53792ddc0d2e,2026-06-03 05:48:15.262727
processed,q2_area,Z1,cache,1.7459392547607422,0,ae625512-df65-4b23-8146-bf8be0305e12,2026-06-03 05:48:15.363245
retry,q4_compare,Z5,,0.0,1,78141e9e-141e-442a-b960-da9c264ed2fd,2026-06-03 05:48:15.369015
processed,q2_area,Z5,cache,1.4286041259765625,0,858d9953-d592-41a4-8af4-510d6e649623,2026-06-03 05:48:15.764802
processed,q4_compare,Z2,cache,1.3437271118164062,0,2b200153-d8e3-4111-9055-cfac14191706,2026-06-03 05:48:15.865292
processed,q5_confidence_dist,Z3,cache,1.3434886932373047,0,dc5e285c-77f2-467b-8948-22b4208baa19,2026-06-03 05:48:15.965884
processed,q3_density,Z4,cache,1.1038780212402344,0,711caea0-fba1-4014-883d-1b73a710a63f,2026-06-03 05:48:16.317500
retry,q4_compare,Z5,,0.0,2,78141e9e-141e-442a-b960-da9c264ed2fd,2026-06-03 05:48:16.372344
retry,q4_compare,Z3,,0.0,2,cc44f7d4-9c79-4f28-8407-c3c8e74de82d,2026-06-03 05:48:16.375307
processed,q3_density,Z3,cache,260.1332664489746,0,e6884da9-a081-47e7-9c96-7de2eebc73cf,2026-06-03 05:48:16.375355
dlq,q4_compare,Z5,,0.0,3,78141e9e-141e-442a-b960-da9c264ed2fd,2026-06-03 05:48:16.376237
processed,q5_confidence_dist,Z5,cache,212.15271949768066,0,55f624ca-08b2-4023-b14d-a820a8c21ff7,2026-06-03 05:48:16.377144
processed,q5_confidence_dist,Z2,cache,163.35391998291016,0,1c78c2a2-6cd1-4076-91fe-79bb047ea981,2026-06-03 05:48:16.378545
processed,q3_density,Z5,cache,918.5812473297119,0,8ef7bc08-684a-48b7-81ed-cde29d3ac769,2026-06-03 05:48:16.379888
processed,q3_density,Z2,cache,668.5833930969238,0,9a56485d-cb94-448d-8fe3-eb62352eee8d,2026-06-03 05:48:16.381306
processed,q4_compare,Z2,generator,1977.090835571289,1,bddb9c59-b4dd-40a6-b3ad-c4dc0d2189fb,2026-06-03 05:48:16.382701
recovered,q4_compare,Z2,generator,1977.090835571289,1,bddb9c59-b4dd-40a6-b3ad-c4dc0d2189fb,2026-06-03 05:48:16.384038
processed,q5_confidence_dist,Z3,cache,1426.7494678497314,0,94364220-a1a3-45c3-b931-449c1ee1b1d4,2026-06-03 05:48:16.385416
processed,q5_confidence_dist,Z4,cache,1076.2829780578613,0,5f2daab0-26cf-4a64-b3ca-663291dad3c4,2026-06-03 05:48:16.386833
processed,q4_compare,Z3,generator,977.1735668182373,0,c2a7c891-4cd7-458e-ab1d-a75c89292700,2026-06-03 05:48:16.388261
processed,q2_area,Z4,cache,827.6982307434082,0,bbbd812a-eabc-44c8-b74c-af9d632b3bf6,2026-06-03 05:48:16.389798
processed,q3_density,Z2,cache,375.41985511779785,0,0bc8af35-78ea-48be-8fa1-85f819db4dc9,2026-06-03 05:48:16.389837
processed,q4_compare,Z2,cache,25.411367416381836,0,2930cd83-4da1-418c-9309-c4c560f599d9,2026-06-03 05:48:16.391432
processed,q1_count,Z4,cache,881.1984062194824,0,fb7d1ed5-31b8-470b-898b-79b3413057dc,2026-06-03 05:48:16.393231
dlq,q4_compare,Z3,,0.0,3,cc44f7d4-9c79-4f28-8407-c3c8e74de82d,2026-06-03 05:48:16.394493
processed,q5_confidence_dist,Z1,cache,129.35328483581543,0,8a38927b-06ac-489a-898c-65ef27a17016,2026-06-03 05:48:16.395441
processed,q3_density,Z4,cache,583.7421417236328,0,c22c2292-e470-458b-b5c5-d80f55053c32,2026-06-03 05:48:16.397282
processed,q1_count,Z2,cache,334.14673805236816,0,c3902e24-6b27-48ff-a84f-e25381836de2,2026-06-03 05:48:16.398486
processed,q4_compare,Z5,cache,787.6846790313721,0,4f298f9e-0fe8-4b67-b517-4f6b6797ca4e,2026-06-03 05:48:16.399581
processed,q4_compare,Z3,cache,738.4734153747559,0,f91cc47b-88ac-420b-9f0b-9eb463f6fee4,2026-06-03 05:48:16.400654
processed,q5_confidence_dist,Z5,cache,488.192081451416,0,50173611-c5bf-4e32-aba2-5ab5e6506baa,2026-06-03 05:48:16.401726
processed,q1_count,Z3,cache,1.062631607055664,0,7a51f17c-25b3-43cd-8590-6b13288d3ec6,2026-06-03 05:48:16.417437
processed,q5_confidence_dist,Z1,cache,1.1179447174072266,0,86e33f7b-d584-47fa-9109-e4b195756aa3,2026-06-03 05:48:16.467830
processed,q2_area,Z4,cache,1.1212825775146484,0,4d14455f-18c1-40a5-9a5f-562ba43bbe49,2026-06-03 05:48:16.518012
processed,q3_density,Z5,cache,1.3158321380615234,0,f28a9d33-ce1d-4af9-affb-36b5749dc29a,2026-06-03 05:48:16.568506
processed,q1_count,Z5,cache,1.2676715850830078,0,e74ab49d-9de4-4202-87a1-7a14b1e7a4ec,2026-06-03 05:48:16.618962
processed,q5_confidence_dist,Z5,cache,1.161813735961914,0,0ebbc6c4-4cea-4953-b928-638b1c9dd69b,2026-06-03 05:48:16.668751
processed,q2_area,Z1,cache,1.1436939239501953,0,ec293954-50a5-4ae0-8c7d-c5f4248dc925,2026-06-03 05:48:16.719265
processed,q4_compare,Z4,cache,1.094818115234375,0,8af792f0-3a23-4f11-b805-8e9a6a3875bd,2026-06-03 05:48:16.769698
processed,q1_count,Z1,cache,1.0540485382080078,0,6abc8d9c-58ac-43f3-9dfe-f44cfc4328a0,2026-06-03 05:48:16.819280
processed,q3_density,Z5,cache,1.2788772583007812,0,2bb70925-4b0f-461a-9ef5-8be51a22a46f,2026-06-03 05:48:16.869823
processed,q4_compare,Z2,cache,1.0478496551513672,0,9e453eee-2478-496e-9ad4-8f2be8465fdd,2026-06-03 05:48:16.919654
processed,q2_area,Z5,cache,1.0464191436767578,0,9c1e5f16-337c-4219-9a43-364ff1b9e395,2026-06-03 05:48:16.969901
processed,q1_count,Z1,cache,1.0714530944824219,0,e028709a-a070-48b6-af16-e1b4dd97f7fb,2026-06-03 05:48:17.020125
processed,q4_compare,Z5,cache,1.280069351196289,0,829d921e-3542-479b-9100-ad95b22c65e6,2026-06-03 05:48:17.071082
processed,q1_count,Z5,cache,1.1248588562011719,0,ce6dca69-ca7c-4d9b-bf9a-242814eafc38,2026-06-03 05:48:17.120967
processed,q5_confidence_dist,Z2,cache,1.2292861938476562,0,55852ff1-ff96-4919-95b4-1ff0bdab0ac7,2026-06-03 05:48:17.171279
processed,q1_count,Z3,generator,5.890607833862305,0,7f3f0c20-f98d-4b11-9717-32093118c20a,2026-06-03 05:48:17.225704
processed,q3_density,Z1,generator,4.79578971862793,0,38c9be7d-2917-4b99-a0ea-92f86a4e8dc4,2026-06-03 05:48:17.274827
processed,q2_area,Z5,cache,1.0366439819335938,0,eff8157d-5d62-4af5-849d-1277ebfb48e0,2026-06-03 05:48:17.321616
processed,q5_confidence_dist,Z2,cache,1.2068748474121094,0,6e0f9d6b-2160-4c33-97c9-16461064a35f,2026-06-03 05:48:17.372041
processed,q5_confidence_dist,Z5,cache,1.2030601501464844,0,43eb8e59-ec83-46ac-983c-27361ebe2d61,2026-06-03 05:48:17.422317
processed,q1_count,Z4,cache,1.0497570037841797,0,928cf2f0-2133-450e-9686-e9cc99c8758f,2026-06-03 05:48:17.471940
processed,q1_count,Z2,cache,1.0099411010742188,0,cbde3589-0598-4ac4-89cb-c51cd0ed8df7,2026-06-03 05:48:17.522081
processed,q5_confidence_dist,Z3,cache,1.0349750518798828,0,8d7b41a8-1a08-485b-8283-7ab53152719f,2026-06-03 05:48:17.572414
processed,q4_compare,Z4,cache,1.081705093383789,0,4d41a7e1-bd0d-4851-be8b-76f3c3d2900e,2026-06-03 05:48:17.622666
processed,q1_count,Z5,cache,1.2929439544677734,0,b8fb31bb-c7b0-458f-9ee2-3a0966c2fa18,2026-06-03 05:48:17.673848
processed,q3_density,Z1,cache,1.051187515258789,0,d3fa983e-6cdd-4764-8187-cbbb62820a81,2026-06-03 05:48:17.723151
processed,q1_count,Z5,cache,1.16729736328125,0,6298f539-69c0-4675-8c76-e40155ab0712,2026-06-03 05:48:17.774168
processed,q3_density,Z1,cache,1.2848377227783203,0,cf901e31-77d0-4db8-b29b-11d0ebd4aada,2026-06-03 05:48:17.824467
processed,q2_area,Z1,cache,1.2927055358886719,0,627554da-8173-4054-b283-4e2e3cbeaf00,2026-06-03 05:48:17.874620
processed,q2_area,Z3,generator,6.0329437255859375,0,2d510dbc-7193-486b-91f6-151cc18b8f2a,2026-06-03 05:48:17.928683
processed,q1_count,Z5,cache,1.0271072387695312,0,419ec295-e909-4f28-b73f-d58aa34defb9,2026-06-03 05:48:17.974529
processed,q5_confidence_dist,Z3,cache,1.0447502136230469,0,54a85927-9c6d-45c8-84db-6b9e0e424985,2026-06-03 05:48:18.024866
processed,q5_confidence_dist,Z3,cache,1.2078285217285156,0,6a0638d6-3dd7-44d4-ac37-c0b227b51109,2026-06-03 05:48:18.075615
processed,q5_confidence_dist,Z4,cache,1.0635852813720703,0,57d423b8-ec24-4d9c-9dc4-f12baec3fca2,2026-06-03 05:48:18.125109
processed,q1_count,Z1,cache,1.252889633178711,0,35b14b42-5ede-453e-8ba9-8ac84d5ae244,2026-06-03 05:48:18.176183
processed,q4_compare,Z5,generator,7.6084136962890625,0,2c5dbdad-3cfb-4886-8bba-86ff7da0538a,2026-06-03 05:48:18.232751
processed,q1_count,Z1,cache,1.0085105895996094,0,6fda0c6b-3621-4d81-9ba9-ef93e4c72688,2026-06-03 05:48:18.276750
processed,q3_density,Z2,cache,1.2519359588623047,0,842d635e-9e81-4301-bd51-f749d1bc2a83,2026-06-03 05:48:18.326901
processed,q1_count,Z4,cache,1.0743141174316406,0,2af31ade-502a-4af4-9cf1-eb0ffec8c978,2026-06-03 05:48:18.376846
processed,q1_count,Z4,cache,1.2803077697753906,0,00a6a5a2-1a50-485d-93d0-e920c0a36127,2026-06-03 05:48:18.427451
processed,q4_compare,Z2,cache,1.2383460998535156,0,b002556d-24f4-4e43-8b8a-a43ad05421de,2026-06-03 05:48:18.477256
processed,q5_confidence_dist,Z4,cache,1.161813735961914,0,fa215dcc-ce42-4942-86cb-729ec81e5155,2026-06-03 05:48:18.527620
processed,q5_confidence_dist,Z5,cache,1.1970996856689453,0,fc02bf2c-39ef-4c69-ac8f-612ca11bbe89,2026-06-03 05:48:18.577809
processed,q2_area,Z2,cache,1.1479854583740234,0,e8612416-3970-4cf5-8d05-9411b2f567f9,2026-06-03 05:48:18.627872
processed,q2_area,Z5,cache,1.268148422241211,0,d4dee4d9-b055-4f3c-8a68-7222631fb257,2026-06-03 05:48:18.678607
processed,q5_confidence_dist,Z3,cache,1.2030601501464844,0,8ca38720-83c2-42b9-8b51-af37758163d2,2026-06-03 05:48:18.728701
processed,q4_compare,Z5,cache,1.2722015380859375,0,a8f6e19a-133e-478c-9c25-418a74c511b2,2026-06-03 05:48:18.778707
processed,q5_confidence_dist,Z2,cache,1.455068588256836,0,d21ed7b4-e29f-4911-8130-790d679603f8,2026-06-03 05:48:18.829459
processed,q3_density,Z1,cache,1.1928081512451172,0,2743e395-01dd-4eda-9699-0ac4aecdd1ca,2026-06-03 05:48:18.879274
processed,q4_compare,Z3,cache,1.3093948364257812,0,4c074d92-72ca-4c8f-b290-23e567c1d38a,2026-06-03 05:48:18.929433
processed,q3_density,Z2,cache,0.9820461273193359,0,bfff8668-1056-4494-a2b1-def71fcec578,2026-06-03 05:48:18.979264
processed,q4_compare,Z5,cache,1.218557357788086,0,eee924c1-95c2-419d-81fa-8d6d86ec9e1d,2026-06-03 05:48:19.030291
processed,q5_confidence_dist,Z1,cache,1.310586929321289,0,2c94d631-eeac-43e8-845b-c0aae71d351f,2026-06-03 05:48:19.080137
processed,q5_confidence_dist,Z3,cache,1.2552738189697266,0,0fbab9c8-2cb8-43c5-ae95-6400bf290460,2026-06-03 05:48:19.130768
processed,q1_count,Z3,cache,1.2335777282714844,0,7234ef58-0726-481c-a3b4-711645c1b56e,2026-06-03 05:48:19.180972
processed,q5_confidence_dist,Z1,cache,1.161813735961914,0,fcf98863-65c1-46a5-b67b-1f2f76e7df80,2026-06-03 05:48:19.231080
processed,q2_area,Z4,cache,1.4040470123291016,0,68bae71b-c3a7-4e87-a23b-25052018642b,2026-06-03 05:48:19.281010
processed,q1_count,Z1,cache,1.4121532440185547,0,8b719b23-2f2e-423d-9210-2c9096a5c401,2026-06-03 05:48:19.331646
processed,q2_area,Z5,cache,1.1811256408691406,0,9dbf603f-1fb7-46d7-8190-7c1b3cbce939,2026-06-03 05:48:19.431373
processed,q1_count,Z3,generator,5.405426025390625,0,17cbfd74-ef91-4c70-b383-64ce87e68e08,2026-06-03 05:48:19.586412
retry,q3_density,Z5,,0.0,1,58465650-1a6e-49d2-951b-26e9db97222e,2026-06-03 05:48:19.884869
processed,q3_density,Z5,generator,511.7301940917969,1,58465650-1a6e-49d2-951b-26e9db97222e,2026-06-03 05:48:19.891318
recovered,q3_density,Z5,generator,511.7301940917969,1,58465650-1a6e-49d2-951b-26e9db97222e,2026-06-03 05:48:19.893562
processed,q2_area,Z1,cache,113.71898651123047,0,d8489f41-767d-450a-b586-7d8e4aebecbd,2026-06-03 05:48:19.895549
processed,q3_density,Z1,cache,1.5289783477783203,0,11ba47a6-2365-4334-9802-9dfdbd30a591,2026-06-03 05:48:19.984969
retry,q3_density,Z1,,0.0,1,fd6b3d4e-0659-4ba7-a6f1-b9196ee3b354,2026-06-03 05:48:20.135191
processed,q1_count,Z4,cache,406.57877922058105,0,c94fae97-4504-4c54-bf78-2754e119beb4,2026-06-03 05:48:20.137964
processed,q2_area,Z1,cache,56.55074119567871,0,bf233cf5-0159-4a61-832a-bf187e73f6f3,2026-06-03 05:48:20.139559
processed,q5_confidence_dist,Z1,cache,459.9184989929199,0,891500b4-9a77-4b27-9a3d-70cec617f1d9,2026-06-03 05:48:20.141257
processed,q3_density,Z3,cache,260.69092750549316,0,feaebfe0-cfc6-457f-a263-90fc43923ce1,2026-06-03 05:48:20.142557
processed,q5_confidence_dist,Z5,cache,111.33050918579102,0,8a480e70-c5f2-4d3b-9d86-aaff1e76c0e0,2026-06-03 05:48:20.143837
processed,q5_confidence_dist,Z1,cache,1.2431144714355469,0,55f4b483-08b5-4a94-a89a-506c9c07500d,2026-06-03 05:48:20.185042
processed,q1_count,Z5,cache,1.0416507720947266,0,0caa89b2-2cd2-4f05-b6f1-f4324a59f064,2026-06-03 05:48:20.234853
processed,q2_area,Z3,cache,0.9758472442626953,0,6d1354e3-4eb6-411b-ad68-e9729eaed28d,2026-06-03 05:48:20.285324
processed,q5_confidence_dist,Z5,cache,1.054525375366211,0,b13ff354-1b87-47fa-92d5-070ad1cff0ea,2026-06-03 05:48:20.335515
processed,q5_confidence_dist,Z4,cache,1.201629638671875,0,5e156e5a-762e-4134-b6f9-ca2f7ce34b1d,2026-06-03 05:48:20.385752
retry,q2_area,Z3,,0.0,1,ed136b33-c406-4726-a2ef-85f197c01990,2026-06-03 05:48:20.399987
processed,q5_confidence_dist,Z2,cache,569.7457790374756,0,7dfe2a79-34aa-46cd-a582-008d06baa8af,2026-06-03 05:48:20.401505
processed,q1_count,Z4,cache,922.943115234375,0,a75d82fb-fa07-4466-8319-36cacdccc267,2026-06-03 05:48:20.402824
processed,q2_area,Z4,cache,1.1851787567138672,0,22c9af61-337b-4201-b5fd-5ab82aef7f72,2026-06-03 05:48:20.586722
processed,q4_compare,Z5,cache,1.0123252868652344,0,4890b603-a768-4036-ba28-7ef0f199edd6,2026-06-03 05:48:20.636699
retry,q2_area,Z3,,0.0,2,ed136b33-c406-4726-a2ef-85f197c01990,2026-06-03 05:48:21.402948
processed,q2_area,Z1,cache,921.0445880889893,0,6818be2d-e864-40ad-b836-893788e0b5fd,2026-06-03 05:48:21.405762
retry,q3_density,Z1,,0.0,2,fd6b3d4e-0659-4ba7-a6f1-b9196ee3b354,2026-06-03 05:48:21.407377
processed,q3_density,Z3,cache,1275.813102722168,0,3ecf4292-a0fa-42a9-88a5-8745f384f95c,2026-06-03 05:48:21.408786
processed,q3_density,Z2,cache,1477.9822826385498,0,2f15b369-11c6-4e32-845f-958fa637c05d,2026-06-03 05:48:21.409955
processed,q5_confidence_dist,Z4,cache,676.5625476837158,0,d22eda30-9556-4340-93f0-82377219b15e,2026-06-03 05:48:21.412084
processed,q5_confidence_dist,Z3,cache,577.2368907928467,0,99ebee0d-b534-447a-b5bb-8985d7efb2aa,2026-06-03 05:48:21.413198
processed,q5_confidence_dist,Z5,cache,327.3143768310547,0,70cda8eb-5634-4000-bfab-db1790b2df8c,2026-06-03 05:48:21.414350
processed,q1_count,Z1,cache,177.83474922180176,0,232744bb-0b90-45c3-8140-d6f03d3e10ed,2026-06-03 05:48:21.415887
processed,q1_count,Z5,cache,28.757572174072266,0,31bcefef-324d-4234-b2ad-b6e5448b6ea3,2026-06-03 05:48:21.417130
processed,q5_confidence_dist,Z2,cache,532.0703983306885,0,d060fae8-17fb-4e69-acc0-ce152371e86b,2026-06-03 05:48:21.418263
processed,q4_compare,Z2,cache,432.783842086792,0,04f40901-848f-4f17-921e-1211b0c32505,2026-06-03 05:48:21.419671
processed,q5_confidence_dist,Z4,cache,1.081705093383789,0,23c92e1d-7c0c-4c00-9140-dea55789b37d,2026-06-03 05:48:21.440582
retry,q3_density,Z4,,0.0,1,f72233a4-7d83-49f9-95ab-438d5f544edd,2026-06-03 05:48:21.441195
processed,q2_area,Z3,generator,1915.9483909606934,2,ed136b33-c406-4726-a2ef-85f197c01990,2026-06-03 05:48:21.446096
recovered,q2_area,Z3,generator,1915.9483909606934,2,ed136b33-c406-4726-a2ef-85f197c01990,2026-06-03 05:48:21.447463
processed,q3_density,Z4,generator,515.6617164611816,1,f72233a4-7d83-49f9-95ab-438d5f544edd,2026-06-03 05:48:21.452311
recovered,q3_density,Z4,generator,515.6617164611816,1,f72233a4-7d83-49f9-95ab-438d5f544edd,2026-06-03 05:48:21.453628
processed,q1_count,Z5,cache,1.0950565338134766,0,8c0b1338-a6c0-4e9b-8432-3e453e8612ac,2026-06-03 05:48:21.490448
processed,q5_confidence_dist,Z2,cache,1.2459754943847656,0,8abc2be6-1461-4c72-920c-f55f45716a1d,2026-06-03 05:48:21.541394
retry,q1_count,Z2,,0.0,1,4d342845-edaf-4491-b0f3-cabbbf24bf62,2026-06-03 05:48:21.910162
processed,q5_confidence_dist,Z1,cache,1226.1879444122314,0,ea888a65-9d0a-4e06-b4a6-8dbf0864cbd7,2026-06-03 05:48:21.911869
processed,q2_area,Z5,cache,1378.3862590789795,0,210459d2-e063-4803-a7b3-6d5f931edd20,2026-06-03 05:48:21.913068
processed,q5_confidence_dist,Z2,cache,1128.4315586090088,0,9c9c5d60-f7b7-48a2-8eaa-e6d6471fdb21,2026-06-03 05:48:21.914500
processed,q3_density,Z3,cache,577.7976512908936,0,3d9633dc-2f65-45af-8077-ea20bd464b17,2026-06-03 05:48:21.916602
processed,q2_area,Z5,cache,881.1454772949219,0,6bab2ca7-cda2-4220-a160-833e3002c4f0,2026-06-03 05:48:21.918842
processed,q1_count,Z5,cache,632.291316986084,0,23b63db2-6577-4131-bea8-3493e375409e,2026-06-03 05:48:21.920707
processed,q2_area,Z5,cache,1487.8065586090088,0,0480ff5b-d141-4efa-98d5-b98e345e7e3f,2026-06-03 05:48:21.922605
processed,q3_density,Z1,generator,2298.7732887268066,2,fd6b3d4e-0659-4ba7-a6f1-b9196ee3b354,2026-06-03 05:48:21.929599
recovered,q3_density,Z1,generator,2298.7732887268066,2,fd6b3d4e-0659-4ba7-a6f1-b9196ee3b354,2026-06-03 05:48:21.931479
retry,q4_compare,Z2,,0.0,1,6a968808-6dd3-4732-8dbf-f8f6e39858e2,2026-06-03 05:48:21.957357
processed,q5_confidence_dist,Z5,cache,120.13387680053711,0,38ca379e-b5f9-48e9-8e65-b2f94a1653e8,2026-06-03 05:48:21.961101
processed,q2_area,Z1,cache,272.9661464691162,0,3c5816e6-4526-41f8-be84-d192b9885c6d,2026-06-03 05:48:21.963137
processed,q3_density,Z2,cache,325.12354850769043,0,4b64c91a-4e18-4e22-95c3-fe2a8b6b9816,2026-06-03 05:48:21.965040
retry,q2_area,Z1,,0.0,1,444764d9-4cbf-4c58-ae61-55d515208989,2026-06-03 05:48:22.094852
processed,q2_area,Z1,generator,510.0972652435303,1,444764d9-4cbf-4c58-ae61-55d515208989,2026-06-03 05:48:22.099838
recovered,q2_area,Z1,generator,510.0972652435303,1,444764d9-4cbf-4c58-ae61-55d515208989,2026-06-03 05:48:22.101950
processed,q4_compare,Z2,generator,915.4293537139893,1,6a968808-6dd3-4732-8dbf-f8f6e39858e2,2026-06-03 05:48:22.103062
recovered,q4_compare,Z2,generator,915.4293537139893,1,6a968808-6dd3-4732-8dbf-f8f6e39858e2,2026-06-03 05:48:22.104954
processed,q2_area,Z3,cache,14.850616455078125,0,585dc1e7-9388-4748-8245-786cf6f16ece,2026-06-03 05:48:22.106894
processed,q5_confidence_dist,Z5,cache,1.2950897216796875,0,3e679cfc-8c08-4809-b4c9-63b99dc537f4,2026-06-03 05:48:22.144193
processed,q3_density,Z4,cache,1.2712478637695312,0,a1b3a0de-b8b2-4346-b9b3-c677d2ca17b0,2026-06-03 05:48:22.194499
processed,q1_count,Z1,generator,4.541635513305664,0,8bc17acb-b1f5-47e4-958d-21086b372e98,2026-06-03 05:48:22.247289
processed,q1_count,Z3,cache,1.2254714965820312,0,89ba459e-889c-4abf-b9c3-8ce0bcd543f6,2026-06-03 05:48:22.344635
processed,q3_density,Z4,cache,1.1975765228271484,0,e29ad01a-34a0-4a06-8e0f-a97a908b754f,2026-06-03 05:48:22.395414
processed,q2_area,Z1,cache,1.2502670288085938,0,31dd9fb1-b606-4918-af96-93edcb73af8d,2026-06-03 05:48:22.445688
processed,q1_count,Z1,cache,1.241922378540039,0,1aa6f7e7-530c-4155-b6b3-ea105e080b1d,2026-06-03 05:48:22.495831
processed,q4_compare,Z2,cache,1.3225078582763672,0,e644b53e-deed-4218-a709-7444466fdfbc,2026-06-03 05:48:22.596621
processed,q1_count,Z2,cache,1.2073516845703125,0,e6d3133d-77fa-4024-9628-9230b34a00ae,2026-06-03 05:48:22.747076
processed,q1_count,Z2,generator,5.67317008972168,0,c1a7b025-d67c-4a43-93dc-6b221211affb,2026-06-03 05:48:22.901543
retry,q1_count,Z2,,0.0,2,4d342845-edaf-4491-b0f3-cabbbf24bf62,2026-06-03 05:48:22.936694
processed,q5_confidence_dist,Z3,cache,1198.5445022583008,0,d299eab7-9137-49af-b783-39570fcdc216,2026-06-03 05:48:22.939012
processed,q1_count,Z2,cache,1150.3715515136719,0,b6b34ef2-886d-41c3-b5dd-3471042f9fe0,2026-06-03 05:48:22.940728
processed,q1_count,Z5,cache,1051.6068935394287,0,28268217-65b9-4f42-8be4-ee6d4ccefd2a,2026-06-03 05:48:22.942634
processed,q5_confidence_dist,Z2,cache,1.0266304016113281,0,46d0265d-8429-40ef-9ce2-126d3d6ed6cf,2026-06-03 05:48:22.947201
dlq,q1_count,Z2,,0.0,3,4d342845-edaf-4491-b0f3-cabbbf24bf62,2026-06-03 05:48:22.948735
processed,q3_density,Z5,cache,406.48722648620605,0,797374a8-2d76-41ef-ab4c-3c1cff242d65,2026-06-03 05:48:22.950822
processed,q4_compare,Z5,cache,107.00225830078125,0,64c49280-1ff8-4775-9965-3ba74654f791,2026-06-03 05:48:22.952745
processed,q2_area,Z3,cache,309.85331535339355,0,b88ee9c6-4763-4bc7-b5d9-15be09ba03c1,2026-06-03 05:48:22.954628
processed,q1_count,Z2,cache,261.5056037902832,0,e3adac11-7ad8-44f6-9ffc-263d1f861ccb,2026-06-03 05:48:22.956184
processed,q2_area,Z3,cache,1016.8542861938477,0,2ef2e96f-d31e-4159-bd94-8d70f3f4e57d,2026-06-03 05:48:22.958043
processed,q1_count,Z5,cache,968.4545993804932,0,9b6bbc59-6991-4770-a8d9-4d984fb9498d,2026-06-03 05:48:22.959839
processed,q5_confidence_dist,Z5,cache,919.9991226196289,0,867e055c-6111-4c75-8f3e-5b2abb563063,2026-06-03 05:48:22.961640
processed,q1_count,Z4,cache,670.5424785614014,0,1ffc99e6-8e8c-4826-ab65-208b3f3ebfe8,2026-06-03 05:48:22.963437
processed,q4_compare,Z3,cache,169.89564895629883,0,aa0f269e-b45e-4f4f-8963-42fef74e2bf0,2026-06-03 05:48:22.966160
processed,q1_count,Z3,cache,1.1439323425292969,0,0d809a92-1041-4a05-ae18-ca6187d07ebe,2026-06-03 05:48:22.998152
processed,q5_confidence_dist,Z3,cache,1.4243125915527344,0,46941dfd-beb1-4b7e-b30e-cef0b8e3d4d9,2026-06-03 05:48:23.048896
processed,q5_confidence_dist,Z2,cache,1.3570785522460938,0,b523cdd7-8a3d-4aeb-9250-f7581a18eaf1,2026-06-03 05:48:23.098972
processed,q1_count,Z5,generator,5.036830902099609,0,08a59a3e-1361-429c-92d8-34eeaf06e308,2026-06-03 05:48:23.152441
processed,q2_area,Z1,cache,1.2638568878173828,0,19886540-b1cd-407f-b9d4-b42e846028b5,2026-06-03 05:48:23.199345
processed,q1_count,Z1,cache,1.3186931610107422,0,16391a7e-4b96-4db9-acbf-c5b67f4a5cc1,2026-06-03 05:48:23.249296
processed,q4_compare,Z1,cache,1.2693405151367188,0,726b3447-87b0-45cc-9078-79231771086a,2026-06-03 05:48:23.299942
processed,q5_confidence_dist,Z5,cache,1.2907981872558594,0,2721426b-5e90-409e-a4f9-c237f7d7941f,2026-06-03 05:48:23.350069
processed,q5_confidence_dist,Z5,cache,1.1591911315917969,0,e48cf203-021f-432d-b5a8-ba4f8f8e4179,2026-06-03 05:48:23.399908
processed,q5_confidence_dist,Z2,cache,1.3082027435302734,0,b17cb31e-b5a5-4ab9-b4b5-85e1d650faa0,2026-06-03 05:48:23.450553
processed,q1_count,Z1,cache,1.2133121490478516,0,7c365b47-5e1a-4a31-b7dc-f13455f52925,2026-06-03 05:48:23.500296
processed,q2_area,Z5,cache,1.2087821960449219,0,752a8a31-55db-405f-a87e-e9fdbe88a853,2026-06-03 05:48:23.551027
processed,q5_confidence_dist,Z4,cache,1.1036396026611328,0,fe961adb-ef88-4674-a37b-2c389799b09d,2026-06-03 05:48:23.600348
processed,q3_density,Z1,cache,1.2521743774414062,0,135b7bf4-7b15-4884-8d69-ed6abf6ddb7b,2026-06-03 05:48:23.651356
processed,q1_count,Z5,cache,1.2972354888916016,0,52e6e642-b5c8-47f2-b2c5-2c997949701e,2026-06-03 05:48:23.701161
processed,q1_count,Z4,cache,1.2140274047851562,0,ecefa2b4-67f4-43f1-939f-6e5a039bb5fc,2026-06-03 05:48:23.751553
processed,q2_area,Z1,cache,1.3620853424072266,0,ce25b82f-99e6-4852-a580-aab8f50c4046,2026-06-03 05:48:23.802200
processed,q1_count,Z3,cache,1.2547969818115234,0,04efc535-c4b2-4ec1-b880-d4269830167a,2026-06-03 05:48:23.852245
processed,q5_confidence_dist,Z2,cache,1.341104507446289,0,ef82e1c9-1fbe-464a-afc4-821dc2c61f11,2026-06-03 05:48:23.902640
processed,q3_density,Z5,cache,1.1179447174072266,0,2dae6ca0-2513-4d0a-9b84-0bcadd1fceaf,2026-06-03 05:48:23.952704
processed,q5_confidence_dist,Z1,cache,1.2869834899902344,0,eaf8d26a-c13e-4d5c-b089-cd343f304c93,2026-06-03 05:48:24.003083
processed,q5_confidence_dist,Z2,cache,1.2145042419433594,0,0748a35d-9db2-4902-a01c-6ac8c264aea8,2026-06-03 05:48:24.052729
processed,q1_count,Z5,cache,1.3818740844726562,0,97e63292-cc72-4b21-a138-ef13ee17c5ed,2026-06-03 05:48:24.103644
processed,q3_density,Z5,cache,1.3403892517089844,0,1cd3cae1-26d3-4839-bb21-763b2a19691f,2026-06-03 05:48:24.304704
processed,q4_compare,Z5,cache,1.325368881225586,0,082b479d-9d9f-4081-98f8-a43df9c0a81a,2026-06-03 05:48:24.354843
processed,q2_area,Z4,cache,1.2919902801513672,0,7131e3b3-86f5-47e2-b3e3-71b9af79a18c,2026-06-03 05:48:24.404973
processed,q5_confidence_dist,Z2,cache,1.2545585632324219,0,0f52cdda-795a-4b57-92c8-76fe663af792,2026-06-03 05:48:24.505536
processed,q5_confidence_dist,Z4,cache,1.2478828430175781,0,c7083fbe-a1b3-423f-81f5-a3dff9eb90e8,2026-06-03 05:48:24.555847
retry,q4_compare,Z3,,0.0,1,fcc5d185-ac20-4472-b02f-3679f86c6a97,2026-06-03 05:48:24.656435
processed,q2_area,Z2,cache,457.7345848083496,0,088275c9-ab06-4e5e-be57-04a234d65254,2026-06-03 05:48:24.660163
processed,q3_density,Z1,cache,208.82821083068848,0,89dd9169-a177-41de-9a6e-86ef6b160011,2026-06-03 05:48:24.662583
processed,q4_compare,Z3,generator,511.6891860961914,1,fcc5d185-ac20-4472-b02f-3679f86c6a97,2026-06-03 05:48:24.663797
processed,q1_count,Z4,cache,412.23597526550293,0,18e358ec-bf7b-4171-9762-99282c174d7a,2026-06-03 05:48:24.664767
recovered,q4_compare,Z3,generator,511.6891860961914,1,fcc5d185-ac20-4472-b02f-3679f86c6a97,2026-06-03 05:48:24.665592
processed,q1_count,Z3,cache,1.0373592376708984,0,b60f859c-873f-4e0e-8d1e-40a423e59356,2026-06-03 05:48:24.856631
processed,q5_confidence_dist,Z3,cache,1.3022422790527344,0,2b159fdf-b377-4bd7-91d0-aca417201579,2026-06-03 05:48:25.008105
processed,q4_compare,Z1,cache,1.4791488647460938,0,21d2f62e-cc5d-410a-8989-cd2c512183f7,2026-06-03 05:48:25.058589
processed,q5_confidence_dist,Z4,cache,1.1432170867919922,0,bad25b46-339f-4d74-b003-50e5761ed1d8,2026-06-03 05:48:25.107788
retry,q2_area,Z2,,0.0,1,9fe3f6ff-9d7e-4033-95df-1485783c4d0e,2026-06-03 05:48:25.108912
processed,q2_area,Z2,generator,512.2241973876953,1,9fe3f6ff-9d7e-4033-95df-1485783c4d0e,2026-06-03 05:48:25.116165
recovered,q2_area,Z2,generator,512.2241973876953,1,9fe3f6ff-9d7e-4033-95df-1485783c4d0e,2026-06-03 05:48:25.118244
processed,q1_count,Z2,cache,164.27278518676758,0,1a1f9f8e-5f40-48cd-b248-1bd2423bad5e,2026-06-03 05:48:25.120235
processed,q2_area,Z5,cache,367.0918941497803,0,fb73637d-c34c-45d6-a38d-ce3d91de262d,2026-06-03 05:48:25.122172
processed,q1_count,Z4,cache,419.3079471588135,0,de40fe8e-7480-4ada-98ad-250ae5a6064b,2026-06-03 05:48:25.124288
processed,q4_compare,Z5,generator,226.4695167541504,0,bf2e71b1-63ba-4698-85b8-581bccfe3fbc,2026-06-03 05:48:25.132067
processed,q1_count,Z5,cache,479.66980934143066,0,eea9ff4b-b96a-4f79-964c-6b6c81544aba,2026-06-03 05:48:25.134307
processed,q1_count,Z1,cache,330.9752941131592,0,c8859ff4-b634-4cf5-8fbd-475f9806d5bc,2026-06-03 05:48:25.136243
processed,q3_density,Z1,cache,1.1096000671386719,0,2ff53f3d-c9fa-40bb-b00a-ce559e7e202d,2026-06-03 05:48:25.158292
processed,q1_count,Z5,cache,1.2269020080566406,0,7c48e953-c509-446c-974f-61691346c3ca,2026-06-03 05:48:25.209088
processed,q5_confidence_dist,Z4,cache,1.260995864868164,0,54c4057a-634d-4a94-8c6b-711cce432089,2026-06-03 05:48:25.259254
processed,q3_density,Z4,cache,1.1990070343017578,0,ed6ee5f3-4949-49eb-91bd-5bd27b5d2693,2026-06-03 05:48:25.309151
processed,q1_count,Z5,cache,1.2345314025878906,0,4cfcded1-f5f1-4e54-9a3b-572c6e275772,2026-06-03 05:48:25.409177
processed,q2_area,Z4,cache,1.2183189392089844,0,a2231c5e-af4b-4653-9206-2f5aa88ec883,2026-06-03 05:48:25.509969
processed,q1_count,Z2,cache,1.2295246124267578,0,b8ebefe8-4663-474a-baa1-9198daf8e153,2026-06-03 05:48:25.560422
processed,q5_confidence_dist,Z4,cache,1.249551773071289,0,5ec11234-6ca9-4831-9f03-1eb5091aba88,2026-06-03 05:48:25.610807
processed,q4_compare,Z3,cache,1.2013912200927734,0,33be777b-142e-41f7-8cf6-8f781bb5681d,2026-06-03 05:48:25.660711
processed,q5_confidence_dist,Z1,cache,1.4455318450927734,0,ae83a942-2f83-4936-9d7f-1a59fb346715,2026-06-03 05:48:25.711463
processed,q1_count,Z4,cache,1.4383792877197266,0,61f4e1ae-decc-4d3a-8672-a812564507ab,2026-06-03 05:48:25.761884
retry,q4_compare,Z3,,0.0,1,808aae34-378a-47ad-9b7b-bbda80f71e15,2026-06-03 05:48:25.861462
processed,q3_density,Z3,cache,1.4410018920898438,0,e4e2a6ea-43c7-43ff-9144-f2e149c2d4d6,2026-06-03 05:48:25.862466
processed,q1_count,Z5,cache,407.33861923217773,0,8457230e-76ef-415c-932c-0a5914fa18fa,2026-06-03 05:48:25.865508
processed,q4_compare,Z4,cache,57.65962600708008,0,b28a5d30-158c-41ff-90ff-1c09fc5320ee,2026-06-03 05:48:25.867671
processed,q5_confidence_dist,Z4,cache,1.2841224670410156,0,6e325968-d1e9-478e-9f79-bc21541dd6ad,2026-06-03 05:48:25.962434
processed,q2_area,Z2,cache,1.0800361633300781,0,ed0f3951-6721-40c7-87d9-5d46ffbc7efc,2026-06-03 05:48:26.213102
processed,q5_confidence_dist,Z1,cache,1.3005733489990234,0,5e399a66-11fe-4527-b4d4-ebf59054d4dc,2026-06-03 05:48:26.314061
processed,q5_confidence_dist,Z5,cache,1.268148422241211,0,f2974f4a-d1c0-4d76-addd-59a9d231c63e,2026-06-03 05:48:26.363979
processed,q5_confidence_dist,Z3,cache,1.3201236724853516,0,442b8a91-8678-449f-b5b4-64421eade31b,2026-06-03 05:48:26.464481
processed,q2_area,Z3,cache,1.3890266418457031,0,b8d75f76-92ad-4720-8b2c-530ace62a77a,2026-06-03 05:48:26.715892
processed,q1_count,Z3,cache,1.1548995971679688,0,ff7dad61-c331-4437-9552-e9cce77a20b1,2026-06-03 05:48:26.816038
retry,q4_compare,Z3,,0.0,2,808aae34-378a-47ad-9b7b-bbda80f71e15,2026-06-03 05:48:26.865673
processed,q4_compare,Z3,generator,1519.3986892700195,2,808aae34-378a-47ad-9b7b-bbda80f71e15,2026-06-03 05:48:26.877237
recovered,q4_compare,Z3,generator,1519.3986892700195,2,808aae34-378a-47ad-9b7b-bbda80f71e15,2026-06-03 05:48:26.879351
processed,q5_confidence_dist,Z1,cache,720.0498580932617,0,c797bbad-c762-4a04-8eba-6941572b9c97,2026-06-03 05:48:26.881591
processed,q3_density,Z4,cache,320.10889053344727,0,7ff7ce5a-afb8-4b0d-afb0-a77db0173e81,2026-06-03 05:48:26.883220
processed,q3_density,Z5,cache,120.83911895751953,0,e3e07401-ebce-40ce-8de5-17df9debb243,2026-06-03 05:48:26.885179
processed,q1_count,Z4,cache,474.4422435760498,0,9fe112aa-b323-4e42-9737-8e637b3ad67e,2026-06-03 05:48:26.887068
processed,q4_compare,Z5,cache,225.0652313232422,0,cfc75d90-3018-448a-80a4-72c57a485657,2026-06-03 05:48:26.888854
processed,q4_compare,Z4,cache,779.5007228851318,0,48eb3a3f-6303-46be-a1de-712f97209432,2026-06-03 05:48:26.890668
processed,q1_count,Z1,generator,886.5811824798584,0,70957bcf-a5ed-477d-b670-5d13ca963d27,2026-06-03 05:48:26.897068
processed,q5_confidence_dist,Z4,cache,837.9697799682617,0,0b4d3d0d-b162-4f56-9b41-1bd797d2194c,2026-06-03 05:48:26.898544
processed,q4_compare,Z3,cache,387.23063468933105,0,68f2ea03-7cd4-4b19-9f8c-595129e6e075,2026-06-03 05:48:26.899784
processed,q1_count,Z3,cache,639.6379470825195,0,170dcf93-8793-447b-b757-65f854867e9e,2026-06-03 05:48:26.900917
processed,q3_density,Z5,cache,289.0806198120117,0,5f63d595-cc3b-40c1-964e-d6263e0cafdd,2026-06-03 05:48:26.901986
processed,q3_density,Z5,cache,993.375301361084,0,07017714-0d32-456b-968d-06298c4359e1,2026-06-03 05:48:26.903128
processed,q1_count,Z5,cache,40.05551338195801,0,9538a2e4-4707-4b6b-9d92-a5ae430ee450,2026-06-03 05:48:26.904560
processed,q5_confidence_dist,Z5,cache,1.28173828125,0,d7211952-8ee2-4f73-b4c5-1aab1d3b2473,2026-06-03 05:48:26.916544
processed,q1_count,Z2,cache,1.623392105102539,0,9c916286-175d-47bc-8ba9-485a0c39b82e,2026-06-03 05:48:26.967551
processed,q5_confidence_dist,Z2,cache,1.2784004211425781,0,da5349d6-0ca5-4b2b-80db-98bca64f9015,2026-06-03 05:48:27.017442
processed,q2_area,Z5,cache,1.028299331665039,0,b34a1f3a-76e5-467d-8211-218e0be709ee,2026-06-03 05:48:27.066719
processed,q5_confidence_dist,Z4,cache,1.0967254638671875,0,13f1a71e-46ad-4695-b8dc-d2954ad0b13f,2026-06-03 05:48:27.117103
processed,q1_count,Z1,cache,1.0099411010742188,0,9a7a09bf-e432-4e39-814b-c9ce108c376e,2026-06-03 05:48:27.167460
processed,q3_density,Z2,cache,1.2874603271484375,0,8197d597-17d6-47f4-8d4e-693c0e3d8432,2026-06-03 05:48:27.218277
processed,q3_density,Z4,cache,1.1565685272216797,0,ab188474-8efe-40b3-8c93-6e460af99eb1,2026-06-03 05:48:27.267794
processed,q1_count,Z4,cache,1.1515617370605469,0,ce50ccbd-4fde-4f1e-aabb-fe92ffb82f58,2026-06-03 05:48:27.318020
processed,q5_confidence_dist,Z2,cache,0.9953975677490234,0,0600777f-6d3d-45b2-b8e8-411be4386b04,2026-06-03 05:48:27.368035
processed,q4_compare,Z2,cache,1.1124610900878906,0,f0baa8d1-5a40-4c06-a641-3bd40daadf09,2026-06-03 05:48:27.418539
processed,q1_count,Z2,cache,1.0898113250732422,0,51399446-97e2-4fb4-8e89-0531a758d582,2026-06-03 05:48:27.468605
processed,q4_compare,Z2,cache,1.0776519775390625,0,d7195aba-e35a-4f57-9a00-2ac1ae46c244,2026-06-03 05:48:27.569253
processed,q2_area,Z5,cache,1.1017322540283203,0,92c98da1-73e4-4f5d-a362-6e1d69625949,2026-06-03 05:48:27.669585
processed,q5_confidence_dist,Z5,cache,1.325845718383789,0,2745fd5c-1af0-4038-bf60-b1b90fa56dac,2026-06-03 05:48:27.871404
retry,q4_compare,Z4,,0.0,1,4a16e157-a14b-4ab3-8520-6efeaac2a651,2026-06-03 05:48:28.021720
processed,q1_count,Z1,cache,406.1703681945801,0,ede73891-9eed-46f5-8c66-68d582754ec1,2026-06-03 05:48:28.024579
processed,q1_count,Z3,cache,307.9090118408203,0,c419a5bc-c0d2-4a2a-81ad-80d61bc35005,2026-06-03 05:48:28.026608
processed,q5_confidence_dist,Z5,cache,0.9667873382568359,0,bc4784c7-1d45-4844-9636-ea54c5bac58a,2026-06-03 05:48:28.071740
processed,q3_density,Z1,cache,1.1105537414550781,0,a6782ef3-89fb-41cd-80e6-e818abad27f6,2026-06-03 05:48:28.222680
retry,q2_area,Z5,,0.0,1,58bc7946-0f58-423c-bc0c-9bc4d184e4c3,2026-06-03 05:48:28.272763
processed,q5_confidence_dist,Z1,cache,456.3620090484619,0,8b7a3d9e-b095-4c3b-acaf-e8aac6855e26,2026-06-03 05:48:28.275770
processed,q1_count,Z3,cache,307.7545166015625,0,fbcd3a7d-3738-4cb6-81a0-0e3265725cbc,2026-06-03 05:48:28.277533
processed,q4_compare,Z3,cache,359.6956729888916,0,72dc273f-8762-4d19-b81c-b8082973c901,2026-06-03 05:48:28.279297
processed,q1_count,Z1,cache,261.0161304473877,0,ef134aec-460a-4778-a24e-913ed4e22a10,2026-06-03 05:48:28.281057
processed,q5_confidence_dist,Z5,cache,1.0807514190673828,0,4d0d5519-75be-4df2-af79-631884b4e480,2026-06-03 05:48:28.323167
processed,q5_confidence_dist,Z1,cache,1.2230873107910156,0,571206a8-d1af-44a8-9dd9-c863b3d4bb57,2026-06-03 05:48:28.373372
processed,q3_density,Z2,cache,0.9908676147460938,0,32bd29b6-f16d-4c88-9c18-6b3daea4b8d0,2026-06-03 05:48:28.523917
processed,q1_count,Z1,cache,1.329660415649414,0,c5f45df1-cd09-4771-97f1-0e5a026c59b4,2026-06-03 05:48:28.674911
processed,q2_area,Z3,cache,1.2581348419189453,0,676ba85b-2124-4ca8-97d8-2b155ffd1e83,2026-06-03 05:48:28.825368
processed,q3_density,Z2,cache,1.191854476928711,0,4b5fc5cd-ed4c-40eb-81fc-6cc2ab84ac1d,2026-06-03 05:48:28.925722
retry,q4_compare,Z4,,0.0,1,d71c9883-1e10-4269-b996-f9716566cbe0,2026-06-03 05:48:28.926735
processed,q4_compare,Z4,generator,313.25459480285645,0,1d95db16-91a1-4969-afb2-323a632a9311,2026-06-03 05:48:28.935803
processed,q1_count,Z4,cache,1.2471675872802734,0,464cd908-1039-4287-9ab2-2a76d04ba739,2026-06-03 05:48:28.975928
retry,q4_compare,Z4,,0.0,2,4a16e157-a14b-4ab3-8520-6efeaac2a651,2026-06-03 05:48:29.025508
processed,q5_confidence_dist,Z4,cache,1.2240409851074219,0,45a89094-8ea1-4ea4-b8ba-dc5fdd47eb88,2026-06-03 05:48:29.026452
processed,q5_confidence_dist,Z2,cache,458.18495750427246,0,22803180-068c-486b-ac23-6e7da78d7c8e,2026-06-03 05:48:29.030836
dlq,q4_compare,Z4,,0.0,3,4a16e157-a14b-4ab3-8520-6efeaac2a651,2026-06-03 05:48:29.034666
processed,q3_density,Z4,cache,1.25885009765625,0,d2c80414-8cd5-47ad-a32e-9dda88d32337,2026-06-03 05:48:29.176831
processed,q2_area,Z3,cache,1.1305809020996094,0,2d8e2748-84a0-44c9-b67d-e916b5e7c936,2026-06-03 05:48:29.528589
retry,q4_compare,Z4,,0.0,2,d71c9883-1e10-4269-b996-f9716566cbe0,2026-06-03 05:48:29.931581
dlq,q4_compare,Z4,,0.0,3,d71c9883-1e10-4269-b996-f9716566cbe0,2026-06-03 05:48:29.934637
processed,q4_compare,Z3,generator,362.83421516418457,0,5ed00e72-5b6b-4960-a6d3-fcb0abdb85f3,2026-06-03 05:48:29.939796
processed,q5_confidence_dist,Z3,cache,264.209508895874,0,326a1091-4f65-447c-ae69-2f1b9ae95003,2026-06-03 05:48:29.942006
processed,q1_count,Z2,cache,1.1184215545654297,0,43713000-4783-4390-8c1b-ab7adc0725b4,2026-06-03 05:48:30.030672
retry,q2_area,Z5,,0.0,2,58bc7946-0f58-423c-bc0c-9bc4d184e4c3,2026-06-03 05:48:30.039042
processed,q1_count,Z2,cache,1167.424201965332,0,18ccaae3-9c2a-45e9-af58-71e84142ab2f,2026-06-03 05:48:30.041746
processed,q2_area,Z5,generator,2275.7339477539062,2,58bc7946-0f58-423c-bc0c-9bc4d184e4c3,2026-06-03 05:48:30.044619
recovered,q2_area,Z5,generator,2275.7339477539062,2,58bc7946-0f58-423c-bc0c-9bc4d184e4c3,2026-06-03 05:48:30.046683
processed,q2_area,Z1,generator,1877.2609233856201,0,af9131a5-5a69-4012-8656-fabf97ebbd67,2026-06-03 05:48:30.047602
processed,q4_compare,Z5,cache,1.4367103576660156,0,d0d18622-5c44-4ab6-81df-d3d6e2e22aa0,2026-06-03 05:48:30.131809
processed,q4_compare,Z1,cache,1.2824535369873047,0,b7460c54-40f9-47d3-a644-8430dfc60b01,2026-06-03 05:48:30.332451
processed,q1_count,Z1,cache,1.2996196746826172,0,148cbd55-4846-43ba-af42-6e0ad757227b,2026-06-03 05:48:30.432949
retry,q4_compare,Z2,,0.0,1,9295a4b6-b5d8-4800-9c62-6d5f071e581b,2026-06-03 05:48:30.446957
processed,q1_count,Z2,cache,1173.3977794647217,0,1e6ee19b-0a8f-47ef-8051-fdb32c529895,2026-06-03 05:48:30.449038
processed,q4_compare,Z5,cache,622.4992275238037,0,ee7d5b86-1ae4-49a2-83d0-ed89a0ff4751,2026-06-03 05:48:30.450932
processed,q2_area,Z4,cache,1.1551380157470703,0,89ce7e04-a287-48e7-a1c3-1f9ad723a81a,2026-06-03 05:48:30.532909
retry,q4_compare,Z2,,0.0,1,c01115cc-17c5-404b-b9e3-1aebcc4dd7af,2026-06-03 05:48:30.551855
retry,q4_compare,Z1,,0.0,1,ed3f6ae6-24ca-47ed-9acc-aeb1c9def527,2026-06-03 05:48:30.955134
processed,q2_area,Z4,cache,1229.372501373291,0,5ad453d2-0066-4cb7-b9a7-d0bbc3bb7bfd,2026-06-03 05:48:30.957645
processed,q3_density,Z1,cache,1181.337594985962,0,16455bd7-c04f-4f7c-a249-769b882715f8,2026-06-03 05:48:30.959622
processed,q3_density,Z1,cache,1635.4796886444092,0,b4a9d6e1-d2c6-4469-8b21-6c013e248920,2026-06-03 05:48:30.961533
retry,q1_count,Z2,,0.0,1,e5f23297-b980-495e-863d-a8f31f04efbd,2026-06-03 05:48:31.056608
processed,q1_count,Z3,cache,2787.6713275909424,0,a1935dd9-eb3b-4905-8eb6-5e2561bb3a92,2026-06-03 05:48:31.059048
processed,q1_count,Z2,cache,2588.9928340911865,0,b062cf22-f9e5-4ea8-a1bf-c691ae99ac49,2026-06-03 05:48:31.061049
processed,q5_confidence_dist,Z1,cache,2289.5801067352295,0,e12a40aa-e74a-4adb-8ba3-0316575f9a72,2026-06-03 05:48:31.062921
processed,q3_density,Z4,cache,1941.6401386260986,0,56e75035-12ee-4d8b-b45b-36ddfd479a6d,2026-06-03 05:48:31.066693
retry,q4_compare,Z2,,0.0,2,c01115cc-17c5-404b-b9e3-1aebcc4dd7af,2026-06-03 05:48:31.554627
processed,q4_compare,Z1,generator,2187.6778602600098,1,ed3f6ae6-24ca-47ed-9acc-aeb1c9def527,2026-06-03 05:48:31.564142
recovered,q4_compare,Z1,generator,2187.6778602600098,1,ed3f6ae6-24ca-47ed-9acc-aeb1c9def527,2026-06-03 05:48:31.566111
retry,q4_compare,Z5,,0.0,1,9c7fdb65-0f3a-4222-955e-dca46caff621,2026-06-03 05:48:31.571206
processed,q4_compare,Z3,generator,137.908935546875,0,f3105701-8892-4383-b895-e651b9a91fc1,2026-06-03 05:48:31.573297
processed,q3_density,Z5,cache,692.1463012695312,0,8c99e315-d1ce-4068-a68b-0c56689fc649,2026-06-03 05:48:31.575999
processed,q4_compare,Z3,generator,2350.9185314178467,0,0b41e082-1d3f-4cf3-903b-bddb88950ef0,2026-06-03 05:48:31.576096
processed,q5_confidence_dist,Z2,cache,493.81041526794434,0,5e29f095-caa5-447a-908b-59072494b332,2026-06-03 05:48:31.577854
processed,q5_confidence_dist,Z4,cache,1699.4569301605225,0,eb04cabf-fe5d-4106-821e-f2b47dd1af6a,2026-06-03 05:48:31.577899
processed,q1_count,Z5,cache,395.5254554748535,0,fedeb95d-500c-4cef-8749-9b1758c3a935,2026-06-03 05:48:31.580082
processed,q5_confidence_dist,Z3,cache,1650.9859561920166,0,c67b49a1-ef30-4c8d-ac5c-9905bbebae93,2026-06-03 05:48:31.580132
processed,q1_count,Z5,cache,799.3288040161133,0,21de4ab5-289c-4cc6-94c3-42db8a0d66c9,2026-06-03 05:48:31.582176
processed,q3_density,Z4,cache,2157.5098037719727,0,4d130bfa-dcff-40c6-8acd-ca25f16a523f,2026-06-03 05:48:31.584321
processed,q3_density,Z4,generator,451.81870460510254,0,1bfc719d-53ba-4558-98b4-c1231aaccdee,2026-06-03 05:48:31.586178
processed,q1_count,Z2,cache,1506.7989826202393,0,3ee346d8-b4e0-4da5-a5e5-6f8e6ec40c14,2026-06-03 05:48:31.586818
processed,q2_area,Z3,cache,655.0898551940918,0,f224330f-5aae-4d68-9394-bd2965ecb47a,2026-06-03 05:48:31.588268
processed,q4_compare,Z5,cache,2112.0476722717285,0,f127d329-0210-433a-998a-cfd4ab125812,2026-06-03 05:48:31.589263
processed,q2_area,Z4,cache,204.81371879577637,0,19dd6f1d-36ba-47a2-ba52-0c85c2b2d9d8,2026-06-03 05:48:31.590576
processed,q3_density,Z5,cache,1963.7410640716553,0,c9194083-d1b8-4b1e-877a-51d723e591fa,2026-06-03 05:48:31.591315
processed,q5_confidence_dist,Z2,cache,58.07948112487793,0,8380e51b-b527-4771-8f95-80cf8ab0eedf,2026-06-03 05:48:31.594369
processed,q3_density,Z4,cache,261.1572742462158,0,c507b38c-45b3-4f5b-9e3d-b1ddc5cb7dcc,2026-06-03 05:48:31.596590
processed,q2_area,Z1,cache,313.4632110595703,0,14064d9e-e4b8-45a0-9917-4bdcb3b02c83,2026-06-03 05:48:31.598520
processed,q1_count,Z5,cache,114.47882652282715,0,2c6b5c4a-2937-4f36-a38a-3e1670c3588e,2026-06-03 05:48:31.600181
retry,q4_compare,Z2,,0.0,2,9295a4b6-b5d8-4800-9c62-6d5f071e581b,2026-06-03 05:48:31.969887
retry,q2_area,Z2,,0.0,1,2598f1a7-35a6-4a3a-8373-aee76c1e7f0c,2026-06-03 05:48:32.291743
dlq,q4_compare,Z2,,0.0,3,9295a4b6-b5d8-4800-9c62-6d5f071e581b,2026-06-03 05:48:32.297887
processed,q2_area,Z2,generator,516.8354511260986,1,2598f1a7-35a6-4a3a-8373-aee76c1e7f0c,2026-06-03 05:48:32.303700
recovered,q2_area,Z2,generator,516.8354511260986,1,2598f1a7-35a6-4a3a-8373-aee76c1e7f0c,2026-06-03 05:48:32.305645
processed,q3_density,Z4,cache,470.1395034790039,0,30419bc0-c902-4676-9dce-406ecc6b3fa0,2026-06-03 05:48:32.307946
processed,q1_count,Z1,cache,322.0973014831543,0,41d90928-50d0-41e2-b78f-7d83759380b3,2026-06-03 05:48:32.310929
processed,q5_confidence_dist,Z5,cache,23.449420928955078,0,1290c569-3f34-47ef-aabc-8e3f35815bf7,2026-06-03 05:48:32.312607
retry,q4_compare,Z4,,0.0,1,a772f913-18f9-4a39-b4a8-8aa1e55aeca7,2026-06-03 05:48:32.475246
processed,q3_density,Z4,cache,2247.248411178589,0,343f74e6-f502-4115-9cbc-8ffc6bc6879a,2026-06-03 05:48:32.478195
processed,q2_area,Z4,cache,2199.7439861297607,0,b9ca168a-69e3-4b74-bc04-017c90d0d814,2026-06-03 05:48:32.480348
processed,q5_confidence_dist,Z1,cache,1.2121200561523438,0,b5c8d779-bc33-43da-bbaf-c4184a04a0a6,2026-06-03 05:48:32.592149
retry,q4_compare,Z5,,0.0,2,9c7fdb65-0f3a-4222-955e-dca46caff621,2026-06-03 05:48:32.597121
dlq,q4_compare,Z5,,0.0,3,9c7fdb65-0f3a-4222-955e-dca46caff621,2026-06-03 05:48:32.601216
retry,q4_compare,Z2,,0.0,1,2e802d0f-4108-4fc8-b6b6-2b99bcd53a63,2026-06-03 05:48:32.985605
processed,q1_count,Z1,cache,2305.4721355438232,0,4d7613a1-4967-4413-a562-6b15af51946a,2026-06-03 05:48:32.987718
processed,q3_density,Z2,cache,3010.47945022583,0,e66e2124-ed23-4d72-a0a9-111ec7568e75,2026-06-03 05:48:32.989583
processed,q1_count,Z3,cache,2158.4653854370117,0,45ebd7ab-92d1-48ae-9ab7-ffcf06151c75,2026-06-03 05:48:32.991448
processed,q5_confidence_dist,Z4,cache,2813.448667526245,0,95226506-59b2-49af-9a2a-c582fef0e1ba,2026-06-03 05:48:32.993698
processed,q1_count,Z4,cache,2614.696502685547,0,f5311c2a-ac08-45e4-a74a-b24d9b68bcdf,2026-06-03 05:48:32.995620
processed,q4_compare,Z1,generator,2370.999574661255,0,885c4821-fd68-4da0-b5ab-51a470f7c3d0,2026-06-03 05:48:33.003252
processed,q3_density,Z2,cache,2272.7482318878174,0,41dddc49-828b-42ad-9f9b-52a6de73260a,2026-06-03 05:48:33.005252
retry,q4_compare,Z4,,0.0,1,164b09f7-8a5d-47e1-afa0-87fceb4bb42f,2026-06-03 05:48:33.102424
processed,q4_compare,Z2,generator,471.37951850891113,0,9c746bb4-5ee1-40b5-8aa5-92fc37c341cd,2026-06-03 05:48:33.112275
processed,q4_compare,Z3,cache,423.1889247894287,0,36431d28-cb58-47ad-b6db-0ea0e46fa091,2026-06-03 05:48:33.114623
processed,q1_count,Z5,cache,123.98886680603027,0,c4a657b2-a999-4636-8348-411a9cba2daf,2026-06-03 05:48:33.116475
processed,q3_density,Z2,cache,929.3398857116699,0,91ec0e67-446e-4448-9ec6-a37b2ebce048,2026-06-03 05:48:33.118293
processed,q2_area,Z3,cache,1081.8238258361816,0,63c0b93d-de73-46dc-9278-1fe7bbf980e8,2026-06-03 05:48:33.120028
processed,q1_count,Z3,cache,782.2611331939697,0,baca863f-06a5-4c07-93e7-2c487e88e137,2026-06-03 05:48:33.122093
processed,q2_area,Z5,cache,734.0610027313232,0,aa4d4e2a-5a35-44e4-a265-915edde08642,2026-06-03 05:48:33.124023
processed,q1_count,Z5,cache,635.5817317962646,0,3bf22f27-a73e-46b6-9f8a-67097bf0fd7f,2026-06-03 05:48:33.125951
processed,q4_compare,Z3,cache,285.9768867492676,0,1e23c102-d3f6-4fdb-9820-581bdb6a2c0c,2026-06-03 05:48:33.127875
processed,q5_confidence_dist,Z3,cache,1392.7686214447021,0,c142ab62-09a1-45a5-9688-1f918d46dab0,2026-06-03 05:48:33.129732
processed,q3_density,Z1,cache,691.464900970459,0,6fcb4779-4e99-447d-8b54-331eabb30bf4,2026-06-03 05:48:33.131608
processed,q2_area,Z2,cache,341.92395210266113,0,805d87c4-d9d2-4606-984a-718a9ad128af,2026-06-03 05:48:33.133658
processed,q2_area,Z1,cache,1448.7624168395996,0,03055c25-a660-4962-866d-dd6a4dfc7ae4,2026-06-03 05:48:33.135547
processed,q3_density,Z3,cache,1199.5587348937988,0,bd1b1ddc-6bf2-40fc-a35a-071fba00be47,2026-06-03 05:48:33.137367
processed,q3_density,Z4,cache,1000.443696975708,0,5bf4eb9d-0836-49b7-bba8-2a6bc6fb83f2,2026-06-03 05:48:33.139132
retry,q2_area,Z4,,0.0,1,e638f663-c29b-4228-a089-18159411adc3,2026-06-03 05:48:33.447843
retry,q5_confidence_dist,Z2,,0.0,1,8a3d8c70-3861-48b9-8a43-8be83b1d6174,2026-06-03 05:48:33.748748
retry,q4_compare,Z4,,0.0,2,a772f913-18f9-4a39-b4a8-8aa1e55aeca7,2026-06-03 05:48:34.011980
retry,q4_compare,Z2,,0.0,2,2e802d0f-4108-4fc8-b6b6-2b99bcd53a63,2026-06-03 05:48:34.454394
retry,q2_area,Z4,,0.0,2,e638f663-c29b-4228-a089-18159411adc3,2026-06-03 05:48:34.755177
processed,q1_count,Z5,cache,1413.3901596069336,0,e37b1dc1-8397-4602-8e4e-cecf522f2362,2026-06-03 05:48:34.757663
processed,q3_density,Z5,cache,1265.321969985962,0,6a496629-1b1d-4246-98b2-11394ce80a5f,2026-06-03 05:48:34.761069
processed,q3_density,Z2,cache,1369.044303894043,0,3606eea1-7151-4f5f-a929-f4471e641254,2026-06-03 05:48:34.763466
processed,q3_density,Z5,cache,770.0731754302979,0,90ae2c48-80fe-4cfc-a0e0-e09a1b2cbf12,2026-06-03 05:48:34.767021
processed,q2_area,Z1,cache,570.9643363952637,0,83e3e27b-492d-491d-a9a8-fc6cdb765e0d,2026-06-03 05:48:34.768938
processed,q4_compare,Z4,cache,824.0816593170166,0,76da8841-587a-4ea9-bacd-d1ad3ed97e3f,2026-06-03 05:48:34.770725
processed,q3_density,Z1,cache,423.7813949584961,0,f1b0a9a9-7de8-43c0-88bb-ed99e793ea65,2026-06-03 05:48:34.772520
processed,q4_compare,Z4,cache,124.14407730102539,0,d4191091-bdb6-4b45-a560-9deba0137824,2026-06-03 05:48:34.774301
processed,q2_area,Z3,cache,226.41348838806152,0,04cdaeeb-da47-4042-81c1-e867c7646bf4,2026-06-03 05:48:34.775934
retry,q2_area,Z4,,0.0,1,afc83a68-ce75-4b84-8f39-337f2e9f71e6,2026-06-03 05:48:34.959357
processed,q3_density,Z5,cache,1768.2290077209473,0,59efe2f9-2278-494b-9c65-96f65c242f4f,2026-06-03 05:48:34.961944
processed,q5_confidence_dist,Z4,cache,1371.3688850402832,0,2644d617-5ddf-4405-a19d-98fdd49d6aaf,2026-06-03 05:48:34.966855
processed,q2_area,Z5,cache,1122.5204467773438,0,8dd7398f-901e-43e0-865b-105930baf2b5,2026-06-03 05:48:34.968757
processed,q3_density,Z2,cache,471.12584114074707,0,7c15e3a0-310e-44c4-a715-9333625402b6,2026-06-03 05:48:34.970553
processed,q3_density,Z3,generator,225.51441192626953,0,eeb0f4fa-c6af-4c65-bb62-21e34c2f9a0c,2026-06-03 05:48:34.975933
processed,q2_area,Z1,cache,1282.3057174682617,0,fd5cc8b0-771b-4cf0-83fe-490a382c55b0,2026-06-03 05:48:34.977950
processed,q4_compare,Z3,cache,1233.9727878570557,0,43dde96b-b37c-49c0-b8b5-9c2c7c279a43,2026-06-03 05:48:34.979720
processed,q5_confidence_dist,Z3,cache,884.117841720581,0,809b7fcf-e31b-463b-a327-1ac24dbc8564,2026-06-03 05:48:34.981467
processed,q1_count,Z4,cache,132.14492797851562,0,20288122-33ad-462a-9786-f8ef57f93d06,2026-06-03 05:48:34.983205
processed,q1_count,Z4,cache,1339.6837711334229,0,3a783f6d-6fba-424b-ab4e-fc3461c73096,2026-06-03 05:48:34.985035
processed,q1_count,Z5,cache,939.6607875823975,0,bda064d5-ae3c-4e60-9f1f-d83049ebf798,2026-06-03 05:48:34.986788
processed,q4_compare,Z3,cache,539.3853187561035,0,ddd68615-a674-4180-92bb-50d480b22585,2026-06-03 05:48:34.988285
processed,q3_density,Z2,cache,189.2530918121338,0,7c5fdff8-3afe-4d18-a77a-7a965926229c,2026-06-03 05:48:34.990133
processed,q4_compare,Z4,cache,592.9527282714844,0,446bc059-41ab-44cd-92e4-f2d5cba740ee,2026-06-03 05:48:34.991984
processed,q5_confidence_dist,Z4,cache,293.40314865112305,0,b90c7d1e-08ab-4647-b2b2-67603fca744a,2026-06-03 05:48:34.993902
processed,q4_compare,Z5,cache,1.2731552124023438,0,43c7a6e3-4874-4ab0-9e3d-c207fc642747,2026-06-03 05:48:35.003661
retry,q1_count,Z2,,0.0,2,e5f23297-b980-495e-863d-a8f31f04efbd,2026-06-03 05:48:35.016910
dlq,q1_count,Z2,,0.0,3,e5f23297-b980-495e-863d-a8f31f04efbd,2026-06-03 05:48:35.020604
processed,q4_compare,Z2,generator,6904.606819152832,2,c01115cc-17c5-404b-b9e3-1aebcc4dd7af,2026-06-03 05:48:35.024739
recovered,q4_compare,Z2,generator,6904.606819152832,2,c01115cc-17c5-404b-b9e3-1aebcc4dd7af,2026-06-03 05:48:35.026761
processed,q4_compare,Z1,cache,3994.734048843384,0,937c31d5-82f8-4ccf-8855-75a99b69b176,2026-06-03 05:48:35.028844
processed,q1_count,Z3,cache,3394.1586017608643,0,288ab06b-aea9-412c-8272-ca6e474bea8c,2026-06-03 05:48:35.030720
processed,q4_compare,Z4,cache,1.1990070343017578,0,3cd550da-4d51-4eaf-b883-2377b97cbd92,2026-06-03 05:48:35.154424
processed,q3_density,Z4,cache,1.253366470336914,0,f9122c72-65e7-4f34-9bb3-dd51b6e76f86,2026-06-03 05:48:35.355597
retry,q3_density,Z5,,0.0,1,83741ed3-9383-4b1b-8012-bf28a8f5e9f2,2026-06-03 05:48:35.535640
processed,q3_density,Z3,cache,3298.546552658081,0,9f9d0405-c4bd-4159-9395-53bae0f1bb95,2026-06-03 05:48:35.537997
processed,q1_count,Z4,cache,2798.431158065796,0,f735befe-4113-4c33-9654-51e6d9725002,2026-06-03 05:48:35.539875
retry,q4_compare,Z2,,0.0,1,761f4dc6-ebd7-4906-9fd4-418ced7833cd,2026-06-03 05:48:35.556418
processed,q2_area,Z2,cache,1.1277198791503906,0,dbf0b6ae-a242-44ba-b139-c8d0d14aebe9,2026-06-03 05:48:35.556482
processed,q4_compare,Z1,cache,356.6768169403076,0,0a2d9fd0-4a51-4ecc-aba4-994e86f5df8f,2026-06-03 05:48:35.559217
processed,q2_area,Z1,cache,458.9056968688965,0,9fb64da3-1a6a-4bcb-ada2-3bff6d3cb6cb,2026-06-03 05:48:35.561505
processed,q5_confidence_dist,Z5,cache,310.302734375,0,e10d4142-2a6a-41e2-abcc-4c4938529cf4,2026-06-03 05:48:35.563385
processed,q1_count,Z3,cache,60.816287994384766,0,9b0fe52a-78f3-4d6d-b7ce-bac3e94af99c,2026-06-03 05:48:35.565201
processed,q5_confidence_dist,Z3,cache,112.89000511169434,0,3adf720d-ff62-4bac-9ecc-245c6819753d,2026-06-03 05:48:35.567048
processed,q4_compare,Z2,generator,522.3610401153564,1,761f4dc6-ebd7-4906-9fd4-418ced7833cd,2026-06-03 05:48:35.574407
recovered,q4_compare,Z2,generator,522.3610401153564,1,761f4dc6-ebd7-4906-9fd4-418ced7833cd,2026-06-03 05:48:35.576309
processed,q4_compare,Z5,generator,7.180452346801758,0,05c800c4-a885-4e03-9580-a7c9c987808d,2026-06-03 05:48:35.662214
processed,q3_density,Z5,cache,1.369476318359375,0,4018c0ea-8a45-4f48-9b21-172f2e2bab9f,2026-06-03 05:48:35.808114
processed,q4_compare,Z5,cache,1.19781494140625,0,8dbbfaa6-1dc2-43f4-9626-d9dccb5a68b9,2026-06-03 05:48:35.858089
processed,q3_density,Z5,cache,1.2354850769042969,0,a9994dce-a177-4294-8aa0-6c8126c865f7,2026-06-03 05:48:36.008594
retry,q4_compare,Z3,,0.0,1,df8647d9-3385-4ed4-b0c4-67b29471ac36,2026-06-03 05:48:36.045914
processed,q1_count,Z1,cache,3959.465503692627,0,21b7eab6-73e0-4d34-ad74-aa0710e4ec67,2026-06-03 05:48:36.048198
processed,q2_area,Z2,cache,3509.554386138916,0,f9249473-7a06-436b-bd7f-440620db6682,2026-06-03 05:48:36.050124
processed,q4_compare,Z1,cache,3159.9133014678955,0,12d26201-401f-4e7e-a04e-1037f3beb957,2026-06-03 05:48:36.052051
processed,q2_area,Z4,generator,2767.836570739746,1,afc83a68-ce75-4b84-8f39-337f2e9f71e6,2026-06-03 05:48:36.061922
recovered,q2_area,Z4,generator,2767.836570739746,1,afc83a68-ce75-4b84-8f39-337f2e9f71e6,2026-06-03 05:48:36.063681
retry,q5_confidence_dist,Z2,,0.0,1,e8db3357-466a-4092-9bc1-db91dc50b521,2026-06-03 05:48:36.109164
retry,q4_compare,Z5,,0.0,1,45092c12-7acf-4b70-ae94-663758d0b58e,2026-06-03 05:48:36.612590
processed,q5_confidence_dist,Z4,cache,56.24794960021973,0,3a31f48d-7813-4aa8-a397-706e26ddcded,2026-06-03 05:48:36.616330
processed,q3_density,Z2,cache,1.3530254364013672,0,a4ac2fe0-2d8e-49bf-b8cd-7c3a6a04eae6,2026-06-03 05:48:36.712522
processed,q3_density,Z4,cache,1.2259483337402344,0,f8f513c2-b948-4377-9a00-14ab29a7f301,2026-06-03 05:48:36.763030
processed,q4_compare,Z4,cache,1.0726451873779297,0,e43bc508-860d-403c-bd6e-7cd9346abb2e,2026-06-03 05:48:36.812635
processed,q1_count,Z4,cache,1.2602806091308594,0,ca96c915-2d21-43ab-a718-e5c7e86f2384,2026-06-03 05:48:36.912962
processed,q5_confidence_dist,Z1,cache,1.2359619140625,0,7c4a3603-83f3-4094-9b53-305eb33ed9c1,2026-06-03 05:48:37.063904
retry,q5_confidence_dist,Z2,,0.0,2,8a3d8c70-3861-48b9-8a43-8be83b1d6174,2026-06-03 05:48:37.068948
processed,q5_confidence_dist,Z1,cache,1.2404918670654297,0,771632d6-af20-4583-8d64-95dfbad20614,2026-06-03 05:48:37.114263
retry,q5_confidence_dist,Z2,,0.0,2,e8db3357-466a-4092-9bc1-db91dc50b521,2026-06-03 05:48:37.114896
processed,q5_confidence_dist,Z2,generator,1516.3640975952148,2,e8db3357-466a-4092-9bc1-db91dc50b521,2026-06-03 05:48:37.120803
recovered,q5_confidence_dist,Z2,generator,1516.3640975952148,2,e8db3357-466a-4092-9bc1-db91dc50b521,2026-06-03 05:48:37.122725
processed,q1_count,Z2,cache,1.2805461883544922,0,39361dca-7c4b-42f7-8a6c-cab075083e19,2026-06-03 05:48:37.214875
processed,q4_compare,Z3,cache,1.245737075805664,0,bd7ed860-f772-4161-932f-8bf7b83bad7c,2026-06-03 05:48:37.315195
processed,q2_area,Z2,cache,1.2154579162597656,0,e25b2ddb-90de-4e79-9493-882c152494de,2026-06-03 05:48:37.364802
processed,q4_compare,Z3,cache,1.2073516845703125,0,8f4ef418-2279-4355-b432-59ec44404d76,2026-06-03 05:48:37.415668
processed,q5_confidence_dist,Z2,cache,1.4829635620117188,0,f8ac2307-2943-46ba-b7fd-9fd832bbf2ff,2026-06-03 05:48:37.616951
retry,q3_density,Z5,,0.0,2,83741ed3-9383-4b1b-8012-bf28a8f5e9f2,2026-06-03 05:48:38.073797
dlq,q4_compare,Z2,,0.0,3,2e802d0f-4108-4fc8-b6b6-2b99bcd53a63,2026-06-03 05:48:38.078474
processed,q2_area,Z5,cache,4987.524509429932,0,210c237b-d554-41b7-a99c-b594975582d2,2026-06-03 05:48:38.080368
processed,q1_count,Z5,generator,4541.580677032471,0,5793adef-d0b1-49e1-87fc-a6a028a40068,2026-06-03 05:48:38.086498
dlq,q4_compare,Z4,,0.0,3,a772f913-18f9-4a39-b4a8-8aa1e55aeca7,2026-06-03 05:48:38.090816
processed,q2_area,Z4,generator,5155.464649200439,2,e638f663-c29b-4228-a089-18159411adc3,2026-06-03 05:48:38.098209
recovered,q2_area,Z4,generator,5155.464649200439,2,e638f663-c29b-4228-a089-18159411adc3,2026-06-03 05:48:38.099607
processed,q1_count,Z1,cache,4305.327892303467,0,c5751e5c-ff78-4d6e-9aeb-da320b7656c1,2026-06-03 05:48:38.100864
processed,q3_density,Z4,cache,2698.58455657959,0,4249c558-8d27-40eb-89b3-d249e9434ded,2026-06-03 05:48:38.101947
retry,q4_compare,Z3,,0.0,2,df8647d9-3385-4ed4-b0c4-67b29471ac36,2026-06-03 05:48:38.118921
processed,q3_density,Z4,cache,2365.082025527954,0,e2ae7156-1cda-439e-917a-b469694ca327,2026-06-03 05:48:38.120547
processed,q4_compare,Z4,cache,2165.4462814331055,0,504a965c-2a7e-4400-a5a2-2e1959bee2ee,2026-06-03 05:48:38.121882
processed,q4_compare,Z3,generator,6242.711305618286,2,df8647d9-3385-4ed4-b0c4-67b29471ac36,2026-06-03 05:48:38.130114
recovered,q4_compare,Z3,generator,6242.711305618286,2,df8647d9-3385-4ed4-b0c4-67b29471ac36,2026-06-03 05:48:38.131395
processed,q5_confidence_dist,Z2,cache,4889.714956283569,2,8a3d8c70-3861-48b9-8a43-8be83b1d6174,2026-06-03 05:48:38.133265
processed,q1_count,Z1,cache,1273.7772464752197,0,c6fd1b1b-8f52-41f9-8dec-8b18ab96e3f2,2026-06-03 05:48:38.134727
processed,q1_count,Z4,cache,1928.4207820892334,0,523659a0-5067-4186-b33c-6cc41c6bdc99,2026-06-03 05:48:38.135870
retry,q2_area,Z3,,0.0,1,6f70a0ae-e505-4082-bf3a-0cf09a677294,2026-06-03 05:48:38.269743
processed,q3_density,Z3,cache,205.841064453125,0,1d96c371-3f8d-4bc3-a4ad-09395e3da9de,2026-06-03 05:48:38.273175
retry,q4_compare,Z4,,0.0,1,011243cc-630d-4548-95af-946b7fa7eba6,2026-06-03 05:48:38.639870
processed,q5_confidence_dist,Z3,cache,725.4269123077393,0,fc6e567a-97f2-4d9d-9ade-807deed571ec,2026-06-03 05:48:38.642143
processed,q5_confidence_dist,Z3,cache,1632.021427154541,0,a8955e87-0207-4aa4-9106-2e9120e5f6d7,2026-06-03 05:48:38.643828
processed,q2_area,Z3,cache,628.6475658416748,0,7f09cec5-5082-4750-8e15-042ce33f47f3,2026-06-03 05:48:38.645555
retry,q4_compare,Z4,,0.0,2,164b09f7-8a5d-47e1-afa0-87fceb4bb42f,2026-06-03 05:48:39.106038
processed,q1_count,Z2,cache,5211.4667892456055,0,b1ddb13c-ae97-420c-9986-06ff4b80a313,2026-06-03 05:48:39.107845
processed,q4_compare,Z1,cache,4208.228349685669,0,93d011e1-3f76-43b5-b69f-f2c227ae470b,2026-06-03 05:48:39.109328
processed,q1_count,Z5,cache,3204.521656036377,0,8e5943c2-c6ec-4be0-8885-47b6109508ed,2026-06-03 05:48:39.110729
processed,q3_density,Z4,cache,5969.210863113403,0,a264c6f2-252c-487f-8f98-9296ab294b22,2026-06-03 05:48:39.112033
processed,q3_density,Z3,cache,5669.160842895508,0,ac7c1fa9-5962-4661-a978-9cc24d807650,2026-06-03 05:48:39.113338
processed,q3_density,Z2,cache,4866.775035858154,0,a8b7f903-d39d-4ac0-94aa-7491cf9f654e,2026-06-03 05:48:39.114430
processed,q5_confidence_dist,Z4,cache,3410.6855392456055,0,7c53af31-283f-446a-8e3d-e94ef9b90749,2026-06-03 05:48:39.115473
processed,q5_confidence_dist,Z3,cache,6074.380159378052,0,34597734-935c-4bba-97c5-ee2701704720,2026-06-03 05:48:39.116515
processed,q1_count,Z4,cache,4970.413446426392,0,e0703f1d-6dba-4f9d-af1d-a062ba4ce72a,2026-06-03 05:48:39.117508
processed,q4_compare,Z4,cache,3815.732717514038,0,581908bc-c155-4561-b70d-e7f9800e5601,2026-06-03 05:48:39.118480
processed,q1_count,Z4,cache,4821.5882778167725,0,48f769d5-8c88-4175-bc6f-d43a83854a72,2026-06-03 05:48:39.119494
processed,q2_area,Z3,cache,4521.122217178345,0,beeb1a89-fe28-4199-ac30-7c2cdb72038d,2026-06-03 05:48:39.120502
processed,q1_count,Z4,cache,4170.511484146118,0,ec52f294-a8ba-480c-8208-682b9ca4c4a7,2026-06-03 05:48:39.121979
processed,q4_compare,Z5,generator,3023.7319469451904,1,45092c12-7acf-4b70-ae94-663758d0b58e,2026-06-03 05:48:39.130962
recovered,q4_compare,Z5,generator,3023.7319469451904,1,45092c12-7acf-4b70-ae94-663758d0b58e,2026-06-03 05:48:39.132161
retry,q4_compare,Z4,,0.0,1,b6fdb894-3001-427b-ae1d-2262e340360b,2026-06-03 05:48:39.150847
processed,q5_confidence_dist,Z5,cache,1889.7273540496826,0,ab1584ac-bfcf-426c-a787-337d05e3352b,2026-06-03 05:48:39.152521
processed,q2_area,Z2,cache,1690.2782917022705,0,f73847e6-0d6b-404d-abf9-0f75597e274b,2026-06-03 05:48:39.153689
processed,q1_count,Z3,cache,1490.3976917266846,0,7a4ecbec-c373-4614-b159-a69f02812a53,2026-06-03 05:48:39.154750
processed,q4_compare,Z4,generator,2904.334306716919,1,011243cc-630d-4548-95af-946b7fa7eba6,2026-06-03 05:48:39.162268
recovered,q4_compare,Z4,generator,2904.334306716919,1,011243cc-630d-4548-95af-946b7fa7eba6,2026-06-03 05:48:39.163489
processed,q4_compare,Z5,cache,93.74022483825684,0,17920df5-6ea9-460c-b240-a3d3deed4ad2,2026-06-03 05:48:39.164681
dlq,q4_compare,Z4,,0.0,3,164b09f7-8a5d-47e1-afa0-87fceb4bb42f,2026-06-03 05:48:39.167496
processed,q4_compare,Z4,generator,2765.2335166931152,1,b6fdb894-3001-427b-ae1d-2262e340360b,2026-06-03 05:48:39.173917
recovered,q4_compare,Z4,generator,2765.2335166931152,1,b6fdb894-3001-427b-ae1d-2262e340360b,2026-06-03 05:48:39.175562
retry,q2_area,Z3,,0.0,2,6f70a0ae-e505-4082-bf3a-0cf09a677294,2026-06-03 05:48:39.277653
processed,q2_area,Z3,cache,1463.721752166748,0,3c1f712c-3489-4e9c-a555-1c3614b0b8fe,2026-06-03 05:48:39.279696
dlq,q2_area,Z3,,0.0,3,6f70a0ae-e505-4082-bf3a-0cf09a677294,2026-06-03 05:48:39.284367
processed,q2_area,Z2,cache,767.019510269165,0,1a1feb73-3921-4bb2-b22a-b22746c1d095,2026-06-03 05:48:39.285831
processed,q5_confidence_dist,Z5,cache,15.10477066040039,0,dae475a6-6837-4966-ade8-45ba0bc5c696,2026-06-03 05:48:39.287155
processed,q1_count,Z1,cache,970.550537109375,0,3a49cf73-3020-44a6-96a6-ca9d2d0146e4,2026-06-03 05:48:39.288474
processed,q3_density,Z4,cache,570.2188014984131,0,001d826a-089d-4371-8bb8-cb26f110c2d9,2026-06-03 05:48:39.289587
retry,q4_compare,Z5,,0.0,1,5f8c9e1d-09f9-4651-984b-968fb54c889f,2026-06-03 05:48:39.636186
processed,q4_compare,Z4,cache,1269.7224617004395,0,fb19ec5f-1649-4d66-9384-d3e992c4e92d,2026-06-03 05:48:39.638042
processed,q3_density,Z1,cache,1522.5894451141357,0,82d706f7-0387-4fae-b43b-c9b591192ee6,2026-06-03 05:48:39.639512
processed,q4_compare,Z4,cache,1021.8172073364258,0,3e283b62-9632-4149-a64f-a7fe08d9aa0f,2026-06-03 05:48:39.640867
processed,q5_confidence_dist,Z4,cache,972.8584289550781,0,f1a83945-dee6-45c4-82b8-ea804334e0cf,2026-06-03 05:48:39.642323
dlq,q3_density,Z5,,0.0,3,83741ed3-9383-4b1b-8012-bf28a8f5e9f2,2026-06-03 05:48:39.647755
processed,q5_confidence_dist,Z3,cache,3140.164852142334,0,dfed82da-5d32-43f2-85b0-08db0a6b5a98,2026-06-03 05:48:39.649406
processed,q4_compare,Z5,cache,2689.4302368164062,0,98adfd9d-fe3d-42b6-83a7-8a9ec49b3330,2026-06-03 05:48:39.650789
processed,q5_confidence_dist,Z4,cache,2489.8242950439453,0,ee73acc1-0799-4e46-ad01-1b8071366175,2026-06-03 05:48:39.652080
processed,q5_confidence_dist,Z5,cache,3596.464157104492,0,90ce47ef-2d8d-4094-a62e-be0f368d92d4,2026-06-03 05:48:39.653409
retry,q4_compare,Z3,,0.0,1,ba822f35-1f6d-4df4-b30f-85f8fe24c1b3,2026-06-03 05:48:39.680175
processed,q5_confidence_dist,Z4,cache,811.4132881164551,0,01169af8-f9a1-4625-8f1f-1903d269290e,2026-06-03 05:48:39.681888
processed,q2_area,Z4,cache,561.9800090789795,0,52014e96-4387-41bb-9572-9482457b143d,2026-06-03 05:48:39.683507
processed,q2_area,Z5,cache,1116.074562072754,0,f4890747-f451-4816-a8b0-c9a554da9405,2026-06-03 05:48:39.685427
processed,q4_compare,Z3,generator,1274.9130725860596,0,0ff1eed5-6f3b-4c6f-8893-6179202f7aa4,2026-06-03 05:48:39.693680
processed,q3_density,Z1,cache,1528.022289276123,0,2e35a78b-d840-4156-b64a-fa15098d8401,2026-06-03 05:48:39.695341
processed,q2_area,Z2,cache,224.85113143920898,0,3481c97e-9411-4144-9d21-9770ba101700,2026-06-03 05:48:39.697761
processed,q4_compare,Z3,generator,1434.7889423370361,1,ba822f35-1f6d-4df4-b30f-85f8fe24c1b3,2026-06-03 05:48:39.702256
recovered,q4_compare,Z3,generator,1434.7889423370361,1,ba822f35-1f6d-4df4-b30f-85f8fe24c1b3,2026-06-03 05:48:39.703616
processed,q3_density,Z4,cache,533.3681106567383,0,13742e4b-4af3-457b-bf2a-557f42eea1cd,2026-06-03 05:48:39.704961
processed,q4_compare,Z1,cache,132.95745849609375,0,1df1fa4f-c15e-4d9a-a0a1-ca97fb784b4d,2026-06-03 05:48:39.706231
retry,q5_confidence_dist,Z1,,0.0,1,1746d83f-967a-46a9-bd78-632dab30bbf3,2026-06-03 05:48:39.793307
processed,q1_count,Z3,cache,423.59304428100586,0,7166bbd2-e9da-4a99-87a7-c1a96ab2e451,2026-06-03 05:48:39.796493
processed,q5_confidence_dist,Z1,generator,1028.2797813415527,1,1746d83f-967a-46a9-bd78-632dab30bbf3,2026-06-03 05:48:39.798401
processed,q4_compare,Z3,cache,174.57842826843262,0,8b05b0b3-5a8b-4717-8b1d-8b34e713f624,2026-06-03 05:48:39.799034
recovered,q5_confidence_dist,Z1,generator,1028.2797813415527,1,1746d83f-967a-46a9-bd78-632dab30bbf3,2026-06-03 05:48:39.800694
processed,q1_count,Z3,cache,478.1203269958496,0,29b5b10e-d55a-4095-aaef-c5295d00c2c2,2026-06-03 05:48:39.800731
processed,q4_compare,Z2,cache,78.27091217041016,0,b09fb2cc-a449-4961-80e8-02ea283c228c,2026-06-03 05:48:39.802264
processed,q1_count,Z2,cache,1.0905265808105469,0,c5eb4d45-42e1-41a2-b317-98ded9941667,2026-06-03 05:48:39.926436
processed,q4_compare,Z1,cache,1.5976428985595703,0,62e4dc52-9fb9-4a98-87ac-1ea970516997,2026-06-03 05:48:40.027459
retry,q2_area,Z3,,0.0,1,2db5092c-f088-4cde-a159-ce05fe7deeb1,2026-06-03 05:48:40.157997
processed,q2_area,Z2,cache,1.1382102966308594,0,0e7edfcc-af98-4c9f-8299-96c20e75ec1e,2026-06-03 05:48:40.178028
processed,q2_area,Z5,cache,1.0726451873779297,0,d53a69ad-994b-43ac-b915-9381c82f1839,2026-06-03 05:48:40.529271
processed,q3_density,Z3,cache,1.0635852813720703,0,d98d0a86-c5cf-4868-8e2a-51901528962f,2026-06-03 05:48:40.579592
processed,q3_density,Z3,cache,1.0547637939453125,0,a822af1c-41b0-462b-9ccd-566a0ee67a75,2026-06-03 05:48:40.629837
retry,q4_compare,Z4,,0.0,1,7cb8543b-a5fb-4d4a-b57b-b477a53d0288,2026-06-03 05:48:40.663140
processed,q1_count,Z4,cache,4004.8506259918213,0,fdcf76a7-66b5-4bcb-b35b-6e248fb6554e,2026-06-03 05:48:40.664700
processed,q5_confidence_dist,Z2,cache,3152.2459983825684,0,7ddd259e-5764-4765-80ca-5252a6dda8e2,2026-06-03 05:48:40.666206
processed,q3_density,Z1,cache,2952.648878097534,0,8bae3468-7046-4885-aa42-50a0ea25da7e,2026-06-03 05:48:40.667297
processed,q3_density,Z1,cache,2802.7966022491455,0,7bd71756-7865-46f8-bc27-35c47784c5ad,2026-06-03 05:48:40.668319
processed,q1_count,Z1,cache,2703.3236026763916,0,b2821d90-ac07-470f-82ca-b6395300600a,2026-06-03 05:48:40.669657
processed,q5_confidence_dist,Z2,cache,1.2066364288330078,0,4877d666-ddfb-48b0-b498-3a9afbe51bfa,2026-06-03 05:48:40.730915
retry,q4_compare,Z5,,0.0,2,5f8c9e1d-09f9-4651-984b-968fb54c889f,2026-06-03 05:48:40.806515
processed,q2_area,Z3,cache,1134.3162059783936,0,7834d620-7233-4f99-8dab-e4a4d33ef2fb,2026-06-03 05:48:40.808648
processed,q4_compare,Z5,generator,4354.235649108887,2,5f8c9e1d-09f9-4651-984b-968fb54c889f,2026-06-03 05:48:40.813279
recovered,q4_compare,Z5,generator,4354.235649108887,2,5f8c9e1d-09f9-4651-984b-968fb54c889f,2026-06-03 05:48:40.814714
processed,q4_compare,Z4,generator,1796.2820529937744,1,7cb8543b-a5fb-4d4a-b57b-b477a53d0288,2026-06-03 05:48:40.817402
recovered,q4_compare,Z4,generator,1796.2820529937744,1,7cb8543b-a5fb-4d4a-b57b-b477a53d0288,2026-06-03 05:48:40.818935
processed,q5_confidence_dist,Z3,cache,393.14937591552734,0,ad83ff7a-a28a-44f5-8a8c-1a3ed38607c7,2026-06-03 05:48:40.820329
processed,q3_density,Z2,cache,1.1658668518066406,0,9fdd18d8-472e-41f1-919b-273c634a3afe,2026-06-03 05:48:40.981127
processed,q1_count,Z2,cache,1.1832714080810547,0,03cf6002-fa65-4903-a05f-4492fd0488e8,2026-06-03 05:48:41.081647
processed,q5_confidence_dist,Z2,cache,1.2433528900146484,0,80b062c5-2040-487a-b6c5-fc9a5fa6093a,2026-06-03 05:48:41.131952
retry,q4_compare,Z3,,0.0,1,9eca64fe-4d8d-4985-aadb-b77c55e4440b,2026-06-03 05:48:41.173858
processed,q2_area,Z2,cache,5018.178224563599,0,e2ccbad6-e6fd-42fa-890f-849dbfa06a88,2026-06-03 05:48:41.176075
processed,q4_compare,Z5,cache,4819.191455841064,0,67d469ea-16d9-462c-99e0-7825feee7936,2026-06-03 05:48:41.177840
processed,q1_count,Z3,cache,4569.653749465942,0,e54f2bb5-4d79-4cc6-9151-900a58a3734d,2026-06-03 05:48:41.179545
retry,q4_compare,Z5,,0.0,1,3f93e358-5c39-4c16-837d-7d5f29a26b11,2026-06-03 05:48:41.324346
processed,q5_confidence_dist,Z3,cache,1451.617956161499,0,a8f4b90b-d847-40d7-8721-f8b2034bf9f8,2026-06-03 05:48:41.326843
processed,q1_count,Z2,cache,1052.0203113555908,0,af01c517-dd8e-4f12-a97c-2ae112bd9de4,2026-06-03 05:48:41.328699
processed,q1_count,Z2,cache,1.1260509490966797,0,42681563-4fb3-43f5-bd93-6dd9c8d2d20c,2026-06-03 05:48:41.332627
processed,q4_compare,Z1,cache,1.3647079467773438,0,12766709-1466-4b14-8059-b81635a79897,2026-06-03 05:48:41.534243
processed,q2_area,Z4,generator,5.467653274536133,0,87c55870-b385-4257-b6e3-b1c4367ff60e,2026-06-03 05:48:41.588003
processed,q1_count,Z5,cache,1.188516616821289,0,cb2da712-6dd8-4b2c-99bd-062484d2e7f7,2026-06-03 05:48:41.634759
retry,q3_density,Z5,,0.0,1,00c631f0-cf64-4f40-a17e-3d19456141ec,2026-06-03 05:48:41.684380
processed,q5_confidence_dist,Z2,cache,5378.097295761108,0,bd37ccbe-5458-474d-8c6e-4dab8300d45a,2026-06-03 05:48:41.686682
processed,q5_confidence_dist,Z4,cache,3470.8871841430664,0,09848929-8909-4c4f-bc54-0bea6f601be4,2026-06-03 05:48:41.688594
processed,q4_compare,Z4,cache,3221.592426300049,0,1b85eda4-e17d-4a0d-97a8-4e55a464f29b,2026-06-03 05:48:41.690460
processed,q5_confidence_dist,Z5,cache,2721.3752269744873,0,a171798a-ab92-487f-acb9-b8597c4fc880,2026-06-03 05:48:41.692343
processed,q2_area,Z3,generator,4138.468503952026,1,2db5092c-f088-4cde-a159-ce05fe7deeb1,2026-06-03 05:48:41.702739
recovered,q2_area,Z3,generator,4138.468503952026,1,2db5092c-f088-4cde-a159-ce05fe7deeb1,2026-06-03 05:48:41.704581
processed,q4_compare,Z2,cache,1.06048583984375,0,61163b63-d3ae-44b7-b3aa-3e16876446d9,2026-06-03 05:48:41.835334
retry,q4_compare,Z3,,0.0,2,9eca64fe-4d8d-4985-aadb-b77c55e4440b,2026-06-03 05:48:42.176539
processed,q2_area,Z5,cache,948.5394954681396,0,e566802a-e412-4e71-a79c-87c0c9afb009,2026-06-03 05:48:42.179999
processed,q1_count,Z2,cache,1001.0559558868408,0,f403945b-ccec-4fff-99cd-cb37b740cc86,2026-06-03 05:48:42.182689
processed,q4_compare,Z3,generator,3261.9271278381348,2,9eca64fe-4d8d-4985-aadb-b77c55e4440b,2026-06-03 05:48:42.182942
recovered,q4_compare,Z3,generator,3261.9271278381348,2,9eca64fe-4d8d-4985-aadb-b77c55e4440b,2026-06-03 05:48:42.184448
processed,q5_confidence_dist,Z2,cache,752.4604797363281,0,99f39e69-7036-4c44-9900-d9efbb312798,2026-06-03 05:48:42.184474
processed,q3_density,Z5,cache,452.9392719268799,0,25393a94-b377-42ff-a153-6372bb8755a2,2026-06-03 05:48:42.186558
processed,q1_count,Z5,cache,303.8785457611084,0,630f83f7-4ab1-4682-8a47-f0d7d8ab0a7c,2026-06-03 05:48:42.187968
processed,q5_confidence_dist,Z1,cache,204.78224754333496,0,b71a425c-4579-4c8f-a1a0-64c95112bca4,2026-06-03 05:48:42.189132
processed,q4_compare,Z4,cache,105.41462898254395,0,d2104e26-7f3a-4abc-ab7c-32609631bdac,2026-06-03 05:48:42.190177
processed,q4_compare,Z1,cache,408.0359935760498,0,2eaa6cfe-b3f9-4eb9-8b88-c16aea03dc96,2026-06-03 05:48:42.191501
processed,q5_confidence_dist,Z2,cache,509.9165439605713,0,b7ff9a0a-f358-4243-9a18-507fa66b34ea,2026-06-03 05:48:42.192679
processed,q3_density,Z1,cache,1.2068748474121094,0,c8e50495-f653-4ced-8fc1-8f22f62d0575,2026-06-03 05:48:42.237241
processed,q3_density,Z2,cache,1.0769367218017578,0,a49e8e6e-3521-4a1d-870e-2602708ba356,2026-06-03 05:48:42.287354
processed,q5_confidence_dist,Z5,cache,1.222372055053711,0,7ec76ba5-27e1-411b-acc7-f00ba9653616,2026-06-03 05:48:42.337718
processed,q2_area,Z1,cache,1.146078109741211,0,7e8f978a-6884-49ba-9e9d-089a6d390f18,2026-06-03 05:48:42.387896
processed,q3_density,Z4,cache,1.220703125,0,1b7f271c-2890-49fd-883b-dd361d438905,2026-06-03 05:48:42.488733
processed,q1_count,Z3,cache,1.1217594146728516,0,1b7c2773-606c-4378-9607-903e6a80d2a4,2026-06-03 05:48:42.538418
processed,q2_area,Z1,cache,1.1339187622070312,0,c662e814-38cb-41b2-81f0-202660629c7d,2026-06-03 05:48:42.588796
processed,q5_confidence_dist,Z4,cache,1.1744499206542969,0,87628510-0588-42f8-9995-0272d1971408,2026-06-03 05:48:42.639186
retry,q4_compare,Z5,,0.0,2,3f93e358-5c39-4c16-837d-7d5f29a26b11,2026-06-03 05:48:42.709291
processed,q4_compare,Z1,generator,3292.954921722412,0,94f2c413-5f77-413e-8a04-892f4e2fc25e,2026-06-03 05:48:42.715680
processed,q4_compare,Z2,cache,3194.045066833496,0,46fdf09c-32da-42ea-9c15-b0835a5ac219,2026-06-03 05:48:42.717074
processed,q4_compare,Z4,cache,1437.408685684204,0,40f4095e-b541-44c9-9a61-b6c368ecfc27,2026-06-03 05:48:42.718157
processed,q3_density,Z4,cache,0.9479522705078125,0,4db01ee0-208c-4bc4-9029-ac777cb8a20c,2026-06-03 05:48:42.789373
processed,q1_count,Z3,cache,0.9779930114746094,0,9836fb19-a275-42d4-8f3b-acda6bca5cae,2026-06-03 05:48:42.839540
processed,q4_compare,Z2,cache,1.1715888977050781,0,42390b1d-7111-4560-98fd-5a61b075c050,2026-06-03 05:48:43.040615
processed,q5_confidence_dist,Z5,cache,1.0905265808105469,0,1ce06b8e-5dad-4ca6-819c-9613e4794690,2026-06-03 05:48:43.091080
processed,q5_confidence_dist,Z4,cache,1.2886524200439453,0,a0376c9e-fe2f-4ae4-a031-59f2059d36e4,2026-06-03 05:48:43.342820
processed,q3_density,Z5,cache,1.2271404266357422,0,51909782-ed80-4d9f-9dd0-538b2850d4a0,2026-06-03 05:48:43.543715
retry,q4_compare,Z1,,0.0,1,631b3815-5b02-4b41-ab65-45ee54dc3281,2026-06-03 05:48:43.643771
processed,q4_compare,Z1,generator,512.4533176422119,1,631b3815-5b02-4b41-ab65-45ee54dc3281,2026-06-03 05:48:43.652042
recovered,q4_compare,Z1,generator,512.4533176422119,1,631b3815-5b02-4b41-ab65-45ee54dc3281,2026-06-03 05:48:43.653632
processed,q1_count,Z4,cache,465.20543098449707,0,f25af47d-9f4b-48f0-8a25-905cc5821b59,2026-06-03 05:48:43.655031
processed,q1_count,Z4,cache,416.25523567199707,0,acd527c1-984d-4229-bf8f-d70bc9c2827e,2026-06-03 05:48:43.656317
retry,q3_density,Z5,,0.0,2,00c631f0-cf64-4f40-a17e-3d19456141ec,2026-06-03 05:48:43.722538
processed,q2_area,Z5,cache,3598.421573638916,0,4a5bd73d-c1a5-4ec8-bcd0-63fafc5a9eb3,2026-06-03 05:48:43.724258
processed,q3_density,Z1,cache,1.264810562133789,0,e9adbeca-cb0a-44c8-b4b7-2d7962d46b20,2026-06-03 05:48:43.845488
processed,q3_density,Z1,cache,1.3463497161865234,0,e27bbb50-f53c-452a-87e7-48012ed36bbf,2026-06-03 05:48:43.996434
processed,q1_count,Z2,cache,1.4786720275878906,0,96a9c5c4-1a4a-4e82-bc80-20a4d43a306c,2026-06-03 05:48:44.047086
retry,q3_density,Z5,,0.0,1,aedabc6c-aa3d-4384-bfc4-43fac97bd8fd,2026-06-03 05:48:44.160008
processed,q4_compare,Z2,cache,519.7646617889404,0,ab333130-a5ac-4e55-9594-2938b9b0b9f6,2026-06-03 05:48:44.161603
processed,q2_area,Z1,cache,421.184778213501,0,0be6bc48-0dd8-4c6a-bb8d-8f81c979fa1f,2026-06-03 05:48:44.163755
processed,q3_density,Z3,cache,271.12746238708496,0,66a6ea4f-7159-4115-b18f-d6d54f8100ee,2026-06-03 05:48:44.164870
processed,q2_area,Z5,cache,222.01251983642578,0,2c8492a7-42d4-410d-a93a-6e1ccb311a38,2026-06-03 05:48:44.166286
retry,q4_compare,Z1,,0.0,1,6b50e62f-8076-4a3c-a2cd-d058b10ef142,2026-06-03 05:48:44.229430
processed,q2_area,Z3,cache,4155.5280685424805,0,8aa20c24-2cf4-4122-bdae-6bd9a601a495,2026-06-03 05:48:44.231357
processed,q4_compare,Z1,cache,3755.425214767456,0,0e346dc1-e951-41ad-824b-c6c49ffeb870,2026-06-03 05:48:44.232873
processed,q3_density,Z2,cache,3555.9849739074707,0,bc29b84e-66d0-4578-a8c5-5585b201d254,2026-06-03 05:48:44.234163
processed,q1_count,Z2,generator,3309.5924854278564,0,d991d22d-29a1-4ccf-a4aa-f8ff7f6d28bf,2026-06-03 05:48:44.238785
processed,q5_confidence_dist,Z4,cache,2758.296012878418,0,a0651af7-999f-49b3-ad78-c0f63994db8e,2026-06-03 05:48:44.240382
processed,q2_area,Z2,cache,4266.667366027832,0,e53606b9-f46c-4956-9d34-eaf8651484c3,2026-06-03 05:48:44.241502
processed,q4_compare,Z4,cache,5020.98822593689,0,e4fc088c-46fd-4b42-b88a-20afb9112378,2026-06-03 05:48:44.242545
processed,q4_compare,Z1,cache,4469.691514968872,0,7801f513-7695-4783-bd6a-ff0678fb5a30,2026-06-03 05:48:44.243632
processed,q3_density,Z1,cache,4420.545816421509,0,71c2b86f-414c-4fed-8504-7e6eda44c20a,2026-06-03 05:48:44.244682
processed,q3_density,Z3,cache,3417.038917541504,0,8e7946c3-aaa0-4bf8-b85f-4d64ae5d1c9b,2026-06-03 05:48:44.245774
processed,q4_compare,Z4,cache,1.0383129119873047,0,251d5026-3b3b-4ee2-9634-60188c0c664b,2026-06-03 05:48:44.347682
processed,q4_compare,Z1,cache,1.1844635009765625,0,f0fb833d-cef5-4e09-bfc7-798f12023992,2026-06-03 05:48:44.498494
retry,q4_compare,Z2,,0.0,1,c8fd3cfe-0c39-4d5f-b21e-2b2f48af0645,2026-06-03 05:48:44.749539
retry,q3_density,Z5,,0.0,2,aedabc6c-aa3d-4384-bfc4-43fac97bd8fd,2026-06-03 05:48:45.170320
processed,q3_density,Z2,cache,1378.4215450286865,0,8f1adc0b-ddac-4895-85bc-3f807449109f,2026-06-03 05:48:45.172083
processed,q5_confidence_dist,Z2,cache,627.8884410858154,0,cc282d2d-e21d-46b4-971c-de52bb211914,2026-06-03 05:48:45.175457
processed,q3_density,Z1,cache,479.39443588256836,0,75196874-d1a5-481c-a61e-b74b54fe910d,2026-06-03 05:48:45.177036
processed,q5_confidence_dist,Z2,cache,782.2732925415039,0,f66ad74f-926f-44c3-a4ba-bb15f71d56a2,2026-06-03 05:48:45.178554
processed,q5_confidence_dist,Z4,cache,884.1099739074707,0,51825339-8963-4c6e-9f76-59afef21022d,2026-06-03 05:48:45.179661
processed,q4_compare,Z5,cache,734.5402240753174,0,9111fc54-2020-4e5d-81ef-1c64a20393f1,2026-06-03 05:48:45.180703
processed,q5_confidence_dist,Z3,cache,534.6038341522217,0,55dc5411-36f3-4f84-825f-0e2fa5925188,2026-06-03 05:48:45.181760
processed,q1_count,Z4,cache,385.0386142730713,0,35f38776-ee4d-4ac0-be6c-445ec924b566,2026-06-03 05:48:45.182835
processed,q3_density,Z2,generator,942.1632289886475,0,ac7d76b1-b7b6-453b-882c-3cce8b5f36bb,2026-06-03 05:48:45.187723
processed,q1_count,Z2,cache,993.8247203826904,0,ade152c8-f85b-43f0-86b4-9643bcf3c45c,2026-06-03 05:48:45.188936
retry,q2_area,Z2,,0.0,1,ce96abbf-582c-4751-b5af-a11356982b6e,2026-06-03 05:48:45.253585
processed,q1_count,Z4,cache,4928.46417427063,0,0473e470-600b-4e3b-9960-c95b0a1cdf53,2026-06-03 05:48:45.255298
processed,q3_density,Z3,cache,4377.586841583252,0,d64825cb-8cc3-437f-b9a9-612488d3a07c,2026-06-03 05:48:45.256605
processed,q4_compare,Z1,generator,3880.1777362823486,0,1bef5135-8d3e-4644-8dec-ae38a21daf29,2026-06-03 05:48:45.262047
processed,q3_density,Z5,generator,6447.8960037231445,2,00c631f0-cf64-4f40-a17e-3d19456141ec,2026-06-03 05:48:45.267740
recovered,q3_density,Z5,generator,6447.8960037231445,2,00c631f0-cf64-4f40-a17e-3d19456141ec,2026-06-03 05:48:45.268830
processed,q4_compare,Z5,generator,4494.13800239563,2,3f93e358-5c39-4c16-837d-7d5f29a26b11,2026-06-03 05:48:45.272612
recovered,q4_compare,Z5,generator,4494.13800239563,2,3f93e358-5c39-4c16-837d-7d5f29a26b11,2026-06-03 05:48:45.273956
processed,q2_area,Z4,cache,1583.2607746124268,0,1b130c91-f291-4723-91ee-fd774c9963e6,2026-06-03 05:48:45.275300
processed,q2_area,Z1,cache,1.0726451873779297,0,6f40a365-998f-4749-a1b1-6fe91cc546a8,2026-06-03 05:48:45.502572
processed,q3_density,Z1,cache,1.1332035064697266,0,5bbdf8c1-f0ab-4099-8bf0-c3298ca0838e,2026-06-03 05:48:45.552969
retry,q4_compare,Z2,,0.0,2,c8fd3cfe-0c39-4d5f-b21e-2b2f48af0645,2026-06-03 05:48:45.752805
processed,q2_area,Z3,cache,1.3418197631835938,0,47897b7a-fe06-422b-9991-e1fac9e87711,2026-06-03 05:48:45.754183
processed,q3_density,Z5,cache,1.2879371643066406,0,e5e039d4-bc74-4202-b12a-5e7850f77532,2026-06-03 05:48:45.854785
processed,q4_compare,Z2,generator,7.152557373046875,0,7d824755-47a6-496e-b016-2fc2c4695093,2026-06-03 05:48:46.010790
retry,q4_compare,Z1,,0.0,2,6b50e62f-8076-4a3c-a2cd-d058b10ef142,2026-06-03 05:48:46.278964
processed,q2_area,Z2,cache,4095.0446128845215,0,cf2bc736-3c94-4401-92c3-1ba7be1a69c6,2026-06-03 05:48:46.280681
processed,q5_confidence_dist,Z4,cache,3594.550371170044,0,d924b714-22f5-4953-ae5d-cca6d248149d,2026-06-03 05:48:46.282212
processed,q5_confidence_dist,Z3,cache,3344.9950218200684,0,4bb12910-eead-4849-94aa-1936285f4428,2026-06-03 05:48:46.283478
processed,q1_count,Z4,cache,2843.848705291748,0,98889c1a-1c5e-4ab2-9e76-7b8aa06352ca,2026-06-03 05:48:46.284714
processed,q5_confidence_dist,Z1,cache,2794.8503494262695,0,9b26c73e-7a9c-4cb7-8f02-da2a3ae3b922,2026-06-03 05:48:46.285734
processed,q4_compare,Z2,cache,1237.8950119018555,0,b77615c6-ac76-4244-9ce8-e950c38e8884,2026-06-03 05:48:46.286735
processed,q1_count,Z3,cache,1188.7726783752441,0,6881e1ea-3905-4355-9a1d-fa4bb62a1758,2026-06-03 05:48:46.287925
processed,q3_density,Z4,cache,4153.94926071167,0,70a0ad05-fd8f-41ec-afaf-1544b88ce635,2026-06-03 05:48:46.288972
processed,q5_confidence_dist,Z4,cache,3853.731632232666,0,90a2586e-7c23-4bcb-b911-d26321cd9ca8,2026-06-03 05:48:46.289986
processed,q5_confidence_dist,Z5,cache,3402.8398990631104,0,02f9138d-9254-4581-a6fd-ad1052bda544,2026-06-03 05:48:46.290989
processed,q5_confidence_dist,Z1,cache,2700.706958770752,0,96c81ad0-5794-43cc-905e-b44f1a05994e,2026-06-03 05:48:46.292318
processed,q2_area,Z3,cache,1696.6493129730225,0,d85f4af2-33a2-4dda-8e95-1a54d76089a3,2026-06-03 05:48:46.294108
processed,q4_compare,Z3,generator,1452.890396118164,0,18912dcf-397a-4f15-8786-82c5f6f86021,2026-06-03 05:48:46.301421
processed,q1_count,Z5,cache,4268.506050109863,0,6710e908-1f54-499a-95f6-191c2076c6fe,2026-06-03 05:48:46.304056
processed,q3_density,Z2,cache,3567.7525997161865,0,f1e78aec-71c3-4749-8543-5e8418212b83,2026-06-03 05:48:46.305706
processed,q3_density,Z4,cache,1308.201551437378,0,eb63c55a-1043-4afa-b730-4ad6be559ff2,2026-06-03 05:48:46.307015
processed,q2_area,Z1,cache,3319.495677947998,0,b14a3463-ef18-4e25-8c4e-cc645a4e3c7d,2026-06-03 05:48:46.308148
processed,q5_confidence_dist,Z5,cache,2214.590549468994,0,7a00302f-58c3-4f9a-986a-e44205feebf2,2026-06-03 05:48:46.309338
processed,q1_count,Z1,cache,0.9694099426269531,0,84978143-8e9d-4f96-9a3c-5b6cf9561c3c,2026-06-03 05:48:46.356067
processed,q1_count,Z4,cache,1.0256767272949219,0,524cda71-46c4-4607-b54c-e3130cdf5865,2026-06-03 05:48:46.406367
processed,q3_density,Z4,cache,1.0502338409423828,0,ddfbf0e2-bc36-4063-bfa7-bc261a5ea17c,2026-06-03 05:48:46.456647
processed,q5_confidence_dist,Z2,cache,1.1417865753173828,0,386813ba-f519-44f1-b6a0-89e3ae41c277,2026-06-03 05:48:46.557264
processed,q5_confidence_dist,Z3,cache,1.1837482452392578,0,02b8a039-4f64-4400-8d6d-25a0d818ef7f,2026-06-03 05:48:46.657679
processed,q4_compare,Z5,cache,1.3413429260253906,0,12d226f5-cc3e-49ef-ad8f-4ddaa3de0c0c,2026-06-03 05:48:46.708057
retry,q2_area,Z2,,0.0,2,ce96abbf-582c-4751-b5af-a11356982b6e,2026-06-03 05:48:46.758891
dlq,q3_density,Z5,,0.0,3,aedabc6c-aa3d-4384-bfc4-43fac97bd8fd,2026-06-03 05:48:46.763628
processed,q5_confidence_dist,Z1,cache,1615.5579090118408,0,a4999083-bcf5-4cfe-9dbe-c3f9f382569a,2026-06-03 05:48:46.765646
processed,q5_confidence_dist,Z5,cache,1517.0292854309082,0,57dc2932-a67e-45f4-89ad-7cd6d7682936,2026-06-03 05:48:46.767251
processed,q3_density,Z5,cache,1.0440349578857422,0,01a110f3-fc0e-4bfd-b511-a56d8827931d,2026-06-03 05:48:46.808142
retry,q2_area,Z4,,0.0,1,958581a0-23ab-401b-a57f-f556d803d2ce,2026-06-03 05:48:46.812850
processed,q5_confidence_dist,Z3,cache,1614.6347522735596,0,5582e231-abec-4bb8-8d8e-bc5eb3f48179,2026-06-03 05:48:46.814513
processed,q2_area,Z2,cache,4881.856441497803,0,8a4f4d09-05a2-4181-b310-15b2eb9d139f,2026-06-03 05:48:46.816462
processed,q1_count,Z1,cache,3427.1998405456543,0,741e4f40-70b7-4b99-a734-e4241f50512f,2026-06-03 05:48:46.818285
processed,q2_area,Z4,generator,2672.980308532715,1,958581a0-23ab-401b-a57f-f556d803d2ce,2026-06-03 05:48:46.818367
recovered,q2_area,Z4,generator,2672.980308532715,1,958581a0-23ab-401b-a57f-f556d803d2ce,2026-06-03 05:48:46.819803
processed,q2_area,Z5,generator,2076.1377811431885,0,3335a2aa-597f-4f51-afce-569520fd6f1a,2026-06-03 05:48:46.823884
dlq,q4_compare,Z1,,0.0,3,6b50e62f-8076-4a3c-a2cd-d058b10ef142,2026-06-03 05:48:46.828794
dlq,q4_compare,Z2,,0.0,3,c8fd3cfe-0c39-4d5f-b21e-2b2f48af0645,2026-06-03 05:48:46.831635
processed,q5_confidence_dist,Z3,cache,1482.5682640075684,0,fc6bd6ec-1307-4b6a-a304-aec4e773a724,2026-06-03 05:48:46.832757
dlq,q2_area,Z2,,0.0,3,ce96abbf-582c-4751-b5af-a11356982b6e,2026-06-03 05:48:46.835549
processed,q3_density,Z5,cache,783.458948135376,0,4add5486-5f66-4672-bb62-34d99bfc8e5f,2026-06-03 05:48:46.836728
processed,q2_area,Z2,cache,533.4835052490234,0,25fe7dbd-55c8-47eb-aee2-7885d0d23d07,2026-06-03 05:48:46.837756
processed,q5_confidence_dist,Z1,cache,82.53741264343262,0,7bf3863a-24ca-46ab-a458-1d5885e7fb0c,2026-06-03 05:48:46.838774
processed,q2_area,Z2,cache,1539.8833751678467,0,ecce6a73-2988-4fab-8a3a-4ae34dd89bcd,2026-06-03 05:48:46.839809
processed,q3_density,Z5,cache,636.9867324829102,0,18f1eb00-48f0-4938-a6fb-15c9564b60fd,2026-06-03 05:48:46.840810
processed,q3_density,Z4,cache,1039.7217273712158,0,bad40d89-4b95-434b-8080-438b3f9d2439,2026-06-03 05:48:46.841871
processed,q1_count,Z3,cache,1191.4606094360352,0,d1167ac4-85d4-4188-bcee-a9d7379cddd4,2026-06-03 05:48:46.842911
processed,q3_density,Z1,cache,740.5080795288086,0,e947e713-5466-462a-9b06-2f4717e345cd,2026-06-03 05:48:46.843937
processed,q3_density,Z1,cache,1.3630390167236328,0,0aa63a5c-9434-44da-9f8d-9566fbdc9b4f,2026-06-03 05:48:46.959723
processed,q5_confidence_dist,Z1,cache,1.089334487915039,0,9db75bbd-c425-4d40-841c-9d6c3493552e,2026-06-03 05:48:47.009229
processed,q4_compare,Z2,cache,1.1444091796875,0,f1866aa6-c277-479f-8c8e-69131c9caab5,2026-06-03 05:48:47.059572
processed,q2_area,Z1,cache,1.4081001281738281,0,ec51a259-7c88-48e3-9b0b-e9d2d75ea11b,2026-06-03 05:48:47.110017
retry,q4_compare,Z3,,0.0,1,fab535a4-b076-4c80-bc19-22ea1d788bb7,2026-06-03 05:48:47.271228
processed,q4_compare,Z1,cache,1.3158321380615234,0,7e5c0d89-7997-4c34-8ac4-8d448f26e39e,2026-06-03 05:48:47.361497
processed,q3_density,Z1,cache,1.33514404296875,0,de257fbb-29d5-454c-9853-29885d874f45,2026-06-03 05:48:47.411518
processed,q5_confidence_dist,Z3,cache,1.631021499633789,0,a564139b-fff1-46de-a5b0-cdf663a267a3,2026-06-03 05:48:47.563083
processed,q1_count,Z5,cache,1.4150142669677734,0,18c90669-ec75-4cb4-893b-13105fc6c7de,2026-06-03 05:48:47.663444
processed,q5_confidence_dist,Z4,cache,1.2402534484863281,0,0dd6efab-30b9-49c6-a7d1-34562e43e576,2026-06-03 05:48:47.763497
retry,q4_compare,Z1,,0.0,1,f0067da5-c331-451b-bdb8-8ac84231abeb,2026-06-03 05:48:47.776394
processed,q1_count,Z1,cache,2327.077627182007,0,95487496-8da0-4775-bd35-04a9431915f3,2026-06-03 05:48:47.777967
processed,q2_area,Z1,cache,2830.6214809417725,0,8f276803-8f1e-4e76-9396-07e0a8a91d97,2026-06-03 05:48:47.779233
processed,q3_density,Z2,cache,2882.0812702178955,0,dcd775e7-1f29-4885-a31d-e29969c0f9fd,2026-06-03 05:48:47.780392
processed,q5_confidence_dist,Z5,cache,2381.0768127441406,0,a7b880e5-27e6-4c15-a101-74b08eecc358,2026-06-03 05:48:47.781734
processed,q1_count,Z1,cache,927.6256561279297,0,df9fc0c0-b365-4c55-ad76-732adfd5aa7c,2026-06-03 05:48:47.784402
processed,q3_density,Z4,cache,878.5512447357178,0,bc8fa600-6103-48f4-b72c-cbfcbeee4e5a,2026-06-03 05:48:47.785463
retry,q4_compare,Z4,,0.0,1,8c6e6cbe-4bfb-4c8a-b8a4-8ed3a78e8bfd,2026-06-03 05:48:48.014625
processed,q3_density,Z3,cache,154.7086238861084,0,9c691840-7aed-4f93-9d8f-71d5900e6114,2026-06-03 05:48:48.017581
processed,q1_count,Z1,cache,307.4302673339844,0,6bb3ea7a-18f6-4058-9bd0-fd7cc2b4c80a,2026-06-03 05:48:48.019003
retry,q4_compare,Z1,,0.0,2,f0067da5-c331-451b-bdb8-8ac84231abeb,2026-06-03 05:48:48.778658
processed,q3_density,Z2,cache,667.3874855041504,0,b7de77dc-a636-4f90-ac85-8ef27bc900a3,2026-06-03 05:48:48.781679
retry,q4_compare,Z3,,0.0,2,fab535a4-b076-4c80-bc19-22ea1d788bb7,2026-06-03 05:48:48.789495
retry,q4_compare,Z4,,0.0,2,8c6e6cbe-4bfb-4c8a-b8a4-8ed3a78e8bfd,2026-06-03 05:48:49.022828
processed,q1_count,Z5,cache,1413.7992858886719,0,b1a79d1c-1394-45df-8762-d9eeca7f8124,2026-06-03 05:48:49.025500
processed,q5_confidence_dist,Z2,cache,1215.0318622589111,0,a39104c5-2b11-4750-a5d7-b07b979f735c,2026-06-03 05:48:49.027731
processed,q3_density,Z3,cache,665.245532989502,0,061c54e5-8ceb-45cd-be60-0e0276bb12c7,2026-06-03 05:48:49.030541
processed,q5_confidence_dist,Z2,cache,264.60814476013184,0,2a18fa02-dcf2-4991-a992-4ddf4274c53f,2026-06-03 05:48:49.031713
processed,q1_count,Z5,cache,165.27676582336426,0,a8b855cf-c0af-4628-9003-0631e03fbce7,2026-06-03 05:48:49.032805
processed,q5_confidence_dist,Z5,generator,773.8656997680664,0,cbb6f40f-d014-43a5-bea6-97251fb27917,2026-06-03 05:48:49.038644
processed,q3_density,Z4,cache,373.31390380859375,0,d7ea9f2a-f8ec-41d9-be3e-0d891ba4888b,2026-06-03 05:48:49.039915
processed,q2_area,Z2,cache,324.21112060546875,0,46dbfcd2-bb95-4840-a11b-aec8619b5fbd,2026-06-03 05:48:49.040934
processed,q3_density,Z4,cache,526.2529850006104,0,276785ba-db6a-470c-a9c6-433651dde4f8,2026-06-03 05:48:49.042268
processed,q1_count,Z2,cache,427.0896911621094,0,24680625-bb6f-44fc-9471-5153e2510d57,2026-06-03 05:48:49.043598
processed,q1_count,Z3,cache,227.44464874267578,0,ba321d9e-f06b-43f9-84e8-249bbd337d93,2026-06-03 05:48:49.044895
processed,q3_density,Z2,cache,27.770042419433594,0,e3a33947-72d1-4955-9a57-ac82e76969e6,2026-06-03 05:48:49.046019
processed,q3_density,Z1,cache,1.0361671447753906,0,6162ffb7-b623-4945-a6ac-2c6ef93aad78,2026-06-03 05:48:49.070046
retry,q3_density,Z2,,0.0,1,3f5eb05c-0fd9-46c7-b55d-18e9978a2f6c,2026-06-03 05:48:49.285747
processed,q1_count,Z2,cache,821.5363025665283,0,dc1724ce-d9e7-46fe-99c7-66257657c6bc,2026-06-03 05:48:49.287263
retry,q3_density,Z2,,0.0,1,ef3ae0e4-b557-4c61-ba7e-c35d3a3e18b5,2026-06-03 05:48:49.294881
processed,q2_area,Z5,cache,2790.9440994262695,0,79e6a449-5983-4bc6-aca9-e21120d67c51,2026-06-03 05:48:49.296305
processed,q2_area,Z5,cache,2089.202880859375,0,927a0f97-a6c6-468a-b8cb-e509d760b2d6,2026-06-03 05:48:49.297490
processed,q1_count,Z4,cache,3144.9244022369385,0,f82d5ad7-2588-492f-ba89-fa408794d24d,2026-06-03 05:48:49.298577
processed,q2_area,Z2,cache,3045.602321624756,0,d93f35bf-17a5-4c66-aa0f-317641480dd5,2026-06-03 05:48:49.299695
processed,q3_density,Z2,cache,2142.7412033081055,0,ed58718d-6249-47be-a8fc-b9917d8e2e53,2026-06-03 05:48:49.300756
processed,q3_density,Z4,cache,3399.2466926574707,0,89f3264e-16cc-4397-8027-b0376d99fc2d,2026-06-03 05:48:49.301836
processed,q1_count,Z4,cache,2697.3140239715576,0,ebe67ac9-c1c9-4297-9637-4dcbbc6761d7,2026-06-03 05:48:49.302908
processed,q4_compare,Z3,cache,1995.0971603393555,0,dd20b3f5-dea4-478d-b7c2-37176cb6a43e,2026-06-03 05:48:49.304320
processed,q1_count,Z1,cache,1845.5736637115479,0,62b9ac97-9552-485b-b050-e4b0ad136385,2026-06-03 05:48:49.305685
processed,q1_count,Z1,cache,2048.3052730560303,0,a6163c5c-bcac-4281-9691-2da5b2032703,2026-06-03 05:48:49.306978
dlq,q4_compare,Z1,,0.0,3,f0067da5-c331-451b-bdb8-8ac84231abeb,2026-06-03 05:48:49.311810
processed,q3_density,Z2,generator,3363.743305206299,1,ef3ae0e4-b557-4c61-ba7e-c35d3a3e18b5,2026-06-03 05:48:49.317202
recovered,q3_density,Z2,generator,3363.743305206299,1,ef3ae0e4-b557-4c61-ba7e-c35d3a3e18b5,2026-06-03 05:48:49.319165
dlq,q4_compare,Z3,,0.0,3,fab535a4-b076-4c80-bc19-22ea1d788bb7,2026-06-03 05:48:49.322608
processed,q4_compare,Z2,generator,1265.7923698425293,0,97100f1d-a4b7-484a-be2f-810914c4b44b,2026-06-03 05:48:49.330045
processed,q3_density,Z4,cache,363.5244369506836,0,53c96a8f-b872-4a7a-beed-ed59362a962d,2026-06-03 05:48:49.331967
processed,q4_compare,Z3,generator,120.6669807434082,0,93590ef0-d16b-489c-91f1-495b56de4282,2026-06-03 05:48:49.340843
retry,q4_compare,Z5,,0.0,1,550e303f-2264-4146-99d0-1e86fef09053,2026-06-03 05:48:49.623117
processed,q3_density,Z2,cache,1662.5044345855713,1,3f5eb05c-0fd9-46c7-b55d-18e9978a2f6c,2026-06-03 05:48:49.625907
processed,q4_compare,Z3,cache,307.2531223297119,0,69388f46-2b0c-49d3-964a-1937906fdd53,2026-06-03 05:48:49.627858
processed,q3_density,Z2,cache,1.2440681457519531,0,5f87df81-087b-4f6a-85cd-9078a095a61e,2026-06-03 05:48:49.674150
retry,q2_area,Z3,,0.0,1,38fafcc3-951f-48f6-acb1-5d84c49e42a3,2026-06-03 05:48:49.791304
processed,q4_compare,Z2,generator,1383.9771747589111,0,a3d8a56a-9260-4bc9-a6d8-b40efe01c284,2026-06-03 05:48:49.799936
processed,q4_compare,Z5,generator,691.1046504974365,1,550e303f-2264-4146-99d0-1e86fef09053,2026-06-03 05:48:49.810252
recovered,q4_compare,Z5,generator,691.1046504974365,1,550e303f-2264-4146-99d0-1e86fef09053,2026-06-03 05:48:49.812137
processed,q4_compare,Z4,generator,2309.1046810150146,2,8c6e6cbe-4bfb-4c8a-b8a4-8ed3a78e8bfd,2026-06-03 05:48:49.819718
recovered,q4_compare,Z4,generator,2309.1046810150146,2,8c6e6cbe-4bfb-4c8a-b8a4-8ed3a78e8bfd,2026-06-03 05:48:49.821782
retry,q1_count,Z5,,0.0,1,39f97b3d-5b79-4115-a05d-6caf0d667bd4,2026-06-03 05:48:49.845307
processed,q5_confidence_dist,Z2,cache,1934.0112209320068,0,45d88453-ef73-402c-b3d8-571c3a533044,2026-06-03 05:48:49.846822
processed,q3_density,Z5,cache,1281.9206714630127,0,bedf4cb6-f961-4d2a-bf72-23968446a312,2026-06-03 05:48:49.847986
processed,q3_density,Z2,cache,1534.2020988464355,0,b3abd446-4ffb-47ea-8e97-d988f05f7c3c,2026-06-03 05:48:49.849348
processed,q3_density,Z4,cache,1686.2993240356445,0,e575598b-9511-4532-a084-b892f8a89b84,2026-06-03 05:48:49.850626
processed,q3_density,Z2,cache,1.2629032135009766,0,2715c17e-e2f3-4ed9-93e9-0c6541cadc4b,2026-06-03 05:48:50.026136
processed,q1_count,Z1,generator,5.176305770874023,0,5549b123-1624-4719-9637-43415fc992ce,2026-06-03 05:48:50.079798
processed,q4_compare,Z5,generator,6.5631866455078125,0,61b36424-c873-465d-b88f-dc50e5a02327,2026-06-03 05:48:50.281809
retry,q1_count,Z5,,0.0,1,89fe4f39-015b-4f34-aba5-29226a6b7f51,2026-06-03 05:48:50.355090
processed,q4_compare,Z2,cache,1.2996196746826172,0,9a3fe4bc-c889-4343-941d-fbfeea4f3e21,2026-06-03 05:48:50.377586
processed,q1_count,Z2,cache,1.338958740234375,0,bd968e72-6474-4fe3-b8f7-d13947edb3f8,2026-06-03 05:48:50.578863
retry,q2_area,Z3,,0.0,2,38fafcc3-951f-48f6-acb1-5d84c49e42a3,2026-06-03 05:48:50.827368
processed,q5_confidence_dist,Z5,cache,1659.8212718963623,0,adacdf2d-9af7-41fb-9662-4f47c3f403cc,2026-06-03 05:48:50.829894
processed,q1_count,Z4,cache,1.5959739685058594,0,d1d6a745-6734-4345-8f5d-52f24563d84c,2026-06-03 05:48:50.880991
processed,q4_compare,Z4,cache,1.3446807861328125,0,81d72457-fbe1-40e5-adf8-1806ba4fe215,2026-06-03 05:48:50.931520
processed,q4_compare,Z4,generator,8.04448127746582,0,9e0d63f3-a315-469b-a8c1-da25c83fa2b9,2026-06-03 05:48:50.987758
processed,q5_confidence_dist,Z1,cache,1.4963150024414062,0,42019da0-db1b-4603-b970-0626f238b567,2026-06-03 05:48:51.082337
retry,q5_confidence_dist,Z3,,0.0,1,e2f3c8b2-0f07-4443-b24b-8a95383255be,2026-06-03 05:48:51.334648
processed,q5_confidence_dist,Z5,cache,1865.4289245605469,0,6a707713-223d-4bcd-8dbd-6a0d9d1eaf82,2026-06-03 05:48:51.337128
processed,q4_compare,Z1,cache,1616.3299083709717,0,72cd1821-0c91-4681-8058-4c9485e29093,2026-06-03 05:48:51.339114
processed,q1_count,Z1,cache,2070.554733276367,0,3568aa48-f122-429e-b7e1-09aa511be4dd,2026-06-03 05:48:51.340542
processed,q2_area,Z4,cache,1921.3461875915527,0,cecc6534-adbf-41ad-8149-1b1f99a848b0,2026-06-03 05:48:51.342422
processed,q4_compare,Z5,cache,1571.2876319885254,0,9870dc61-b014-4cb6-a65c-6050c994035d,2026-06-03 05:48:51.344330
processed,q2_area,Z3,generator,3138.021469116211,2,38fafcc3-951f-48f6-acb1-5d84c49e42a3,2026-06-03 05:48:51.352634
recovered,q2_area,Z3,generator,3138.021469116211,2,38fafcc3-951f-48f6-acb1-5d84c49e42a3,2026-06-03 05:48:51.354543
processed,q1_count,Z5,generator,3346.2581634521484,1,89fe4f39-015b-4f34-aba5-29226a6b7f51,2026-06-03 05:48:51.359644
retry,q1_count,Z5,,0.0,2,39f97b3d-5b79-4115-a05d-6caf0d667bd4,2026-06-03 05:48:51.361041
recovered,q1_count,Z5,generator,3346.2581634521484,1,89fe4f39-015b-4f34-aba5-29226a6b7f51,2026-06-03 05:48:51.361911
processed,q4_compare,Z5,cache,1238.649845123291,0,4a68d5e5-53f0-4a41-aff3-94fd46934bd0,2026-06-03 05:48:51.363291
processed,q4_compare,Z1,cache,1540.7078266143799,0,11350d96-97d2-4434-b5af-33c27070d4f5,2026-06-03 05:48:51.364045
processed,q1_count,Z3,cache,1994.131326675415,0,b2898b17-de93-42be-afcb-ff5e3ce3ba7d,2026-06-03 05:48:51.364843
processed,q3_density,Z4,cache,838.7393951416016,0,a19c4ec2-0f09-467b-beb2-1b03c8bb2dd4,2026-06-03 05:48:51.365313
processed,q4_compare,Z4,cache,890.1782035827637,0,28b1558b-1fad-4693-9db1-2eaebe0149c8,2026-06-03 05:48:51.366378
processed,q2_area,Z1,cache,740.4732704162598,0,5024a177-121f-403e-8195-f98168ec6a24,2026-06-03 05:48:51.367670
processed,q3_density,Z4,cache,1395.3883647918701,0,5f89a6cb-5e4a-4851-9e9b-fbfa70df1085,2026-06-03 05:48:51.369135
processed,q4_compare,Z3,generator,1044.1241264343262,0,3d61c077-d6e2-41de-a43e-dfd6b086a500,2026-06-03 05:48:51.369878
processed,q5_confidence_dist,Z4,cache,1196.2311267852783,0,eae9cd7d-febd-4384-82dd-8058aecd6bc7,2026-06-03 05:48:51.371216
processed,q1_count,Z1,cache,1799.9377250671387,0,552cae27-0dbf-4991-a70d-e2e68b94b999,2026-06-03 05:48:51.371769
processed,q5_confidence_dist,Z4,cache,946.6536045074463,0,071989b9-eade-4d4d-b0c7-8cec8e24f456,2026-06-03 05:48:51.373154
processed,q5_confidence_dist,Z4,cache,1500.0066757202148,0,bc68b683-fbfa-4fe9-8d6b-7d8b09db1569,2026-06-03 05:48:51.373611
processed,q1_count,Z4,cache,143.80478858947754,0,adf9c8d5-25fc-4309-9482-5d41f9588fb1,2026-06-03 05:48:51.375355
processed,q3_density,Z2,cache,1150.1519680023193,0,ad135c29-06ee-4fdf-bd0a-cf6d36c6ad50,2026-06-03 05:48:51.375408
processed,q2_area,Z3,cache,1755.1546096801758,0,5972202e-78a9-4661-abb5-7bee75329b53,2026-06-03 05:48:51.377290
processed,q2_area,Z1,cache,1453.4664154052734,0,dd5b2a75-928b-463a-a15f-9b44ccf4457c,2026-06-03 05:48:51.377350
processed,q3_density,Z1,cache,600.6605625152588,0,45ed5cea-c5d2-41dd-a14e-2e50ec6f1f97,2026-06-03 05:48:51.379371
processed,q1_count,Z2,cache,1.188039779663086,0,beaa6aac-f418-425f-8d0d-91a2caf324e5,2026-06-03 05:48:51.584914
processed,q3_density,Z3,cache,1.1246204376220703,0,65215b92-02a0-4353-9957-f6d49cde7c18,2026-06-03 05:48:51.635068
retry,q4_compare,Z3,,0.0,1,fcedd4dc-82d2-495e-ba3f-95a52e42325a,2026-06-03 05:48:51.685359
processed,q2_area,Z4,generator,4.164934158325195,0,60fd0911-b5d3-4ff7-b805-c406b234ddb6,2026-06-03 05:48:51.687999
processed,q1_count,Z5,cache,2770.6058025360107,2,39f97b3d-5b79-4115-a05d-6caf0d667bd4,2026-06-03 05:48:51.689042
processed,q1_count,Z3,cache,1.264810562133789,0,e171d136-23d1-4bab-9dee-fa87bde146d3,2026-06-03 05:48:51.786625
retry,q4_compare,Z5,,0.0,1,4c5d89af-0e76-4c2d-acbc-21a2b57815d6,2026-06-03 05:48:52.339277
retry,q5_confidence_dist,Z3,,0.0,2,e2f3c8b2-0f07-4443-b24b-8a95383255be,2026-06-03 05:48:52.382893
processed,q3_density,Z2,cache,1556.2264919281006,0,ef829f76-5ca8-4ef1-b57e-83ebf261121a,2026-06-03 05:48:52.385334
processed,q4_compare,Z2,cache,1709.338903427124,0,ecf14d4c-e64b-4365-888f-e1d5c6605d9d,2026-06-03 05:48:52.387204
processed,q1_count,Z1,cache,1660.8831882476807,0,10746471-8c26-48dd-b8f5-39091719c9c6,2026-06-03 05:48:52.389093
processed,q1_count,Z3,cache,1109.1246604919434,0,edbe63c2-fe87-4c24-a455-e79fdc087064,2026-06-03 05:48:52.390917
retry,q4_compare,Z3,,0.0,2,fcedd4dc-82d2-495e-ba3f-95a52e42325a,2026-06-03 05:48:52.692905
processed,q2_area,Z1,cache,1312.587022781372,0,790c0346-37cc-471b-958c-9dd395fa84a5,2026-06-03 05:48:52.695342
processed,q4_compare,Z5,generator,1370.957851409912,0,d8ab9060-e7f4-4417-bc33-ba94197be6a5,2026-06-03 05:48:52.702882
processed,q3_density,Z2,cache,1272.0749378204346,0,bb215ec5-5c18-454b-a694-631a7903a6d8,2026-06-03 05:48:52.704596
processed,q4_compare,Z5,generator,879.706859588623,1,4c5d89af-0e76-4c2d-acbc-21a2b57815d6,2026-06-03 05:48:52.714601
recovered,q4_compare,Z5,generator,879.706859588623,1,4c5d89af-0e76-4c2d-acbc-21a2b57815d6,2026-06-03 05:48:52.716419
processed,q3_density,Z5,generator,837.6162052154541,0,b0451587-d996-4c43-8633-6d5ff06fb460,2026-06-03 05:48:52.722641
retry,q3_density,Z4,,0.0,1,c82bf632-399a-4680-91f8-b90349ac1b00,2026-06-03 05:48:52.846483
processed,q1_count,Z1,cache,511.0454559326172,0,5870963a-3afa-473f-a415-f58d7c2f5290,2026-06-03 05:48:52.848941
processed,q2_area,Z2,cache,915.3602123260498,0,ffcbf007-233f-45d9-b17f-f00019591268,2026-06-03 05:48:52.850947
retry,q1_count,Z2,,0.0,1,7e727f7b-b65c-4eb1-95c4-2056575801b5,2026-06-03 05:48:52.895402
processed,q2_area,Z5,cache,1766.5610313415527,0,d9520331-be35-46b5-b3b4-6092bad51ae3,2026-06-03 05:48:52.897178
processed,q4_compare,Z5,cache,411.5574359893799,0,194e249b-86dc-4d24-9ebb-0195664be495,2026-06-03 05:48:52.899733
processed,q1_count,Z5,cache,312.4887943267822,0,963427d0-aa3a-4f50-a6bb-0e8c34b2c570,2026-06-03 05:48:52.900964
processed,q4_compare,Z3,cache,62.267303466796875,0,3333dca6-4c8e-4215-bb60-3cd32bc80c3d,2026-06-03 05:48:52.902024
dlq,q4_compare,Z3,,0.0,3,fcedd4dc-82d2-495e-ba3f-95a52e42325a,2026-06-03 05:48:52.905130
processed,q4_compare,Z5,cache,1373.5675811767578,0,466d650b-b3d1-464b-847a-e63de5467e23,2026-06-03 05:48:52.906372
processed,q4_compare,Z5,cache,369.274377822876,0,4236610d-7373-48b6-871c-dc6369843c36,2026-06-03 05:48:52.907441
processed,q3_density,Z3,generator,1430.5529594421387,0,dba3323b-ce2a-4374-b8a4-c2ce013c012b,2026-06-03 05:48:52.913600
processed,q3_density,Z2,cache,1.3322830200195312,0,00cda5d7-5ea5-4eb1-8cda-8d385155ac4d,2026-06-03 05:48:53.143805
retry,q5_confidence_dist,Z3,,0.0,1,9f90409a-e1ff-47a1-8538-36b12cdfc546,2026-06-03 05:48:53.227029
processed,q1_count,Z1,cache,1092.3280715942383,0,ed05df60-70e8-4cc7-8eb9-ffb4a95872fd,2026-06-03 05:48:53.228585
processed,q5_confidence_dist,Z1,cache,1143.984317779541,0,64995206-59ae-4d8e-872c-27f8ea4afeeb,2026-06-03 05:48:53.229708
processed,q3_density,Z3,cache,793.1687831878662,0,7b7244b8-018e-480d-ae5d-5f7018585b4d,2026-06-03 05:48:53.230737
processed,q4_compare,Z5,cache,1.2645721435546875,0,14a5a298-8efa-494a-a0dd-5b06969da17b,2026-06-03 05:48:53.344075
retry,q5_confidence_dist,Z4,,0.0,1,41fb58d9-8da6-4bae-98f8-6e605d1c4e26,2026-06-03 05:48:53.354834
processed,q4_compare,Z1,cache,1320.634365081787,0,7362177f-64e0-4254-b790-bc2d3fdde607,2026-06-03 05:48:53.356405
processed,q1_count,Z5,cache,1171.2915897369385,0,edc25c3e-53cf-44c1-8cb5-69026160694d,2026-06-03 05:48:53.357727
processed,q5_confidence_dist,Z4,generator,1125.972032546997,0,d47d0966-8c7c-4b6d-917a-48a9d1f77c88,2026-06-03 05:48:53.362771
processed,q5_confidence_dist,Z3,generator,3849.074125289917,2,e2f3c8b2-0f07-4443-b24b-8a95383255be,2026-06-03 05:48:53.370663
recovered,q5_confidence_dist,Z3,generator,3849.074125289917,2,e2f3c8b2-0f07-4443-b24b-8a95383255be,2026-06-03 05:48:53.372205
processed,q1_count,Z4,cache,1.0426044464111328,0,dd4c3d63-2f0b-429c-8ede-a5fe37f18b30,2026-06-03 05:48:53.494747
processed,q1_count,Z3,cache,1.1014938354492188,0,f455ff0f-933a-4261-8716-9d04a137135f,2026-06-03 05:48:53.645437
processed,q3_density,Z4,cache,1.1310577392578125,0,ea0bb32a-3235-4830-af8a-291ec557349e,2026-06-03 05:48:53.695659
retry,q1_count,Z2,,0.0,2,7e727f7b-b65c-4eb1-95c4-2056575801b5,2026-06-03 05:48:54.236118
processed,q3_density,Z4,cache,1196.7997550964355,0,05d39052-ed89-437c-96f5-dcb319c85a37,2026-06-03 05:48:54.238011
retry,q3_density,Z4,,0.0,2,c82bf632-399a-4680-91f8-b90349ac1b00,2026-06-03 05:48:54.377472
processed,q5_confidence_dist,Z3,cache,2644.946336746216,1,9f90409a-e1ff-47a1-8538-36b12cdfc546,2026-06-03 05:48:54.379014
processed,q4_compare,Z5,cache,1138.5374069213867,0,f2ef5d1b-7308-4f37-9579-22211cb49621,2026-06-03 05:48:54.380444
processed,q4_compare,Z4,cache,1994.1864013671875,0,fe735bb5-afa9-43a2-8f28-289c573c9587,2026-06-03 05:48:54.381731
processed,q3_density,Z4,cache,1442.52347946167,0,3b5bf5b4-8cae-4148-804f-abfc566ad6de,2026-06-03 05:48:54.382833
processed,q4_compare,Z5,cache,1694.9284076690674,0,6523e44c-ea50-483a-b5d6-a8b2dd4dbf30,2026-06-03 05:48:54.383900
retry,q3_density,Z3,,0.0,1,54c09d0f-413f-4f5c-a9ba-9504c466abf9,2026-06-03 05:48:54.399491
retry,q2_area,Z4,,0.0,1,c3fcf716-a424-4fdd-8b92-09155fb1eceb,2026-06-03 05:48:54.743284
processed,q2_area,Z1,cache,1854.6428680419922,0,fe66cc34-4220-49f1-8057-634f321549aa,2026-06-03 05:48:54.745069
retry,q4_compare,Z2,,0.0,1,f67ba397-c721-48fb-a4c2-e35482d044eb,2026-06-03 05:48:54.888745
processed,q2_area,Z5,cache,2100.569248199463,0,35851d05-abc3-4e21-9dab-0a31c793dc9a,2026-06-03 05:48:54.890241
processed,q2_area,Z2,cache,1700.120210647583,0,8f62bfd4-4ec8-443c-b518-88b090456eb4,2026-06-03 05:48:54.891977
retry,q1_count,Z4,,0.0,1,78a94b60-1ba5-4d1d-93f4-14022badfd46,2026-06-03 05:48:55.249427
processed,q5_confidence_dist,Z5,cache,2159.804344177246,0,131833f1-519b-453b-874d-b3fcfd872efe,2026-06-03 05:48:55.250960
processed,q5_confidence_dist,Z4,cache,2967.024326324463,1,41fb58d9-8da6-4bae-98f8-6e605d1c4e26,2026-06-03 05:48:55.254122
processed,q1_count,Z2,generator,4230.373382568359,2,7e727f7b-b65c-4eb1-95c4-2056575801b5,2026-06-03 05:48:55.260289
recovered,q1_count,Z2,generator,4230.373382568359,2,7e727f7b-b65c-4eb1-95c4-2056575801b5,2026-06-03 05:48:55.261806
processed,q3_density,Z4,generator,3280.82537651062,2,c82bf632-399a-4680-91f8-b90349ac1b00,2026-06-03 05:48:55.266454
recovered,q3_density,Z4,generator,3280.82537651062,2,c82bf632-399a-4680-91f8-b90349ac1b00,2026-06-03 05:48:55.267801
processed,q5_confidence_dist,Z3,cache,1173.3918190002441,0,3deb4a5d-70c3-48c1-8e73-0428716834fc,2026-06-03 05:48:55.269050
processed,q3_density,Z5,cache,120.01919746398926,0,973e6969-191a-43f5-b07e-1cf11ba513a0,2026-06-03 05:48:55.270190
processed,q1_count,Z2,cache,1828.7603855133057,0,4532b34e-7ed3-441a-a33f-f6d118f350b1,2026-06-03 05:48:55.271303
processed,q1_count,Z2,cache,1478.2803058624268,0,58fe5fb5-a8e5-4d05-bebc-76da41749ca8,2026-06-03 05:48:55.272415
processed,q4_compare,Z1,cache,173.5689640045166,0,ddd2b1de-a5ea-4437-ba38-afc4ffcda58f,2026-06-03 05:48:55.273490
retry,q3_density,Z5,,0.0,1,cf2a6372-f94f-48fb-9c8c-7fc8aef92866,2026-06-03 05:48:55.396494
processed,q4_compare,Z1,cache,1253.3109188079834,0,406b3ade-f05a-4403-8466-408a09911849,2026-06-03 05:48:55.399405
retry,q3_density,Z3,,0.0,2,54c09d0f-413f-4f5c-a9ba-9504c466abf9,2026-06-03 05:48:55.405016
processed,q2_area,Z4,cache,1160.0635051727295,0,ee8e56fb-0e17-41b9-ad6c-c478859cd5bb,2026-06-03 05:48:55.406429
processed,q1_count,Z3,cache,1362.2496128082275,0,1165e559-ca94-46e0-9015-39ca280dd930,2026-06-03 05:48:55.407583
processed,q3_density,Z3,cache,1112.2722625732422,0,0b7945c2-8e33-462f-bed1-31f5fb408019,2026-06-03 05:48:55.408792
processed,q4_compare,Z2,generator,2777.7788639068604,1,f67ba397-c721-48fb-a4c2-e35482d044eb,2026-06-03 05:48:55.416877
recovered,q4_compare,Z2,generator,2777.7788639068604,1,f67ba397-c721-48fb-a4c2-e35482d044eb,2026-06-03 05:48:55.418114
processed,q4_compare,Z1,generator,123.21996688842773,0,a22dfabb-0c7f-46eb-ad4f-35512aabbc97,2026-06-03 05:48:55.424238
retry,q4_compare,Z5,,0.0,1,bf5b687e-493c-48ca-8ce7-14ab7543e364,2026-06-03 05:48:55.903861
processed,q5_confidence_dist,Z4,cache,2362.231731414795,0,1fcc1643-e9e0-442c-b7a6-dcc5e947374c,2026-06-03 05:48:55.905813
processed,q5_confidence_dist,Z4,cache,1710.9792232513428,0,38b71adc-4499-4cae-8c6c-301d53a368f0,2026-06-03 05:48:55.907069
processed,q1_count,Z4,cache,557.0309162139893,0,c2357fbe-030e-473d-b82a-47909cea4211,2026-06-03 05:48:55.908554
processed,q5_confidence_dist,Z4,cache,1161.3435745239258,0,8e619158-568d-4807-9975-6746699fe14c,2026-06-03 05:48:55.909856
processed,q4_compare,Z1,generator,1017.5092220306396,0,882d0024-b984-453c-af96-b353ecdf86a5,2026-06-03 05:48:55.916810
processed,q5_confidence_dist,Z2,cache,1973.2420444488525,0,652229f4-4ce9-46ac-9bfd-1366e750eedb,2026-06-03 05:48:55.918174
processed,q4_compare,Z1,cache,1472.2158908843994,0,8dd9bb85-ee90-4116-88bb-037b89fb8cf2,2026-06-03 05:48:55.919298
processed,q2_area,Z2,cache,2076.038360595703,0,ee920bb4-31ac-465e-945c-3e5a5cfbb314,2026-06-03 05:48:55.920393
processed,q4_compare,Z4,cache,1926.4709949493408,0,f0474577-8c65-4ad8-bc47-613c1db47d47,2026-06-03 05:48:55.921482
processed,q3_density,Z1,cache,671.943187713623,0,aaaf5d35-298b-434e-a1fb-b01a8668fd18,2026-06-03 05:48:55.922543
processed,q3_density,Z3,generator,2033.5602760314941,2,54c09d0f-413f-4f5c-a9ba-9504c466abf9,2026-06-03 05:48:55.928319
recovered,q3_density,Z3,generator,2033.5602760314941,2,54c09d0f-413f-4f5c-a9ba-9504c466abf9,2026-06-03 05:48:55.929523
processed,q3_density,Z1,cache,428.78150939941406,0,67966ac7-cd0a-4b99-9b07-57a7d1ea379d,2026-06-03 05:48:55.930690
processed,q1_count,Z3,cache,27.87470817565918,0,10f05eaa-1b90-40ad-bab4-537b33720195,2026-06-03 05:48:55.931839
retry,q2_area,Z4,,0.0,2,c3fcf716-a424-4fdd-8b92-09155fb1eceb,2026-06-03 05:48:56.277077
processed,q2_area,Z3,cache,1479.9647331237793,0,aa249066-9f9e-4015-a577-9a42aee802cf,2026-06-03 05:48:56.279281
processed,q5_confidence_dist,Z5,cache,2888.148784637451,0,121e7672-cd56-4fa0-8dc8-c399c020f9e8,2026-06-03 05:48:56.280626
processed,q1_count,Z1,generator,1235.7447147369385,0,dbc22f1c-0683-4151-a29f-8036255f6dd7,2026-06-03 05:48:56.285595
processed,q2_area,Z1,cache,2693.618059158325,0,5916a41d-4942-41e8-aa39-af3e81a9767f,2026-06-03 05:48:56.287033
processed,q5_confidence_dist,Z3,cache,1891.3540840148926,0,f4edca88-2a42-45a1-91c6-b0f06196b623,2026-06-03 05:48:56.288300
processed,q5_confidence_dist,Z1,cache,1591.310739517212,0,b1c28485-257a-454e-b6d8-357c1562c06b,2026-06-03 05:48:56.289499
processed,q5_confidence_dist,Z4,cache,2546.7381477355957,0,febdf3f6-02f7-4e6d-86c4-6b008531e999,2026-06-03 05:48:56.290627
processed,q2_area,Z2,cache,1794.4295406341553,0,76dcbc18-fa2f-4990-9d67-98dc07496044,2026-06-03 05:48:56.291899
retry,q1_count,Z4,,0.0,2,78a94b60-1ba5-4d1d-93f4-14022badfd46,2026-06-03 05:48:56.427899
processed,q2_area,Z5,cache,1781.3279628753662,0,fc4f87ae-6a7f-4c90-ba6f-0732e928e2f3,2026-06-03 05:48:56.429668
processed,q5_confidence_dist,Z2,cache,1883.2950592041016,0,c65ce9b1-bbad-4c02-a2e8-3cdd7cc1ea52,2026-06-03 05:48:56.430955
retry,q4_compare,Z2,,0.0,1,dfe5acfd-8763-491c-b6cd-6e8af18d37a2,2026-06-03 05:48:56.435309
processed,q4_compare,Z1,generator,638.3001804351807,0,3d710f7f-8bd6-40ac-bc3f-cdafe9491459,2026-06-03 05:48:56.441955
retry,q1_count,Z3,,0.0,1,3f5a5f86-4e11-4f28-a5bc-f643d2146b81,2026-06-03 05:48:56.797768
processed,q4_compare,Z5,cache,543.4353351593018,0,92d38aa3-90d0-47fc-a372-c01fce9a18a3,2026-06-03 05:48:56.800149
processed,q5_confidence_dist,Z3,cache,797.0030307769775,0,a8515850-ed75-4c09-8bc7-fa6bc34868ad,2026-06-03 05:48:56.801772
processed,q3_density,Z3,cache,647.8731632232666,0,d14683cf-1d64-4cbf-84e0-595c52d11976,2026-06-03 05:48:56.803453
processed,q5_confidence_dist,Z3,cache,1152.1542072296143,0,5089885e-9838-4061-b206-c827c41f21f0,2026-06-03 05:48:56.804931
processed,q4_compare,Z3,cache,98.90151023864746,0,dbf53165-0cb9-4ef2-ba8f-cc69ebe7d4cd,2026-06-03 05:48:56.807091
retry,q3_density,Z1,,0.0,1,37968871-1ad2-45b0-96a8-c2e4bf1066de,2026-06-03 05:48:56.946324
dlq,q2_area,Z4,,0.0,3,c3fcf716-a424-4fdd-8b92-09155fb1eceb,2026-06-03 05:48:56.951969
processed,q2_area,Z3,cache,295.40109634399414,0,0446ad9b-7efc-458b-8e4e-5e55671d79b5,2026-06-03 05:48:56.953406
processed,q4_compare,Z5,cache,648.5631465911865,0,e0d29972-1f3f-43f2-a2bf-3a6f28b10b0b,2026-06-03 05:48:56.954606
processed,q2_area,Z2,cache,46.73361778259277,0,4bb88af1-0e52-4b7b-948d-0e8e1b6e4323,2026-06-03 05:48:56.955817
processed,q2_area,Z1,cache,500.1962184906006,0,f3e8eac8-5ad8-48a5-97db-3f0e8d924896,2026-06-03 05:48:56.957043
processed,q1_count,Z3,cache,551.6371726989746,0,4905e3b9-9df8-4a49-a917-f3372becce7b,2026-06-03 05:48:56.958704
processed,q4_compare,Z2,cache,1.0902881622314453,0,3d130b4a-965b-4b91-b923-1bbca180ec7c,2026-06-03 05:48:57.111759
processed,q4_compare,Z5,cache,1.2347698211669922,0,2e6483f7-2a40-4134-b382-377e5bad38b5,2026-06-03 05:48:57.162185
processed,q3_density,Z2,cache,0.9970664978027344,0,79adaa24-7f8a-4e7d-9692-debf5ce2af65,2026-06-03 05:48:57.262242
processed,q5_confidence_dist,Z5,cache,1.142740249633789,0,7a1fae5f-a4dc-4ee9-9898-53acce69f21a,2026-06-03 05:48:57.413314
retry,q3_density,Z5,,0.0,2,cf2a6372-f94f-48fb-9c8c-7fc8aef92866,2026-06-03 05:48:57.434586
processed,q4_compare,Z5,cache,2838.1097316741943,0,f0e70799-38a9-4b6b-8fa4-17c2940dae09,2026-06-03 05:48:57.436068
processed,q5_confidence_dist,Z4,cache,2437.675714492798,0,21fac587-aa28-4658-a3b8-91036b40a37e,2026-06-03 05:48:57.437173
processed,q5_confidence_dist,Z5,cache,2036.8950366973877,0,d49d636d-c896-458b-ba59-ac734faaddc1,2026-06-03 05:48:57.438189
processed,q4_compare,Z3,cache,2590.4381275177,0,384ee85b-2325-4aa9-98ef-daa164f9e151,2026-06-03 05:48:57.439233
processed,q1_count,Z2,cache,2491.0151958465576,0,25ecdfbd-7cc0-4e76-9b89-72c6c60d26a6,2026-06-03 05:48:57.440298
processed,q3_density,Z3,cache,2241.014003753662,0,15345752-33d0-4523-addb-ddf7672071a4,2026-06-03 05:48:57.441431
processed,q4_compare,Z5,generator,3104.4743061065674,1,bf5b687e-493c-48ca-8ce7-14ab7543e364,2026-06-03 05:48:57.451883
recovered,q4_compare,Z5,generator,3104.4743061065674,1,bf5b687e-493c-48ca-8ce7-14ab7543e364,2026-06-03 05:48:57.453509
processed,q3_density,Z4,cache,1.312255859375,0,ba8d31d2-d251-40b5-bff7-2d7b0c4696db,2026-06-03 05:48:57.564416
retry,q1_count,Z3,,0.0,2,3f5a5f86-4e11-4f28-a5bc-f643d2146b81,2026-06-03 05:48:57.810807
processed,q5_confidence_dist,Z3,cache,1455.869436264038,0,b294002d-bdb8-454d-bb6c-47f2dc84c6d7,2026-06-03 05:48:57.812596
processed,q3_density,Z5,generator,4527.411699295044,2,cf2a6372-f94f-48fb-9c8c-7fc8aef92866,2026-06-03 05:48:57.819976
recovered,q3_density,Z5,generator,4527.411699295044,2,cf2a6372-f94f-48fb-9c8c-7fc8aef92866,2026-06-03 05:48:57.821306
processed,q4_compare,Z1,cache,461.40408515930176,0,164b8691-b788-491f-a0de-58c28893b78a,2026-06-03 05:48:57.822611
processed,q3_density,Z1,generator,1974.6088981628418,1,37968871-1ad2-45b0-96a8-c2e4bf1066de,2026-06-03 05:48:57.828775
recovered,q3_density,Z1,generator,1974.6088981628418,1,37968871-1ad2-45b0-96a8-c2e4bf1066de,2026-06-03 05:48:57.830639
processed,q4_compare,Z4,cache,822.4742412567139,0,e417ad7f-4a19-4cba-8c91-b7dcaf9f3c24,2026-06-03 05:48:57.832368
